Tên,Giá,Link,Kích thước màn hình,Công nghệ màn hình,Camera sau,Camera trước,Chipset,Công nghệ NFC,Bộ nhớ trong,Thẻ SIM,Hệ điều hành,Độ phân giải màn hình,Tính năng màn hình,Loại CPU,Dung lượng RAM,Pin,Tương thích,Cảm biến
iPhone 17 Pro 256GB | Chính hãng,34.590.000đ,https://cellphones.com.vn/iphone-17-pro.html,6.3 inches,Super Retina XDR,Chính: 48MP khẩu độ ƒ/1.6 OIS hỗ trợ chụp 24MP hoặc 48MPGóc Siêu Rộng: 48MP khẩu độ ƒ/2.2 góc nhìn 120°Telephoto: 48MP khẩu độ ƒ/2.8 OIS zoom quang học lên đến 8x,Camera 18MP Center Stage Khẩu độ ƒ/1.9,Chip A19 Pro,Có,256 GB,Sim kép (nano-Sim và e-Sim) - Hỗ trợ 2 e-Sim,iOS 26,2622 x 1206  pixels,"Màn hình Luôn Bật, ProMotion 120Hz, HDR, True Tone, Dải màu rộng (P3), Haptic Touch, Tỷ lệ tương phản 2.000.000:1, Độ sáng 1000 nit (tiêu chuẩn), 1600 nit (HDR), 3000 nit (ngoài trời) / tối thiểu 1 nit, Lớp phủ kháng dầu, Chống phản chiếu, Hỗ trợ đa ngôn",CPU 6 lõi với 2 lõi hiệu năng và 4 lõi tiết kiệm điện,,,,
OPPO Find X9s 12GB 256GB,23.990.000đ,https://cellphones.com.vn/dien-thoai-oppo-find-x9s.html,6.59 inches,AMOLED,Góc siêu rộng: 50MP; Góc rộng: 50MP; Telephoto: 50MP,32MP,MediaTek Dimensity 9500s,Có,256 GB,Dual nano-SIM hoặc 1 nano-SIM + 1 eSIM,ColorOS 16.0,1256 x 2760 pixels,"Tần số lấy mẫu cảm ứng 240Hz, 1.07 tỷ màu (10 bits), 100% DCI-P3, 460 PPI, Độ sáng tối đa 1800nits (HBM), Kính bảo vệ Corning® Gorilla® Glass 7i",8 nhân,12 GB,7025 mAh,,
iPhone 17 Pro Max 256GB | Chính hãng,36.990.000đ,https://cellphones.com.vn/iphone-17-pro-max.html,6.9 inches,Super Retina XDR,Chính: 48MP khẩu độ ƒ/1.6 OIS hỗ trợ chụp 24MP hoặc 48MPGóc Siêu Rộng: 48MP khẩu độ ƒ/2.2 góc nhìn 120°Telephoto: 48MP khẩu độ ƒ/2.8 OIS zoom quang học lên đến 8x,Camera 18MP Center Stage Khẩu độ ƒ/1.9,Chip A19 Pro,Có,256 GB,Sim kép (nano-Sim và e-Sim) - Hỗ trợ 2 e-Sim,iOS 26,2868 x 1320 pixels,"Màn hình Luôn Bật, ProMotion 120Hz, HDR, True Tone, Dải màu rộng (P3), Haptic Touch, Tỷ lệ tương phản 2.000.000:1, Độ sáng 1000 nit (tiêu chuẩn), 1600 nit (HDR), 3000 nit (ngoài trời) / tối thiểu 1 nit, Lớp phủ kháng dầu, Chống phản chiếu, Hỗ trợ đa ngôn",CPU 6 lõi với 2 lõi hiệu năng và 4 lõi tiết kiệm điện,,,Tương thích với thiết bị trợ thính,
Samsung Galaxy S26 Ultra 12GB 256GB,30.490.000đ,https://cellphones.com.vn/dien-thoai-samsung-galaxy-s26-ultra.html,6.9 inches,Dynamic AMOLED 2X,Camera siêu rộng: 50MPCamera góc rộng: 200MPCamera Tele (5x): 50MPCamera Tele (3x): 10MP,12MP,Snapdragon 8 Elite Gen 5 dành cho Galaxy (3nm),Có,256 GB,2 Nano-SIM + eSIM,,3120 x 1440 pixels (Quad HD+),Tần số quét: 1-120HzĐộ sáng tối đa: 2600 nits,,12 GB,5000 mAh,,
Samsung Galaxy S26 12GB 256GB,20.490.000đ,https://cellphones.com.vn/dien-thoai-samsung-galaxy-s26.html,6.3 inches,Dynamic AMOLED 2X,Camera siêu rộng: 12MPCamera góc rộng: 50MPCamera Tele: 10MP,12MP,Exynos 2600 (2nm),Có,256 GB,2 Nano-SIM + eSIM,,2340 x 1080-pixel,Tần số quét: 1-120HzĐộ sáng tối đa: 2600 nits,,12 GB,4300 mAh,,
Samsung Galaxy S25 Ultra 12GB 256GB,25.990.000đ,https://cellphones.com.vn/dien-thoai-samsung-galaxy-s25-ultra.html,6.9 inches,Dynamic AMOLED 2X,"Camera siêu rộng 50MPCamera góc rộng 200 MPCamera Tele (5x) 50MPCamera Tele (3x) 10MP""",12 MP,Snapdragon 8 Elite dành cho Galaxy (3nm),Có,256 GB,2 Nano-SIM + eSIM,Android 15,3120 x 1440 pixels (Quad HD+),120Hz2600 nitsCorning® Gorilla® Armor 2,,12 GB,5000 mAh,,
iPhone 17 256GB | Chính hãng,24.390.000đ,https://cellphones.com.vn/iphone-17-256gb.html,6.3 inches,Super Retina XDR OLED,48MP Fusion Main f/1.6 OIS12MP Tele 2x f/1.6 OIS48MP Ultra Wide f/2.2 120°,"18MP Center Stage, f/1.9, PDAF",Apple A19,Có,256 GB,Sim kép (nano-Sim và e-Sim) - Hỗ trợ 2 e-Sim,iOS 26,2622 x 1206  pixels,"Dynamic IslandMàn hình luôn bậtHDR460 ppiTrue ToneDải màu rộng (P3)Haptic TouchTỷ lệ tương phản 2.000.000:1Độ sáng 1000 nit (typ)Đỉnh 1600 nit (HDR)Đỉnh 3000 nit (ngoài trời)Lớp phủ chống vân tay, chống phản chi",6 lõi (2 hiệu năng + 4 tiết kiệm điện),,Xem video: 30 giờXem video trực tuyến: 27 giờ,,
Điện thoại Itel P55 Plus NFC 8GB 256GB,3.190.000đ,https://cellphones.com.vn/dien-thoai-itel-p55-plus-8gb-256gb.html,6.6 inches,,Camera góc rộng: 50 MP,8 MP,Unisoc T606,Có,256 GB,,Android 13,,Tần số quét 90Hz,Octa-core Processor,8 GB,5000mAh,,
OPPO Reno15 F 5G 8GB 256GB,11.490.000đ,https://cellphones.com.vn/dien-thoai-oppo-reno15-f.html,6.57 inches,AMOLED,"Chính 50MP f/1.8 (OIS, AF) + Góc siêu rộng 8MP f/2.2 + Macro 2MP f/2.4","50MP f/2.0, hỗ trợ AF",Qualcomm Snapdragon 6 Gen 1 5G,Có,256 GB,2 Nano SIM (Sim 2 chung khe với thẻ nhớ),ColorOS 16.0,1080 x 2372 pixels (FullHD+),"1.07 tỷ màu (10-bit), DCI-P3 100%, Độ sáng tối đa 1400 nits",8 nhân,8 GB,7000mAh,,
iPhone 15 128GB | Chính hãng VN/A,17.890.000đ,https://cellphones.com.vn/iphone-15.html,6.1 inches,Super Retina XDR OLED,Chính 48 MP & Phụ 12 MP,"12MP, ƒ/1.9",Apple A16 Bionic 6 nhân,Có,128 GB,2 SIM (nano‑SIM và eSIM),iOS 17,2556 x 1179 pixels,Dynamic Island HDR display True Tone Wide color (P3) Haptic TouchLớp phủ oleophobia chống dấu vân tayĐộ sáng tối đa: 2000 nitsMặt kính cảm ứng: Kính cường lực Ceramic ShieldTần số quét 60 Hz,CPU 6 lõi với 2 lõi hiệu năng và 4 lõi tiết kiệm điện,6 GB,3349 mAh,,
iPhone Air 256GB | Chính hãng,22.890.000đ,https://cellphones.com.vn/iphone-air-256gb.html,6.5 inches,Super Retina XDR,48MP Fusion Main f/1.6,18MP Center Stage f/1.6,Chip A19 Pro,Có,256 GB,2 eSIM,iOS 26,2736 x 1260 pixels,"Dynamic IslandMàn hình luôn bậtHDR460 ppiTrue ToneDải màu rộng (P3)Haptic TouchTỷ lệ tương phản 2.000.000:1Độ sáng 1000 nit (typ)Đỉnh 1600 nit (HDR)Đỉnh 3000 nit (ngoài trời)Lớp phủ chống vân tay, chống phản chi",6 lõi (2 hiệu năng + 4 tiết kiệm điện),,Xem video: 27 giờXem video trực tuyến: 22 giờ,,
Samsung Galaxy A17 5G 8GB 128GB,5.690.000đ,https://cellphones.com.vn/dien-thoai-samsung-galaxy-a17-5g.html,6.7 inches,Super AMOLED,"Chính 50 MPPhụ 5 MP, 2 MP",13 MP,Exynos 1330,Có,128 GB,2 Nano SIM (Sim 2 chung khe với thẻ nhớ),Android 15,1080 x 2340 pixels (FullHD+),Độ sáng tối đa 800 nitsKính cường lực Corning Gorilla Glass 7,8 nhân (2 nhân 2.4 GHz & 6 nhân 2.0 GHz),8 GB,Li-Ion 5000 mAh,,
Samsung Galaxy Z Flip7 12GB 256GB,22.990.000đ,https://cellphones.com.vn/dien-thoai-samsung-galaxy-z-flip-7.html,6.9 inches,Dynamic AMOLED 2X,"50 MP, F1.8 + 12 MP, F2.2","10MP, F2.2",,Có,256 GB,2 Nano-SIM,Android,,"Tần số quét: 120 HzĐộ phân giải màn hình chính: 2520 x 1080 (FHD+)Kích cỡ màn hình phụ: 4.1""Độ phân giải màn hình phụ: 1048 x 948Công nghệ màn hình phụ: Super AMOLEDĐộ sâu màu sắc: 16M","10 nhân, 3.3 GHz, 2.74GHz, 2.36GHz, 1.8GHz",12 GB,4300mAh,,
Samsung Galaxy A57 5G 8GB 128GB,10.960.000đ,https://cellphones.com.vn/dien-thoai-samsung-galaxy-a57.html,6.7 inches,Super AMOLED Plus,Camera chính: 50MPGóc siêu rộng 12MPMacro 5MP,12MP,Exynos 1680,Có,128 GB,,Android 16,1080 x 2340 pixels (FullHD+),Tần số quét: 120Hz16 triệu màu1900 nits,"1 nhân 2.9 GHz, 3 nhân 2.6 GHz & 4 nhân 1.95 GHz",8 GB,5000 mAh,,
Nubia Neo 5 5G 8GB 128GB,6.990.000đ,https://cellphones.com.vn/dien-thoai-nubia-neo-5-5g.html,6.8 inches,,50MP AF + 2MP,16MP FF,Unisoc T9300,Có,128 GB,2 Nano-SIM + eSIM,MyOS 16 (Dựa trên Android 16),,Độ phân giải màn hình: 1940 × 900pixelsĐộ sáng 1000 nits,Octa-core 2.4GHz,8 GB,6050mAh,,
Samsung Galaxy A07 4GB 128GB,3.190.000đ,https://cellphones.com.vn/dien-thoai-samsung-galaxy-a07.html,6.7 inches,IPS LCD,Chính 50 MPPhụ 2 MP,8 MP,MediaTek Helio G99,Không,128 GB,2 Nano-SIM,Android 15,720 x 1600 pixel,Độ sáng tối đa 480 nitsKính cường lực Panda,8 nhân (2 nhân 2.2 GHz & 6 nhân 2.0 GHz),4 GB,Li-Ion 5000 mAh,,
Nubia Neo 5 GT 8GB 256GB,8.990.000đ,https://cellphones.com.vn/dien-thoai-nubia-neo-5-gt.html,6.8 inches,AMOLED,50MP AF + 2MP,16MP FF,MediaTek D7400,Có,256 GB,2 Nano-SIM + eSIM,MyOS 16 (dựa trên Android 16),,Độ phân giải màn hình 1.5KĐộ sáng 4500 nits,Octa-core 2.6GHz,8 GB,6210mAh,,
Xiaomi Redmi Note 14 Pro Plus 5G 8GB 256GB,7.990.000đ,https://cellphones.com.vn/dien-thoai-xiaomi-redmi-note-14-pro-plus.html,6.67 inches,AMOLED,"Chính 200MP, OIS - f/1.65  Góc siêu rộng 8MP - f/2.2 Macro 2MP - f/2.4",Camera trước - f/2.2,Snapdragon® 7s Gen 3,Có,256 GB,2 Nano-SIM,Android 14,2712 x 1220 pixels,"Tần số quét: Lên đến 120Hz  Độ sáng: 3000 nits   Độ sâu màu: 12-bit  Tỷ lệ tương phản: 5,000,000:1","8 nhân, xung nhịp 2.5Ghz",8 GB,5110 mAh,,
OPPO Find N6 16GB 512GB,63.990.000đ,https://cellphones.com.vn/dien-thoai-oppo-find-n6.html,8.12 inches,AMOLED,"200MP chính, f/1.8, OIS50MP telephoto, f/2.7, OIS50MP siêu rộng, f/2.0, 120°2MP monochrome, f/2.4",20MP màn hình trong20MP màn hình ngoài,Snapdragon® 8 Elite Gen 5,Có,512 GB,Dual nano-SIM hoặc 1 nano-SIM + 1 eSIM,ColorOS 16.0,,"1 - 120Hz adaptive, Cảm ứng 240Hz, 10-bit (1.07 tỷ màu), 100% DCI-P3, Tối đa 1800 nits, 412 - 431 PPI",7 nhân,16 GB,6000 mAh,,
HONOR X9d 5G 12GB 256GB,11.190.000đ,https://cellphones.com.vn/dien-thoai-honor-x9d-12gb-256gb.html,6.79 inches,AMOLED,Camera chính 108MP (F1.75) + Camera góc rộng 5MP (F2.2),16MP (F2.45),Snapdragon 6 Gen 4,Có,256 GB,2 Nano-SIM,MagicOS 9.0 (Dựa trên Android 15）,1200 x 2640 pixels,"100% DCI-P3, 1,07 tỷ màu800 nits (điển hình), 1800 nits (chế độ HBM), 6000 nits (chế độ APL)Bảo vệ mắtMàn hình ban đêm sinh họcGiảm độ sáng độngKhử nháy sáng PWM 3840Hz",8 nhân (1× A720 2.3GHz + 3× A720 2.2GHz + 4× A520 1.8GHz),12 GB,8300 mAh,,
Điện thoại Meizu Mblu Note 21 Pro NFC 8GB 256GB,3.990.000đ,https://cellphones.com.vn/dien-thoai-meizu-mblu-note-21-pro.html,6.78 inches,IPS LCD,64 MP + 2 MP,13 MP,Mediatek Helio G99 (6 nm),Có,256 GB,2 Nano-SIM,"Android 14, Flyme AIOS",1080 x 2400 pixels (FullHD+),"Mật độ điểm ảnh 388ppi, tần số quét 120Hz, độ sáng tối đa 550 nits",8 nhân (2 x 2.2 GHz Cortex-A76 và  6 x 2.0 GHz Cortex-A55),8 GB,5000mAh,,
iPhone 16 Pro Max 512GB | Chính hãng VN/A,38.490.000đ,https://cellphones.com.vn/iphone-16-pro-max-512gb.html,6.9 inches,Super Retina XDR OLED,"Camera chính: 48MP, f/1.78, 24mm, 2µm, chống rung quang học dịch chuyển cảm biến thế hệ thứ hai, Focus Pixels 100%Telephoto 2x 12MP: 52 mm, ƒ/1.6 Camera góc siêu rộng: 48MP, 13 mm,ƒ/2.2 và trường ảnh 120°, Hybrid Focus Pixels, ảnh có độ phân giải","12MP, ƒ/1.9, Tự động lấy nét theo pha Focus Pixels",Apple A18 Pro,Có,512 GB,Sim kép (nano-Sim và e-Sim) - Hỗ trợ 2 e-Sim,iOS 18,2868 x 1320 pixels,Dynamic IslandMàn hình Luôn Bật Công nghệ ProMotion với tốc độ làm mới thích ứng lên đến 120Hz Màn hình HDR True Tone Dải màu rộng (P3) Haptic Touch Tỷ lệ tương phản 2.000.000:1,CPU 6 lõi mới với 2 lõi hiệu năng và 4 lõi hiệu suất,,,Tương Thích Với Thiết Bị Trợ Thính,
iPhone 17e 256GB | Chính hãng,17.490.000đ,https://cellphones.com.vn/iphone-17e.html,6.1 inches,Super Retina XDR,"48MP, ƒ/1.6Telephoto 2x: 12MP, ƒ/1.6","12MP, ƒ/1.9",Apple A19,Có,256 GB,2 SIM (nano‑SIM và eSIM),iOS 26,2532 x 1170 pixels,HDR460 ppiTrue ToneDải màu rộng (P3)Haptic TouchTỷ lệ tương phản 2.000.000:1Độ sáng 800 nit (tiêu chuẩn)Độ sáng đỉnh: 1200 nit (HDR),6 lõi với 2 lõi hiệu năng và 4 lõi tiết kiệm điện,,Xem video: 26 giờXem video trực tuyến: 21 giờ,,
OPPO Find X9 Ultra 12GB 512GB,48.990.000đ,https://cellphones.com.vn/dien-thoai-oppo-find-x9-ultra.html,6.82 inches,AMOLED,Chính 200MP (OIS) + Tele 200MP (OIS) + Tele siêu xa 50MP (OIS) + Siêu rộng 50MP + Đơn sắc 3.2MP,50MP,Snapdragon® 8 Elite Gen 5 Mobile Platform,Có,512 GB,2 Nano-SIM + eSIM,ColorOS 16.0,3168 x 1440 pixel,"Tần số quét thích ứng 1-120Hz (tối đa 144Hz), 1.07 tỷ màu, 510 PPI, Độ sáng tối đa 1800 nits (HBM), 100% DCI-P3",8 nhân,12 GB,7050 mAh,,
Xiaomi Redmi Note 15 6GB 128GB,5.490.000đ,https://cellphones.com.vn/dien-thoai-xiaomi-redmi-note-15.html,6.77 inches,AMOLED,Camera chính 108MP ƒ/1.7 + Camera phụ 2MP ƒ/2.4,20MP ƒ/2.2,MediaTek Helio G100-Ultra,,128 GB,,Xiaomi HyperOS 2,1080 x 2392 pixels,"Độ sáng tối đa 3200 nits, 12-bit, DCI-P3, PWM 3840Hz, TÜV Rheinland giảm ánh sáng xanh, TÜV Rheinland thân thiện nhịp sinh học, TÜV Rheinland Flicker Free",,6 GB,6000 mAh,,
Samsung Galaxy Z Fold7 12GB 256GB,40.990.000đ,https://cellphones.com.vn/dien-thoai-samsung-galaxy-z-fold-7.html,8.0 inches,Dynamic AMOLED 2X,"200 MP, F1.7 + 12 MP, F2.2 + 10 MP, F2.4","10MP, F2.2",Snapdragon® 8 Elite 3nm for Galaxy,Có,256 GB,2 Nano-SIM,Android,,"Tần số quét: 120 HzĐộ phân giải màn hình chính: 2184 x 1968 (QXGA+)Kích cỡ màn hình phụ: 6.5""Độ phân giải màn hình phụ: 2520 x 1080 (FHD+)Độ sâu màu sắc: 16M","8 nhân, 4.47GHz, 3.5GHz",12 GB,4400mAh,,
Samsung Galaxy A06 5G 4GB 128GB,2.590.000đ,https://cellphones.com.vn/dien-thoai-samsung-galaxy-a06-5g.html,6.7 inches,PLS LCD,"50.0 MP, f/1.8 2.0 MP, f/2.4","8.0 MP, f/2.0",Mali-G57,,128 GB,2 Nano SIM (Sim 2 chung khe với thẻ nhớ),Android,720 x 1600 pixel,"16 triệu màu, 60Hz,  576 nits",2 nhân 2.0 GHz & 6 nhân 1.8 GHz,4 GB,5000 mAh,,
Samsung Galaxy A56 5G 8GB 128GB,8.990.000đ,https://cellphones.com.vn/dien-thoai-samsung-galaxy-a56.html,6.7 inches,Super AMOLED,"50.0 MP, F/1.8  + 12.0 MP, F/2.2  + 5.0 MP, F/2.4","12.0 MP, F/2.2",Exynos 1580,Có,128 GB,SIM 1 + SIM 2 / SIM 1 + eSIM / 2 eSIM,Android,1080 x 2340 pixels (FullHD+),"16 triệu màu, 120 Hz, 1200 nit, kính cường lực Corning Gorilla Glass Victus+","8 nhân 2.9GHz, 2.6GHz, 1.9GHz",8 GB,5000 mAh,,
iPhone 17 Pro Max 512GB | Chính hãng,43.790.000đ,https://cellphones.com.vn/iphone-17-pro-max-512gb.html,6.9 inches,Super Retina XDR,Chính: 48MP khẩu độ ƒ/1.6 OIS hỗ trợ chụp 24MP hoặc 48MPGóc Siêu Rộng: 48MP khẩu độ ƒ/2.2 góc nhìn 120°Telephoto: 48MP khẩu độ ƒ/2.8 OIS zoom quang học lên đến 8x,Camera 18MP Center Stage Khẩu độ ƒ/1.9,Chip A19 Pro,Có,512 GB,,iOS 26,2868 x 1320 pixels,"Màn hình Luôn Bật, ProMotion 120Hz, HDR, True Tone, Dải màu rộng (P3), Haptic Touch, Tỷ lệ tương phản 2.000.000:1, Độ sáng 1000 nit (tiêu chuẩn), 1600 nit (HDR), 3000 nit (ngoài trời) / tối thiểu 1 nit, Lớp phủ kháng dầu, Chống phản chiếu, Hỗ trợ đa ngôn",CPU 6 lõi với 2 lõi hiệu năng và 4 lõi tiết kiệm điện,,,Tương thích với thiết bị trợ thính,
iPhone 16 128GB | Chính hãng VN/A,20.590.000đ,https://cellphones.com.vn/iphone-16.html,6.1 inches,Super Retina XDR OLED,"Camera chính: 48MP, f/1.6, 26mm, Focus Pixels 100%, hỗ trợ ảnh có độ phân giải siêu cao Camera góc siêu rộng: 12MP, ƒ/2.2, 13 mm, Focus Pixels 100%, Độ phóng đại quang học 2x, độ thu nhỏ quang học 2x; phạm vi thu phóng quang học 4x Độ thu phóng kỹ thu","12MP, ƒ/1.9, Tự động lấy nét theo pha Focus Pixels",Apple A18,Có,128 GB,Sim kép (nano-Sim và e-Sim) - Hỗ trợ 2 e-Sim,iOS 18,2556 x 1179 pixels,Dynamic IslandMàn hình HDRTrue ToneDải màu rộng (P3)Haptic TouchTỷ lệ tương phản 2.000.000:1Độ sáng tối đa 1000 nit460 ppiLớp phủ kháng dầu chống in dấu vân tayHỗ trợ hiển thị đồng thời nhiều ngôn ngữ và ký tự,CPU 6 lõi mới với 2 lõi hiệu năng và 4 lõi tiết kiệm điện,8 GB,,,
Nubia V80 Design 8GB 128GB,3.990.000đ,https://cellphones.com.vn/dien-thoai-nubia-v80-design.html,6.75 inches,IPS LCD,50 MP + 2 MP + 0.08 MP,16 MP,Unisoc T7280,Có,128 GB,2 Nano-SIM,,,Tần số quét 120Hz,,8 GB,5000 mAh,,
Samsung Galaxy S25 FE 8GB 128GB,12.560.000đ,https://cellphones.com.vn/dien-thoai-samsung-galaxy-s25-fe.html,6.7 inches,Dynamic AMOLED 2X,"50MP, f/1.8 góc rộng12MP, f/2.2 góc siêu rộng8MP, f/2.4 Tele","12MP, f/2.2",Exynos 2400,Có,128 GB,2 Nano-SIM + eSIM,"Android 16, One UI 8",1080 x 2340 pixels (FullHD+),Độ sáng tối đa 1900 nitsGorilla® Victus+16 triệu màu,"10 nhân (3.2 GHz, 2.9 GHz, 2.6 GHz, 1.95 GHz)",8 GB,4900 mAh,,
Xiaomi 15T 5G 12GB 512GB,12.490.000đ,https://cellphones.com.vn/dien-thoai-xiaomi-15t-5g.html,6.83 inches,AMOLED,"Chính: 50MP (23mm, f/1.7, OIS, Light Fusion 800)Tele: 50MP (46mm, f/1.9)Góc siêu rộng: 12MP (15mm, f/2.2, 120° FOV)","32MP, f/2.2, tiêu cự 21mm",MediaTek Dimensity 8400-Ultra,,512 GB,Nano-SIM,"Xiaomi HyperOS 2, tích hợp Xiaomi HyperAI & Google Gemini",,"Độ sáng tối đa 3200 nits (25% vùng hiển thị)68 tỷ màuDCI-P3Chứng nhận TÜV Rheinland (Low Blue Light, Flicker Free, Circadian Friendly)",,12 GB,5500mAh,,
OPPO Reno15 5G 12GB 256GB,16.490.000đ,https://cellphones.com.vn/dien-thoai-oppo-reno15.html,6.59 inches,AMOLED,Chính 50MP f/1.8 (OIS) + Telephoto 50MP f/2.8 (OIS) + Góc siêu rộng 8MP f/2.2,50MP f/2.0,Qualcomm Snapdragon 7 Gen4 5G,Có,256 GB,Dual nano-SIM hoặc 1 nano-SIM + 1 eSIM,ColorOS 16.0,1256 x 2760 pixels,"Cảm ứng 240Hz, 100% DCI-P3, 10-bit (1.07 tỷ màu), Độ sáng tối đa 1200 nits",8 nhân,12 GB,6500 mAh,,
HONOR X7d 8GB 256GB,6.290.000đ,https://cellphones.com.vn/dien-thoai-honor-x7d.html,6.77 inches,TFT LCD,"108 MP, f/1.8 + 2MP","8MP, f/2.0",Qualcomm Snapdragon 685,,256 GB,Nano-SIM,"Android 15, MagicOS 9.0",,"Độ phân giải HD+ (720 × 1.610 px), 120 Hz","8 nhân: 4 × Cortex-A73 (2,8 GHz) + 4 × Cortex-A53 (1,9 GHz)",8 GB,6500 mAh,,
HONOR 400 Pro 5G 12GB 512GB,15.490.000đ,https://cellphones.com.vn/dien-thoai-honor-400-pro-5g.html,6.7 inches,AMOLED,"Camera chính AI siêu nét 200MP (f/1.9, OIS) + 50MP Camera Tele (f/2.4 , OIS) + 12MP Camera Góc Siêu Rộng (f/2.2)",50MP (khẩu độ f/2.0),Snapdragon 8 Gen 3,Có,512 GB,2 Nano SIM hoặc 1 Nano + 1 eSIM,MagicOS 9.0 (Android 15),2800 x 1280 pixels,1.07 tỷ màu,8 nhân,12 GB,6000 mAh,,
POCO X8 Pro Max 12GB 256GB,14.290.000đ,https://cellphones.com.vn/dien-thoai-xiaomi-poco-x8-pro-max.html,6.83 inches,AMOLED,"50 MP f/1.5 (cảm biến Light Hunter 600, OIS) + 8 MP (góc siêu rộng)",20 MP,MediaTek Dimensity 9500s,,256 GB,Dual nano-SIM hoặc 1 nano-SIM + 1 eSIM,Xiaomi HyperOS 3 (Android 16),2772 x 1280 pixels,"Độ sáng tối đa 3.500 nits, PWM 3840Hz, 68 tỷ màu, dải màu DCI-P3, HDR10+",1 × Cortex-X925 (tối đa 3.73GHz) + 3 × Cortex-X4 (tối đa 3.3GHz) + 4 × Cortex-A720 (tối đa 2.4GHz),12 GB,8.500 mAh,,
TECNO CAMON 40 8GB 128GB,4.990.000đ,https://cellphones.com.vn/dien-thoai-tecno-camon-40.html,6.78 inches,AMOLED,"50MP, ƒ/1.8Góc siêu rộng 8MP",32MP,Mediatek Helio G100 Ultimate,Có,128 GB,2 Nano-SIM,Android 15,,Màn hình phẳngFHD+Tần số quét 120HzĐộ sáng màn hình 1300 nitsHDR,,8 GB,5200 mAh,,
iPhone 17 Pro 512GB | Chính hãng,40.890.000đ,https://cellphones.com.vn/iphone-17-pro-512gb.html,6.3 inches,Super Retina XDR,Chính: 48MP khẩu độ ƒ/1.6 OIS hỗ trợ chụp 24MP hoặc 48MPGóc Siêu Rộng: 48MP khẩu độ ƒ/2.2 góc nhìn 120°Telephoto: 48MP khẩu độ ƒ/2.8 OIS zoom quang học lên đến 8x,Camera 18MP Center Stage Khẩu độ ƒ/1.9,Chip A19 Pro,Có,512 GB,Sim kép (nano-Sim và e-Sim) - Hỗ trợ 2 e-Sim,iOS 26,2622 x 1206  pixels,"Màn hình Luôn Bật, ProMotion 120Hz, HDR, True Tone, Dải màu rộng (P3), Haptic Touch, Tỷ lệ tương phản 2.000.000:1, Độ sáng 1000 nit (tiêu chuẩn), 1600 nit (HDR), 3000 nit (ngoài trời) / tối thiểu 1 nit, Lớp phủ kháng dầu, Chống phản chiếu, Hỗ trợ đa ngôn",CPU 6 lõi với 2 lõi hiệu năng và 4 lõi tiết kiệm điện,,,,
iPhone 17 Pro Max 1TB | Chính hãng,50.090.000đ,https://cellphones.com.vn/iphone-17-pro-max-1tb.html,6.9 inches,Super Retina XDR,Chính: 48MP khẩu độ ƒ/1.6 OIS hỗ trợ chụp 24MP hoặc 48MPGóc Siêu Rộng: 48MP khẩu độ ƒ/2.2 góc nhìn 120°Telephoto: 48MP khẩu độ ƒ/2.8 OIS zoom quang học lên đến 8x,Camera 18MP Center Stage Khẩu độ ƒ/1.9,Chip A19 Pro,Có,1 TB,Sim kép (nano-Sim và e-Sim) - Hỗ trợ 2 e-Sim,iOS 26,2868 x 1320 pixels,"Màn hình Luôn Bật, ProMotion 120Hz, HDR, True Tone, Dải màu rộng (P3), Haptic Touch, Tỷ lệ tương phản 2.000.000:1, Độ sáng 1000 nit (tiêu chuẩn), 1600 nit (HDR), 3000 nit (ngoài trời) / tối thiểu 1 nit, Lớp phủ kháng dầu, Chống phản chiếu, Hỗ trợ đa ngôn",CPU 6 lõi với 2 lõi hiệu năng và 4 lõi tiết kiệm điện,,,Tương thích với thiết bị trợ thính,
ZTE Nubia Z60S Pro 16GB 512GB,10.990.000đ,https://cellphones.com.vn/dien-thoai-zte-nubia-z60s-pro-16gb-512gb.html,6.78 inches,AMOLED,"Camera chính: 50MP, f/1.56Camera Tele: 8MP, f/2.4Camera góc siêu rộng: 50MP","16MP, f/2.45",Snapdragon 8 Gen 2 (4 nm),Có,512 GB,2 Nano-SIM,Android 14,2160 x 1440 pixels,"Tần số quét 120 Hz, 1200 nits, 452PPI, 100% DCI-P3, 1,07 tỷ màu sắc",,16 GB,5100 mAh,,
Xiaomi POCO X7 Pro 5G 12GB 256GB,8.790.000đ,https://cellphones.com.vn/dien-thoai-poco-x7-pro-5g.html,6.67 inches,AMOLED,50MP,,Dimensity 8400-Ultra,Có,256 GB,2 SIM (Nano-SIM),Android 14,1220 x 2712 pixels,"3200 nits, Tần số quét 120Hz, Dolby Vison",,12 GB,6000 mAh,,
iPhone 14 128GB  | Chính hãng VN/A,13.990.000đ,https://cellphones.com.vn/iphone-14.html,6.1 inches,OLED,"Camera góc rộng: 12MP, ƒ/1.5Camera góc siêu rộng: 12MP, ƒ/2.4","12MP, ƒ/1.9",Apple A15 Bionic 6 nhân,Có,128 GB,2 SIM (nano‑SIM và eSIM),iOS 16,2532 x 1170 pixels,"Tần số quét 60Hz, 1200 nits, Kính cường lực Ceramic Shield,  Super Retina XDR",3.22 GHz,6 GB,"3,279mAh",,
Nubia V80 Max 8GB 256GB,4.190.000đ,https://cellphones.com.vn/dien-thoai-nubia-v80-max.html,6.9 inches,IPS LCD,50 MP + 2 MP + 0.08 MP,16 MP,Unisoc T7250,Có,256 GB,2 Nano-SIM,,,Tần số quét 120Hz,,8 GB,6000 mAh,,
iPhone 15 256GB | Chính hãng VN/A,20.790.000đ,https://cellphones.com.vn/iphone-15-256gb.html,6.1 inches,Super Retina XDR OLED,Chính 48 MP & Phụ 12 MP,"12MP, ƒ/1.9",Apple A16 Bionic 6 nhân,Có,256 GB,2 SIM (nano‑SIM và eSIM),iOS 17,2556 x 1179 pixels,Dynamic Island HDR display True Tone Wide color (P3) Haptic TouchLớp phủ oleophobia chống dấu vân tayĐộ sáng tối đa: 2000 nitsMặt kính cảm ứng: Kính cường lực Ceramic ShieldTần số quét 60 Hz,CPU 6 lõi với 2 lõi hiệu năng và 4 lõi tiết kiệm điện,6 GB,3349 mAh,,
iPhone 13 128GB | Chính hãng VN/A,11.990.000đ,https://cellphones.com.vn/iphone-13.html,6.1 inches,Super Retina XDR OLED,"Camera góc rộng: 12MP, f/1.6  Camera góc siêu rộng: 12MP, ƒ/2.4","12MP, f/2.2",Apple A15,Có,128 GB,2 SIM (nano‑SIM và eSIM),iOS 15,2532 x 1170 pixels,"Màn hình super Retina XDR, OLED, 460 ppi, HDR display, công nghệ True Tone Wide color (P3), Haptic Touch, Lớp phủ oleophobic chống bám vân tay",3.22 GHz,4 GB,3240mAh,,
Samsung Galaxy A37 5G 8GB 128GB,9.990.000đ,https://cellphones.com.vn/dien-thoai-samsung-galaxy-a37.html,6.7 inches,Super AMOLED,Camera chính: 50MPGóc siêu rộng 12MPMacro 5MP,12MP,Exynos 1480,Có,128 GB,,Android 16,1080 x 2340 pixels (FullHD+),Tần số quét: 120Hz1900 nits,4 nhân 2.75 GHz & 4 nhân 2 GHz,8 GB,5000 mAh,,
iPhone 16e 128GB | Chính hãng VN/A,12.990.000đ,https://cellphones.com.vn/iphone-16e.html,6.1 inches,Super Retina XDR,"Hệ thống camera 2 trong 1Fusion 48MP: 26 mm, khẩu độ ƒ/1.6, chống rung quang học, Hybrid Focus Pixels, ảnh có độ phân giải siêu cao (24MP và 48MP)Đồng thời hỗ trợ Telephoto 2x 12MP: 52 mm, khẩu độ ƒ/1.6, chống rung quang học, Hybrid Focus Pixels",Camera 12MP Khẩu độ ƒ/1.9 Camera TrueDepth hỗ trợ nhận diện khuôn mặt,Chip A18,Có,128 GB,Sim kép (nano-Sim và e-Sim) - Hỗ trợ 2 e-Sim,iOS 18,2532 x 1170 pixels,Màn hình HDR True Tone Dải màu rộng (P3) Haptic Touch Tỷ lệ tương phản 2.000.000:1 (tiêu chuẩn) Độ sáng tối đa 800 nit (tiêu chuẩn); độ sáng đỉnh 1200 nit (HDR) Lớp phủ kháng dầu chống in dấu vân tay Thu Phóng Màn Hình,CPU 6 lõi mới với 2 lõi hiệu năng và 4 lõi tiết kiệm điện,,Thời gian xem video Lên đến 26 giờ Thời gian xem video (trực tuyến) Lên đến 21 giờThời gian nghe nhạc Lên đến 90 giờ,Sạc USB-C Sạc không dây (tương thích sạc không dây Qi lên đến 7.5W),
Samsung Galaxy S24 Plus 12GB 256GB,16.090.000đ,https://cellphones.com.vn/samsung-galaxy-s24-plus.html,6.7 inches,Dynamic AMOLED 2X,"Camera chính góc rộng: 50 MP, f/1.8, Dual Pixel PDAF, OISCamera tele: 10 MP, f/2.4, PDAF, OIS, zoom quang học 3xCamera góc siêu rộng: 12 MP, f/2.2, 120˚","12 MP, f/2.2",Exynos 2400,Có,256 GB,SIM 1 + SIM 2 / SIM 1 + eSIM / 2 eSIM,"Android 14, One UI 6.1",3120 x 1440 pixels (Quad HD+),"120Hz, Độ sáng tối đa 2600 nits, Corning® Gorilla® Glass Victus® 2, 16 triệu màu","3.2GHz,2.9GHz,2.6GHz,1.95GHz",12 GB,"4,900mAh",,
Samsung Galaxy A26 5G 8GB 128GB,6.690.000đ,https://cellphones.com.vn/dien-thoai-samsung-galaxy-a26.html,6.7 inches,Super AMOLED,50MP + 8MP + 2MP,13MP,Exynos 1380 (Quartz),Có,128 GB,2 Nano-SIM,Android 15,1080 x 2340 pixels (FullHD+),"Tần số quét 120Hz, 800 nits, Mặt kính Gorilla Glass Victus","2.4GHz,2GHz, Octa-Core",8 GB,5000 mAh,,
Xiaomi Redmi Note 14 5G 8GB 256GB,6.490.000đ,https://cellphones.com.vn/dien-thoai-xiaomi-redmi-note-14-5g.html,6.67 inches,AMOLED,"108MP, ƒ/1.78MP góc siêu rộng, ƒ/2.22MP Macro, ƒ/2.4","20MP, ƒ/2.2",MediaTek Dimensity 7025 - Ultra,Có,256 GB,2 SIM (Nano-SIM),Xiaomi HyperOS,1080 x 2400 pixels (FullHD+),Tần số quét 120HzĐộ sáng 2100 nitsĐộ sâu màu 8 bitĐộ tương phản 5.000.000:1Giải màu rộng DCI-P3960Hz PWM dimmingCorning Gorilla Glass 5,"Octa-core processor, up to 2.5GHzTiền trình 6nm",8 GB,5110mAh,,
OPPO Find X8 16GB 512GB,19.490.000đ,https://cellphones.com.vn/dien-thoai-oppo-find-x8.html,6.59 inches,AMOLED,50MP OIS (Chính) + 50MP (Chân dung Tele) + 50MP (Góc rộng),"32MP, khẩu độ F/2.4",MediaTek Dimensity 9400,Có,512 GB,Dual nano-SIM hoặc 1 nano-SIM + 1 eSIM,"ColorOS 15, nền tảng Android 15",1256 x 2760 pixels,"Tần số quét: 120Hz, Kính cường lực GG 7i  Độ sáng tối đa: 1600 nits  Màu sắc hiển thị: 1 tỷ màu",8 nhân,16 GB,5630 mAh,,
Điện thoại Meizu Mblu 22 Pro NFC 6GB 256GB,2.990.000đ,https://cellphones.com.vn/dien-thoai-meizu-mblu-22-pro-6gb-256gb.html,6.79 inches,TFT LCD,"50 MP, AF f/1.8Camera macro: 2 MP,  f/2.4","5 MP, f/2.0",MediaTek Helio G81,Có,256 GB,2 Nano-SIM,Android 15,720 x 1640 pixels,,Octa-core,6 GB,5000 mAh,,
Nubia Neo 3 GT 12GB 256GB,7.490.000đ,https://cellphones.com.vn/dien-thoai-nubia-neo-3-gt-12gb-256gb.html,6.8 inches,OLED,50MP + 2MP,16MP,Unisoc T9100,Có,256 GB,2 Nano-SIM,Android 15,1080 x 2392 pixels,FullHD+Tần số 120HzĐộ sáng cực đại 1300 nitGam màu DCI-P3 100%Tỷ lệ tương phản 1000000:1Tần số lấy mẫu cảm ứng tức thời 1200Hz,,12 GB,6000mAh,,
Xiaomi Redmi Note 15 Pro 12GB 256GB,9.590.000đ,https://cellphones.com.vn/dien-thoai-xiaomi-redmi-note-15-pro.html,6.77 inches,AMOLED,200MP (chính) + 8MP (siêu rộng),32MP,MediaTek Helio G200-Ultra,,256 GB,,Xiaomi HyperOS 2,1080 x 2392 pixels,"Độ sáng tối đa 3200 nits, 12-bit, DCI-P3, PWM 3840Hz, TÜV Rheinland",,12 GB,6500mAh,,
iPhone 17 Pro Max 2TB | Chính hãng,62.490.000đ,https://cellphones.com.vn/iphone-17-pro-max-2tb.html,6.9 inches,Super Retina XDR,Chính: 48MP khẩu độ ƒ/1.6 OIS hỗ trợ chụp 24MP hoặc 48MPGóc Siêu Rộng: 48MP khẩu độ ƒ/2.2 góc nhìn 120°Telephoto: 48MP khẩu độ ƒ/2.8 OIS zoom quang học lên đến 8x,Camera 18MP Center Stage Khẩu độ ƒ/1.9,Chip A19 Pro,Có,2 TB,,iOS 26,2868 x 1320 pixels,"Màn hình Luôn Bật, ProMotion 120Hz, HDR, True Tone, Dải màu rộng (P3), Haptic Touch, Tỷ lệ tương phản 2.000.000:1, Độ sáng 1000 nit (tiêu chuẩn), 1600 nit (HDR), 3000 nit (ngoài trời) / tối thiểu 1 nit, Lớp phủ kháng dầu, Chống phản chiếu, Hỗ trợ đa ngôn",CPU 6 lõi với 2 lõi hiệu năng và 4 lõi tiết kiệm điện,,,Tương thích với thiết bị trợ thính,
Samsung Galaxy A36 5G 8GB 128GB,7.490.000đ,https://cellphones.com.vn/dien-thoai-samsung-galaxy-a36.html,6.7 inches,Super AMOLED,"50.0 MP, F/1.8  + 8.0 MP, F/2.2  + 5.0 MP,  F/2.4","12.0 MP, F/2.2",Snapdragon 6 Gen 3,Có,128 GB,SIM 1 + SIM 2 / SIM 1 + eSIM / 2 eSIM,Android,1080 x 2340 pixels (FullHD+),"16 triệu màu, 120 Hz, 1.200 nit, kính cường lực Corning Gorilla Glass Victus+","8 nhân 2.4GHz, 1.8GHz",8 GB,5000 mAh,,
Nubia Neo 5 5G 8GB 256GB,7.990.000đ,https://cellphones.com.vn/dien-thoai-nubia-neo-5-5g-8gb-256gb.html,6.8 inches,,50MP AF + 2MP,16MP FF,Unisoc T9300,Có,256 GB,2 Nano-SIM + eSIM,MyOS 16 (Dựa trên Android 16),,Độ phân giải màn hình: 1940 × 900pixelsĐộ sáng 1000 nits,Octa-core 2.4GHz,8 GB,6050mAh,,
iPhone 17 512GB | Chính hãng,29.990.000đ,https://cellphones.com.vn/iphone-17-512gb.html,6.3 inches,Super Retina XDR OLED,48MP Fusion Main f/1.6 OIS12MP Tele 2x f/1.6 OIS48MP Ultra Wide f/2.2 120°,"18MP Center Stage, f/1.9, PDAF",Apple A19,Có,512 GB,Sim kép (nano-Sim và e-Sim) - Hỗ trợ 2 e-Sim,iOS 26,2622 x 1206  pixels,"Dynamic IslandMàn hình luôn bậtHDRTrue ToneDải màu rộng (P3)Haptic TouchTỷ lệ tương phản 2.000.000:1Độ sáng 1000 nit (typ)Đỉnh 1600 nit (HDR)Đỉnh 3000 nit (ngoài trời)Lớp phủ chống vân tay, chống phản chiếu",6 lõi (2 hiệu năng + 4 tiết kiệm điện),,,,
iPhone 16 Plus 128GB | Chính hãng VN/A,24.290.000đ,https://cellphones.com.vn/iphone-16-plus.html,6.7 inches,Super Retina XDR OLED,"Camera chính: 48MP, f/1.6, 26mm, Focus Pixels 100%, hỗ trợ ảnh có độ phân giải siêu cao Camera góc siêu rộng: 12MP, ƒ/2.2, 13 mm, Focus Pixels 100%, Độ phóng đại quang học 2x, độ thu nhỏ quang học 2x; phạm vi thu phóng quang học 4x Độ thu phóng kỹ thu","12MP, ƒ/1.9, Tự động lấy nét theo pha Focus Pixels",Apple A18,Có,128 GB,Sim kép (nano-Sim và e-Sim) - Hỗ trợ 2 e-Sim,iOS 18,2796 x 1290-pixel,Dynamic IslandMàn hình HDRTrue ToneDải màu rộng (P3)Haptic TouchTỷ lệ tương phản 2.000.000:1Độ sáng tối đa 1000 nit460 ppiLớp phủ kháng dầu chống in dấu vân tayHỗ trợ hiển thị đồng thời nhiều ngôn ngữ và ký tự,CPU 6 lõi mới với 2 lõi hiệu năng và 4 lõi tiết kiệm điện,8 GB,,,
Xiaomi POCO F8 Pro 5G 12GB 256GB,13.990.000đ,https://cellphones.com.vn/dien-thoai-poco-f8-pro-5g.html,6.59 inches,AMOLED,"50MP chính (Light Fusion 800, 1/1.55"", f/1.88, OIS, 6P) + 50MP tele 60mm (f/2.2) + 8MP góc siêu rộng (f/2.2)",20MP,Snapdragon® 8 Elite,Có,256 GB,2 Nano SIM hoặc 2 eSIM hoặc 1 Nano SIM + 1 eSIM,Xiaomi HyperOS 3,2510 x 1156 pixels,"Độ sáng tối đa 3500 nitsTỷ lệ tương phản 5.000.000:1Độ sáng HBM 2000 nits68 tỷ màu | Dải màu rộng DCI-P3Cảm ứng kháng nước 2.0Chứng nhận TUV (ánh sáng xanh thấp, chống nhấp nháy, nhịp sinh học)",8 nhân,12 GB,6210mAh,,
iPhone 17 Pro 1TB | Chính hãng,45.990.000đ,https://cellphones.com.vn/iphone-17-pro-1tb.html,6.3 inches,Super Retina XDR,Chính: 48MP khẩu độ ƒ/1.6 OIS hỗ trợ chụp 24MP hoặc 48MPGóc Siêu Rộng: 48MP khẩu độ ƒ/2.2 góc nhìn 120°Telephoto: 48MP khẩu độ ƒ/2.8 OIS zoom quang học lên đến 8x,Camera 18MP Center Stage Khẩu độ ƒ/1.9,Chip A19 Pro,Có,1 TB,Sim kép (nano-Sim và e-Sim) - Hỗ trợ 2 e-Sim,iOS 26,2622 x 1206  pixels,"Màn hình Luôn Bật, ProMotion 120Hz, HDR, True Tone, Dải màu rộng (P3), Haptic Touch, Tỷ lệ tương phản 2.000.000:1, Độ sáng 1000 nit (tiêu chuẩn), 1600 nit (HDR), 3000 nit (ngoài trời) / tối thiểu 1 nit, Lớp phủ kháng dầu, Chống phản chiếu, Hỗ trợ đa ngôn",CPU 6 lõi với 2 lõi hiệu năng và 4 lõi tiết kiệm điện,,,,
Samsung Galaxy S26 Ultra 12GB 512GB,36.990.000đ,https://cellphones.com.vn/dien-thoai-samsung-galaxy-s26-ultra-12gb-512gb.html,6.9 inches,Dynamic AMOLED 2X,Camera siêu rộng: 50MPCamera góc rộng: 200MPCamera Tele (5x): 50MPCamera Tele (3x): 10MP,12MP,Snapdragon 8 Elite Gen 5 dành cho Galaxy (3nm),Có,512 GB,2 Nano-SIM + eSIM,,3120 x 1440 pixels (Quad HD+),Tần số quét: 1-120HzĐộ sáng tối đa: 2600 nits,,12 GB,5000 mAh,,
Nothing Phone 2A Plus 5G 12GB 256GB,8.290.000đ,https://cellphones.com.vn/dien-thoai-nothing-phone-2a-plus.html,6.7 inches,Flexible AMOLED On-cell,"Camera chính: 50 MP, f/1.88, 1/1.57""Camera góc siêu rộng: 50 MP, f/2.2, 1/2.76""","50 MP, f/2.2, 1/2.76""",MediaTek Dimensity 7350 Pro 5G,Có,256 GB,2 SIM (Nano-SIM),Android 14,1080 x 2412 pixels,"1300 nits120 Hz, 1,07 tỷ màu",Up to 3.0 GHz,12 GB,5000 mAh,,
Nubia Neo 3 4G 8GB 128GB,4.790.000đ,https://cellphones.com.vn/dien-thoai-nubia-neo-3-4g.html,6.8 inches,,50MP + 2MP,16MP,Unisoc T8100,Có,128 GB,2 Nano-SIM,,,Độ phân giải màn hình: 900 x 2030 pixel (FHD)Tần số: 120HzĐộ sáng: 530 nits16.7 tỷ màuIPS,Octa-Core (4*Cortex-A76 @ 2.2GHz + 4*Cortex-A55 @2.0GHz),8 GB,6000mAh,,
Xiaomi Redmi Note 15 Pro 5G 12GB 256GB,10.890.000đ,https://cellphones.com.vn/dien-thoai-xiaomi-redmi-note-15-pro-5g.html,6.83 inches,AMOLED,"Camera chính: 200MP, OIS, f/1.7Camera góc siêu rộng: 8MP, f/2.2","20MP, f/2.2",MediaTek Dimensity 7400-Ultra,Có,256 GB,2 Nano SIM hoặc 1 Nano + 1 eSIM,Xiaomi HyperOS 2,2772 x 1280 pixels,"Tần số quét: lên đến 120HzDCI-P3 rộng, độ sâu màu 12-bitPWM dimming 3840HzĐộ sáng: 3200 nits1800 nits (HBM)Tỷ lệ tương phản: 8,000,000:1Điều chỉnh độ sáng tự động 16,000 cấp",8 nhân lên đến 2.6 GHz,12 GB,6580mAh(typ),,
Sony Xperia 10 VII 8GB 128GB,10.500.000đ,https://cellphones.com.vn/dien-thoai-sony-xperia-10-vii.html,6.1 inches,FHD+ OLED,"50MP (F1.9, 24mm, 84°) + 13MP (F2.4, 16mm, 123°)","8MP (F2.0, 26mm, 78°)",Snapdragon® 6 Thế hệ 3,Có,128 GB,2 Nano-SIM,Android™ 15,1080 x 2340 pixels (FullHD+),"Tần số quét 120Hz, cảm ứng 120Hz, DCI-P3 100%, Triluminous display, chuyển giữa nhiều cửa sổ",,8 GB,5.000 mAh,,
Samsung Galaxy S25 256GB,17.690.000đ,https://cellphones.com.vn/dien-thoai-samsung-galaxy-s25.html,6.2 inches,Dynamic AMOLED 2X,Camera siêu rộng 12MP  Camera góc rộng 50MPCamera Tele 10MP,12MP,Snapdragon 8 Elite dành cho Galaxy (3nm),Có,256 GB,2 Nano SIM hoặc 2 eSIM hoặc 1 Nano SIM + 1 eSIM,,2340 x 1080-pixel,120Hz2600 nitsCorning® Gorilla® Armor 2,"Tốc độ CPU 4.47GHz, 3.5GHz  8 nhân",12 GB,4000 mAh,,
TECNO Spark 40 Pro+ 8GB 256GB,4.890.000đ,https://cellphones.com.vn/dien-thoai-tecno-spark-40-pro-plus.html,6.78 inches,AMOLED,50 MP,13 MP,MediaTek Helio G200,,256 GB,2 SIM (Nano-SIM),Android 15,,1224 x 2720 pixels6.78'' 144Hz & 1.5K 3D AMOLED Display,,8 GB,"5200mAh, 45W",,
Nubia Neo 5 GT 12GB 256GB,9.990.000đ,https://cellphones.com.vn/dien-thoai-nubia-neo-5-gt-12gb-256gb.html,6.8 inches,AMOLED,50MP AF + 2MP,16MP FF,MediaTek D7400,Có,256 GB,2 Nano-SIM + eSIM,MyOS 16 (dựa trên Android 16),,Độ phân giải màn hình 1.5KĐộ sáng 4500 nits,Octa-core 2.6GHz,12 GB,6210mAh,,
OPPO A6 Pro 8GB 256GB,9.090.000đ,https://cellphones.com.vn/dien-thoai-oppo-a6-pro.html,6.57 inches,AMOLED,"50MP (Chính, f/1.8) + 2MP (Mono, f/2.4), có đèn flash","16MP, f/2.4","MediaTek Helio G100, tối đa 2.2GHz",Có,256 GB,2 Nano SIM (Sim 2 chung khe với thẻ nhớ),ColorOS 15 (Android 15),1080 x 2372 pixels (FullHD+),"1 tỷ màu, Độ sáng tối đa 1400 nits","8 nhân, tối đa 2.2GHz",8 GB,7000mAh,,
Xiaomi Redmi 15 5G 8GB 256GB,6.190.000đ,https://cellphones.com.vn/dien-thoai-xiaomi-redmi-15-5g-8gb-256gb.html,6.9 inches,IPS LCD,"50MP, Ống kính -5P, f/1.8",8MP f/2.05,Snapdragon® 6s Gen 3,Có,256 GB,2 SIM (Nano-SIM),Xiaomi HyperOS 2,2340 x 1080-pixel,"Độ sáng 700 nits850 nits (HBM)Tỉ lệ tương phản 1400:1Cảm ứng 288HzĐạt chứng nhận TÜV Rheinland: Giảm ánh sáng xanh, Không nhấp nháy, Thân thiện nhịp sinh học","Kryo, up to 2.3GHz",8 GB,7000mAh,,
iPhone 16e 256GB | Chính hãng VN/A,15.490.000đ,https://cellphones.com.vn/iphone-16e-256gb.html,6.1 inches,Super Retina XDR,"Hệ thống camera 2 trong 1Fusion 48MP: 26 mm, khẩu độ ƒ/1.6, chống rung quang học, Hybrid Focus Pixels, ảnh có độ phân giải siêu cao (24MP và 48MP)Đồng thời hỗ trợ Telephoto 2x 12MP: 52 mm, khẩu độ ƒ/1.6, chống rung quang học, Hybrid Focus Pixels",Camera 12MP Khẩu độ ƒ/1.9 Camera TrueDepth hỗ trợ nhận diện khuôn mặt,Chip A18,Có,256 GB,Sim kép (nano-Sim và e-Sim) - Hỗ trợ 2 e-Sim,iOS 18,2532 x 1170 pixels,Màn hình HDR True Tone Dải màu rộng (P3) Haptic Touch Tỷ lệ tương phản 2.000.000:1 (tiêu chuẩn) Độ sáng tối đa 800 nit (tiêu chuẩn); độ sáng đỉnh 1200 nit (HDR) Lớp phủ kháng dầu chống in dấu vân tay Thu Phóng Màn Hình,CPU 6 lõi mới với 2 lõi hiệu năng và 4 lõi tiết kiệm điện,,Thời gian xem video Lên đến 26 giờ Thời gian xem video (trực tuyến) Lên đến 21 giờThời gian nghe nhạc Lên đến 90 giờ,Sạc USB-C Sạc không dây (tương thích sạc không dây Qi lên đến 7.5W),
Xiaomi 15 Ultra 5G 16GB 512GB,26.490.000đ,https://cellphones.com.vn/dien-thoai-xiaomi-15-ultra.html,6.73 inches,AMOLED,"Camera chính Leica: 50MP, ƒ/1.63, OIS Camera tele Leica: 50MP, ƒ/1.8, OIS Camera siêu tele Leica: 200MP, ƒ/2.6, OIS Camera góc siêu rộng Leica: 50MP, ƒ/2.2, 115° FOV","Camera trước: 32MP, ƒ/2.0, 90° FOV Cảm biến OV32B Tiêu cự 21mm",Snapdragon 8 Elite (Tiến trình sản xuất 3nm),Có,512 GB,Sim kép (nano-Sim và e-Sim) - Hỗ trợ 2 e-Sim,Xiaomi HyperOS 2,3200 x 1440 pixel,"68 tỷ màuTần số quét 1-120HzTốc độ phản hồi cảm ứng 300HzĐộ sáng tối đa 3200 nits trong nhiều tình huống Điều chỉnh độ sáng PWM 1920Hz/DC dimmingOriginal color PRO | Pro HDR | Công nghệ cảm ứng khi ướtHDR10+, Dolby Vision","2 x Lõi Prime, tốc độ tối đa 4,32GHz6 x Lõi hiệu suất, lên đến 3,53GHz",16 GB,5410mAh,,
OPPO Find X9 Pro 16GB 512GB,31.990.000đ,https://cellphones.com.vn/dien-thoai-oppo-find-x9-pro.html,6.78 inches,AMOLED,50MP OIS (Chính) + 200MP OIS (Tele) + 50MP (Góc rộng) + 2MP (Mono),50MP; f/2.0; FOV 90°; Ống kính 5P; Hỗ trợ lấy nét AF,Dimensity 9500 5G,Có,512 GB,Dual nano-SIM hoặc 1 nano-SIM + 1 eSIM,"ColorOS 16, nền tảng Android 16",,"Độ phân giải: 1272 x 2772 (1.5K+), 120Hz refresh rate, 240Hz touch sampling, 1.07 tỷ màu (10-bit), 100% DCI-P3, 800 nits, HBM 1800 nits, Gorilla Glass Victus 2",8 nhân,16 GB,7500mAh,,
iPhone 16 Plus 256GB | Chính hãng VN/A,27.690.000đ,https://cellphones.com.vn/iphone-16-plus-256gb.html,6.7 inches,Super Retina XDR OLED,"Camera chính: 48MP, f/1.6, 26mm, Focus Pixels 100%, hỗ trợ ảnh có độ phân giải siêu cao Camera góc siêu rộng: 12MP, ƒ/2.2, 13 mm, Focus Pixels 100%, Độ phóng đại quang học 2x, độ thu nhỏ quang học 2x; phạm vi thu phóng quang học 4x Độ thu phóng kỹ thu","12MP, ƒ/1.9, Tự động lấy nét theo pha Focus Pixels",Apple A18,Có,256 GB,Sim kép (nano-Sim và e-Sim) - Hỗ trợ 2 e-Sim,iOS 18,2796 x 1290-pixel,Dynamic IslandMàn hình HDRTrue ToneDải màu rộng (P3)Haptic TouchTỷ lệ tương phản 2.000.000:1Độ sáng tối đa 1000 nit460 ppiLớp phủ kháng dầu chống in dấu vân tayHỗ trợ hiển thị đồng thời nhiều ngôn ngữ và ký tự,CPU 6 lõi mới với 2 lõi hiệu năng và 4 lõi tiết kiệm điện,,,,
OPPO Reno10 Pro+ 5G 12GB 256GB,10.490.000đ,https://cellphones.com.vn/oppo-reno10-pro-plus.html,6.74 inches,AMOLED,"Camera góc rộng: 50 MPKính tiềm vọng: 64 MP, PDAF, 5x optical zoomCamera góc siêu rộng: 8 MP, f/2.2","Camera góc rộng: 32 MP, f/2.4",Snapdragon 8 plus Gen 1 8 nhân,Có,256 GB,2 SIM (Nano-SIM),Android 13,1240 x 2772 pixels,"1 tỷ màu, tần số quét 120Hz, HDR10+, 1100 nits, Kính cường lực AGC DT-Star2",1x3.0 GHz Cortex-X2 & 3x2.75 GHz Cortex-A710 & 4x2.0 GHz Cortex-A510,12 GB,4700 mAh,,
Samsung Galaxy S25 Plus 256GB,20.690.000đ,https://cellphones.com.vn/dien-thoai-samsung-galaxy-s25-plus.html,6.7 inches,Dynamic AMOLED 2X,Camera siêu rộng 12MP  Camera góc rộng 50MPCamera Tele 10MP,12MP,Snapdragon 8 Elite dành cho Galaxy (3nm),Có,256 GB,2 Nano-SIM + eSIM,,3120 x 1440 pixels (Quad HD+),120Hz2600 nitsCorning® Gorilla® Armor 2,"Tốc độ CPU: 4.47GHz, 3.5GHz  8 nhân",12 GB,4900 mAh,,
Samsung Galaxy S25 Ultra 512GB,29.790.000đ,https://cellphones.com.vn/dien-thoai-samsung-galaxy-s25-ultra-512gb.html,6.9 inches,Dynamic AMOLED 2X,"Camera siêu rộng 50MPCamera góc rộng 200 MPCamera Tele (5x) 50MPCamera Tele (3x) 10MP""",12 MP,Snapdragon 8 Elite dành cho Galaxy (3nm),Có,512 GB,2 Nano-SIM + eSIM,Android 15,3120 x 1440 pixels (Quad HD+),120Hz2600 nitsCorning® Gorilla® Armor 2,,12 GB,5000 mAh,,
HONOR X9d 5G 12GB 512GB,12.190.000đ,https://cellphones.com.vn/dien-thoai-honor-x9d.html,6.79 inches,AMOLED,Camera chính 108MP (F1.75) + Camera góc rộng 5MP (F2.2),16MP (F2.45),Snapdragon 6 Gen 4,Có,512 GB,2 Nano-SIM,MagicOS 9.0 (Dựa trên Android 15）,1200 x 2640 pixels,"100% DCI-P3, 1,07 tỷ màu800 nits (điển hình), 1800 nits (chế độ HBM), 6000 nits (chế độ APL)Bảo vệ mắtMàn hình ban đêm sinh họcGiảm độ sáng độngKhử nháy sáng PWM 3840Hz",8 nhân (1× A720 2.3GHz + 3× A720 2.2GHz + 4× A520 1.8GHz),12 GB,8300 mAh,,
HONOR Magic V5 16GB 512GB,39.990.000đ,https://cellphones.com.vn/dien-thoai-honor-magic-v5.html,6.43 inches,OLED,"Camera góc siêu rộng 50MP (khẩu độ f/2.0)Camera góc rộng 50MP (khẩu độ f/1.6, OIS)Camera tele 64MP (khẩu độ f/2.5, OIS)",Màn hình trong: Camera góc rộng 20MP (f/2.2)Màn hình ngoài: Camera góc rộng 20MP (f/2.2),Qualcomm Snapdragon 8 Elite,Có,512 GB,SIM 1 + SIM 2 / SIM 1 + eSIM / 2 eSIM,MagicOS 9.0.1 (Dựa trên Android 15),,"Màn hình trong: 2352 x 2172 pixelMàn hình ngoài: 2376 x 1060 pixel1,07 tỷ màu, Màn hình chăm sóc mắt cận thị AI, tần số 4320Hz PWM giảm nháy sáng, Điều chỉnh độ sáng động, Màn hình đêm theo nhịp sinh học, Màn hình tông màu tự nhiên","Tám nhân (2×Prime 4,32 GHz+6×Performance 3,53 GHz)",16 GB,5820 mAh,,
Xiaomi Redmi Note 15 5G 6GB 128GB,6.790.000đ,https://cellphones.com.vn/dien-thoai-xiaomi-redmi-note-15-5g.html,6.77 inches,AMOLED,Camera chính 108MP ƒ/1.7 OIS + Camera siêu rộng 8MP ƒ/2.2,20MP ƒ/2.2,Snapdragon® 6 Gen 3,,128 GB,,Xiaomi HyperOS 2,1080 x 2392 pixels,"Độ sáng tối đa 3200 nits, 12-bit, DCI-P3, PWM 3840Hz, chứng nhận TÜV Rheinland",,6 GB,5520mAh,,
Samsung Galaxy S26 Ultra 16GB 1TB,41.990.000đ,https://cellphones.com.vn/dien-thoai-samsung-galaxy-s26-ultra-16gb-1tb.html,6.9 inches,Dynamic AMOLED 2X,Camera siêu rộng: 50MPCamera góc rộng: 200MPCamera Tele (5x): 50MPCamera Tele (3x): 10MP,12MP,Snapdragon 8 Elite Gen 5 dành cho Galaxy (3nm),Có,1 TB,2 Nano-SIM + eSIM,,3120 x 1440 pixels (Quad HD+),Tần số quét: 1-120HzĐộ sáng tối đa: 2600 nits,,16 GB,5000 mAh,,
Samsung Galaxy A17 8GB 128GB,4.990.000đ,https://cellphones.com.vn/dien-thoai-samsung-galaxy-a17.html,6.7 inches,Super AMOLED,"Chính 50 MPPhụ 5 MP, 2 MP",13 MP,MediaTek Helio G99,Có,128 GB,2 Nano SIM (Sim 2 chung khe với thẻ nhớ),Android 15,1080 x 2340 pixels (FullHD+),Độ sáng tối đa 800 nitsKính cường lực Corning Gorilla Glass 7,8 nhân (2 nhân 2.2GHz & 6 nhân 2.0GHz),8 GB,Li-Ion 5000 mAh,,
Sony Xperia 1 VII 12GB 256GB,24.500.000đ,https://cellphones.com.vn/dien-thoai-sony-xperia-1-vii.html,6.5 inches,OLED,"Chính 52MP, f/1.9Tele 12MP, f/2.3–f/3.5Góc siêu rộng 50MP, f/2.0","12MP, f/2.0",Snapdragon® 8 Elite,Có,256 GB,2 SIM (Nano-SIM),Android 15,1080 x 2340 pixels (FullHD+),"DCI-P3 100%, BT.2020, 10-bit, cảm biến ánh sáng trước/sau",Kryo,12 GB,5.000 mAh,,
OPPO Reno12 5G 12GB 256GB,8.990.000đ,https://cellphones.com.vn/dien-thoai-oppo-reno12-5g.html,6.7 inches,AMOLED,50MP + OIS  Camera góc rộng: 8MP Camera xóa phông: 2MP,32MP,MediaTek Dimensity 7300,Có,256 GB,,Android 14,,Tần số quét 120Hz,,12 GB,5000mAh,,
Xiaomi 17 Ultra 5G 16GB 1TB,34.440.000đ,https://cellphones.com.vn/dien-thoai-xiaomi-17-ultra-16gb-1tb.html,6.9 inches,LTPO OLED,Camera chính: 200 MPGóc siêu rộng: 50 MP,50 MP,Qualcomm Snapdragon 8 Elite Gen 5,Có,1 TB,2 Nano-SIM,Android 16 với HyperOS,,Độ phân giải màn hình: 2608 × 1200 pixelsĐộ sáng tối đa 3500 nits,8 nhân,16 GB,6000 mAh,,
OPPO Find X9 16GB 512GB,25.990.000đ,https://cellphones.com.vn/dien-thoai-oppo-find-x9-16gb-512gb.html,6.59 inches,AMOLED,50MP OIS (Chính) + 50MP OIS (Tele) + 50MP (Góc rộng) + 2MP (Mono),32MP f/2.4,Dimensity 9500 5G,Có,512 GB,Dual nano-SIM hoặc 1 nano-SIM + 1 eSIM,"ColorOS 16, nền tảng Android 16",1256 x 2760 pixels,"Tần số quét 120Hz, Cảm ứng 240Hz, 1.07 tỷ màu (10-bit), 100% DCI-P3, Độ sáng 1800nits",8 nhân,16 GB,7025mAh (Typ),,
HONOR X8d 8GB 128GB,7.490.000đ,https://cellphones.com.vn/dien-thoai-honor-x8d.html,6.77 inches,AMOLED,Camera chính 108MP (f/1.75) + Camera rộng 5MP (f/2.2),16MP (f/2.45),Snapdragon 6s 4G thế hệ 2,Có,128 GB,2 Nano-SIM,MagicOS 10 (Dựa trên Android 16),1080 x 2392 pixels,"Màu sắc: 1,07 tỷ màuCông nghệ Eye Comfort800 nit (điển hình) 1300 nit (loại HBM) 3000 nit (loại APL)Chất liệu kính Thủy tinh Aluminosilicate","Octa-core, 4 * A73 2,9 GHz + 4 * A53 1,9 GHz",8 GB,"6800mAh (giá trị định mức), 7000 mAh (giá trị điển hình)",,
Xiaomi Redmi 15C 8GB 256GB NFC,4.890.000đ,https://cellphones.com.vn/dien-thoai-xiaomi-redmi-15c-8gb-256gb.html,6.9 inches,LCD,"50MP, Ống kính -5P, f/1.8",8MP f/2.0,MediaTek Helio G81-Ultra,Có,256 GB,2 SIM (Nano-SIM),Xiaomi HyperOS 2,1600 x 720 pixels (HD+),"Độ sáng 660 nits810 nits (HBM)Tỉ lệ tương phản 1200:1Cảm ứng 240HzĐạt chứng nhận TÜV Rheinland: Giảm ánh sáng xanh, Không nhấp nháy, Thân thiện nhịp sinh họcHỗ trợ DC Dimming giảm nhấp nháy","Octa-core (Cortex-A75 + Cortex-A55), tốc độ tối đa 2.0GHz",8 GB,6000mAh,,
Tecno Pova 7 8GB 128GB,4.590.000đ,https://cellphones.com.vn/dien-thoai-tecno-pova-7.html,6.78 inches,IPS LCD,108M+2M,8MP,MediaTek Helio G100 Utimate,Có,128 GB,2 Nano-SIM,Android 15,1080x2460 pixels,"Tần số quét 120Hz, FHD+, Độ sáng tối đa 900nits","2*A76 up to 2.2Ghz, 6*A55 up to 2.0Ghz",8 GB,7000mAh,,
Samsung Galaxy A07 5G 4GB 128GB,3.990.000đ,https://cellphones.com.vn/dien-thoai-samsung-galaxy-a07-5g.html,6.7 inches,PLS LCD,"50 MP, F1.8 + 2 MP, F2.4","8 MP, F2.0",MediaTek Dimensity 6300 5G,,128 GB,2 Nano-SIM,Android,720 x 1600 pixel,Tần số quét: 120HzĐộ sâu màu sắc:16M,"8 nhân, 2.4GHz, 2GHz",4 GB,6000 mAh,,
Xiaomi 15 Ultra 5G 16GB 1TB,28.490.000đ,https://cellphones.com.vn/dien-thoai-xiaomi-15-ultra-1tb.html,6.73 inches,AMOLED,"Camera chính Leica: 50MP, ƒ/1.63, OIS Camera tele Leica: 50MP, ƒ/1.8, OIS Camera siêu tele Leica: 200MP, ƒ/2.6, OIS Camera góc siêu rộng Leica: 50MP, ƒ/2.2, 115° FOV","Camera trước: 32MP, ƒ/2.0, 90° FOV Cảm biến OV32B Tiêu cự 21mm",Snapdragon 8 Elite (Tiến trình sản xuất 3nm),Có,1 TB,Sim kép (nano-Sim và e-Sim) - Hỗ trợ 2 e-Sim,Xiaomi HyperOS 2,3200 x 1440 pixel,"68 tỷ màuTần số quét 1-120HzTốc độ phản hồi cảm ứng 300HzĐộ sáng tối đa 3200 nits trong nhiều tình huống Điều chỉnh độ sáng PWM 1920Hz/DC dimmingOriginal color PRO | Pro HDR | Công nghệ cảm ứng khi ướtHDR10+, Dolby Vision","2 x Lõi Prime, tốc độ tối đa 4,32GHz6 x Lõi hiệu suất, lên đến 3,53GHz",16 GB,5410mAh,,
HONOR 400 5G 12GB 256GB,12.250.000đ,https://cellphones.com.vn/dien-thoai-honor-400-5g.html,6.55 inches,AMOLED,"Camera chính AI 200MP (f/1.9, OIS) + 12MP Camera Góc Siêu Rộng (f/2.2)",50MP (f/2.0),Snapdragon 7 Gen 3,Có,256 GB,2 Nano SIM hoặc 1 Nano + 1 eSIM,MagicOS 9.0 (dựa trên Android 15),2736 × 1264 pixels,1.07 tỷ màu,8 lõi,12 GB,"6000 mAh (Li-Po, công nghệ Pin Silicon-Carbon)",,
Samsung Galaxy Z Fold 6 12GB 256GB,29.990.000đ,https://cellphones.com.vn/samsung-galaxy-z-fold-6.html,7.6 inches,Dynamic AMOLED 2X,"Camera góc rộng: 50.0 MP, f/1.8, Thu phóng quang học 2x  Camera chụp góc siêu rộng: 12.0 MP, f/2.2   Camera ống kính tele: 10.0 MP, f/2.4, Thu phóng Quang học 3x","Camera bên ngoài:10 MP, f/2.2 Camera bên trong: 4 MP, F1.8",Snapdragon 8 Gen 3 for Galaxy Tăng lên 42% AI,Có,256 GB,SIM 1 + SIM 2 / SIM 1 + eSIM / 2 eSIM,Android,2160 x 1856 (QXGA+),"Màn hình chính: 7.6"", Dynamic AMOLED 2X, 120Hz, độ sâu màu sắc 16M, 2600nitsMàn hình phụ: 6.3"", 968 x 2376 (HD+), Dynamic AMOLED 2XKính cường lực Corning® Gorilla® Glass Victus® 2","8 nhân 3.39 GHz, 3.1GHz, 2.9GHz, 2.2GHz",12 GB,4400 mAh,Hỗ trợ S Pen,
Meizu Lucky 08 5G 12GB 256GB,5.490.000đ,https://cellphones.com.vn/dien-thoai-meizu-lucky-08.html,6.78 inches,AMOLED,"108MP, ƒ/1.67 + 2MP, ƒ/2.4","8MP, ƒ/2.0",Snapdragon 7s Gen 2,,256 GB,2 Nano-SIM,Android 14,2780 × 1264 pixel,"Tần số lên đến 144Hz, Tỷ lệ tương phản 8000000:1, 450 PPI, 5000nits, 100% DCI-P3",Tốc độ xung nhịp lên đến 2.4GHz,12 GB,6000mAh,,
Samsung Galaxy S25 FE 8GB 512GB,16.760.000đ,https://cellphones.com.vn/dien-thoai-samsung-galaxy-s25-fe-8gb-512gb.html,6.7 inches,Dynamic AMOLED 2X,"50MP, f/1.8 góc rộng12MP, f/2.2 góc siêu rộng8MP, f/2.4 Tele","12MP, f/2.2",Exynos 2400,Có,512 GB,2 Nano-SIM + eSIM,"Android 16, One UI 8",1080 x 2340 pixels (FullHD+),Độ sáng tối đa 1900 nitsGorilla® Victus+16 triệu màu,"10 nhân (3.2 GHz, 2.9 GHz, 2.6 GHz, 1.95 GHz)",8 GB,4900 mAh,,
Samsung Galaxy A07 8GB 256GB,4.290.000đ,https://cellphones.com.vn/dien-thoai-samsung-galaxy-a07-256gb.html,6.7 inches,IPS LCD,Chính 50 MPPhụ 2 MP,8 MP,MediaTek Helio G99,Không,256 GB,2 Nano-SIM,Android 15,720 x 1600 pixel,Độ sáng tối đa 480 nitsKính cường lực Panda,8 nhân (2 nhân 2.2 GHz & 6 nhân 2.0 GHz),8 GB,Li-Ion 5000 mAh,,
Samsung Galaxy S26 Plus 12GB 512GB,30.490.000đ,https://cellphones.com.vn/dien-thoai-samsung-galaxy-s26-plus-12gb-512gb.html,6.7 inches,Dynamic AMOLED 2X,Camera siêu rộng: 12MPCamera góc rộng: 50MPCamera Tele: 10MP,12MP,Exynos 2600 (2nm),Có,512 GB,,,3120 x 1440 pixels (Quad HD+),Tần số quét: 1-120HzĐộ sáng tối đa: 2600 nits,,12 GB,4900 mAh,,
Xiaomi Redmi A7 Pro 4GB 128GB,3.990.000đ,https://cellphones.com.vn/dien-thoai-xiaomi-redmi-a7-pro.html,6.9 inches,IPS LCD,13MP,8MP,Unisoc T7250,,128 GB,,Android 16,,Tần số quét 120Hz,,4 GB,6000 mAh,,
POCO X8 Pro Max 12GB 512GB,15.290.000đ,https://cellphones.com.vn/dien-thoai-xiaomi-poco-x8-pro-max-12gb-512gb.html,6.83 inches,AMOLED,"50 MP f/1.5 (cảm biến Light Hunter 600, OIS) + 8 MP (góc siêu rộng)",20 MP,MediaTek Dimensity 9500s,,512 GB,Dual nano-SIM hoặc 1 nano-SIM + 1 eSIM,Xiaomi HyperOS 3 (Android 16),2772 x 1280 pixels,"Độ sáng tối đa 3.500 nits, PWM 3840Hz, 68 tỷ màu, dải màu DCI-P3, HDR10+",1 × Cortex-X925 (tối đa 3.73GHz) + 3 × Cortex-X4 (tối đa 3.3GHz) + 4 × Cortex-A720 (tối đa 2.4GHz),12 GB,8.500 mAh,,
Xiaomi Redmi 15C 4GB 128GB NFC,3.990.000đ,https://cellphones.com.vn/dien-thoai-xiaomi-redmi-15c.html,6.9 inches,LCD,"50MP, Ống kính -5P, f/1.8",8MP f/2.0,MediaTek Helio G81-Ultra,Có,128 GB,2 SIM (Nano-SIM),Xiaomi HyperOS 2,1600 x 720 pixels (HD+),"Độ sáng 660 nits810 nits (HBM)Tỉ lệ tương phản 1200:1Cảm ứng 240HzĐạt chứng nhận TÜV Rheinland: Giảm ánh sáng xanh, Không nhấp nháy, Thân thiện nhịp sinh họcHỗ trợ DC Dimming giảm nhấp nháy","Octa-core (Cortex-A75 + Cortex-A55), tốc độ tối đa 2.0GHz",4 GB,6000mAh,,
Điện thoại Meizu Mblu 22 3GB 64GB,2.290.000đ,https://cellphones.com.vn/dien-thoai-meizu-mblu-22.html,6.79 inches,IPS LCD,13 MP + ƒ/1.8,5 MP + ƒ/2.2,Unisoc SC9863A(28 nm),,64 GB,,Android 15,,"Tần số quét: 90HzĐộ phân giải: 1640 x 720Tỷ lệ khung hình: 20,5:9Tỷ lệ tương phản: 1500: 1PPI: 264 400 nit (điển hình)",,3 GB,5000mAh,,
Samsung Galaxy Z Fold7 12GB 512GB,42.290.000đ,https://cellphones.com.vn/dien-thoai-samsung-galaxy-z-fold-7-12gb-512gb.html,8.0 inches,Dynamic AMOLED 2X,"200 MP, F1.7 + 12 MP, F2.2 + 10 MP, F2.4","10MP, F2.2",Snapdragon® 8 Elite 3nm for Galaxy,Có,512 GB,2 Nano-SIM,Android,,"Tần số quét: 120 HzĐộ phân giải màn hình chính: 2184 x 1968 (QXGA+)Kích cỡ màn hình phụ: 6.5""Độ phân giải màn hình phụ: 2520 x 1080 (FHD+)Độ sâu màu sắc: 16M","8 nhân, 4.47GHz, 3.5GHz",12 GB,4400mAh,,
Samsung Galaxy S26 Plus 12GB 256GB,24.490.000đ,https://cellphones.com.vn/dien-thoai-samsung-galaxy-s26-plus.html,6.7 inches,Dynamic AMOLED 2X,Camera siêu rộng: 12MPCamera góc rộng: 50MPCamera Tele: 10MP,12MP,Exynos 2600 (2nm),Có,256 GB,2 Nano-SIM + eSIM,,3120 x 1440 pixels (Quad HD+),Tần số quét: 1-120HzĐộ sáng tối đa: 2600 nits,,12 GB,4900 mAh,,
Nothing Phone 3A 8GB 128GB,8.790.000đ,https://cellphones.com.vn/dien-thoai-nothing-phone-3a.html,6.77 inches,AMOLED,"Camera chính: 50MP, F1.88Camera góc siêu rộng: 8MP, F2.2Camera Tele: 50MP, F2.0","32MP, F2.2",Qualcomm SM7635 Snapdragon 7s Gen 3,Có,128 GB,2 Nano-SIM,Nothing OS 3.1 (Based on Android 15),1080 x 2392 pixels,"120Hz, NTSC 105%, 387 ppi, 3000nit, 1.07 tỷ màu, DCI-P3 100%, HDR10+",,8 GB,5000mAh,,
OPPO Find N3 16GB 512GB,26.990.000đ,https://cellphones.com.vn/oppo-find-n3.html,7.82 inches,OLED,"Camera chính: 48MP, f/1.7, OISCamera góc rộng: 48MP, f/2.2Camera Tele: 64MP, f/2.6","Màn hình chính: 20MP, f/2.2 Màn hình ngoài: 32MP, f/2.4",Snapdragon 8 Gen 2 8 nhân,Có,512 GB,Nano-SIM + eSIM,Android 13,2268 x 2440 pixels,"Màn hình chính: 7.82 inches, 2K+ (2268 x 2440 Pixels), OLED, 120Hz, 2800 nit, 1 tỷ màu, Kính UTGMàn hình phụ: 6.31 inches, FHD+ (1116 x 2484 Pixels), 120Hz, Kính siêu mỏng Nanocrystal",1x3.2 GHz Cortex-X3 & 2x2.8 GHz Cortex-A715 & 2x2.8 GHz Cortex-A710 & 3x2.0 GHz Cortex-A510,16 GB,4805 mAh,,
OPPO A6 Pro 8GB 128GB,8.090.000đ,https://cellphones.com.vn/dien-thoai-oppo-a6-pro-8gb-128gb.html,6.57 inches,AMOLED,"50MP (Chính, f/1.8) + 2MP (Mono, f/2.4), có đèn flash","16MP, f/2.4","MediaTek Helio G100, tối đa 2.2GHz",Có,128 GB,2 Nano SIM (Sim 2 chung khe với thẻ nhớ),ColorOS 15 (Android 15),1080 x 2372 pixels (FullHD+),"1 tỷ màu, Độ sáng tối đa 1400 nits","8 nhân, tối đa 2.2GHz",8 GB,7000mAh,,
OPPO A3 8GB 256GB,5.780.000đ,https://cellphones.com.vn/dien-thoai-oppo-a3-8gb-256gb.html,6.67 inches,LCD,"50MP, Khẩu độ F/1.8","5 MP, Khẩu độ F/2.2","Snapdragon 6s 4G Gen1, tối đa 2.1GHz",Không,256 GB,2 SIM (Nano-SIM),"ColorOS 14, nền tảng Android 14",720 x 1604 (HD+),"16 triệu màu, 90Hz, Kính cường lực Panda, độ sáng 1000 nit",,8 GB,5100mAh,,
Huawei Mate X7 16GB 512GB,42.990.000đ,https://cellphones.com.vn/dien-thoai-huawei-mate-x7.html,8.0 inches,OLED,"Camera chính Ultra Lighting HDR 50MP (OIS, khẩu độ F1.49 - F4.0)Camera góc siêu rộng 40MPCamera telephoto macro 50MP (OIS)",Khi gập lại: Camera 8 MP (khẩu độ F2.4)Khi mở ra: Camera 8 MP (khẩu độ F2.2),,Có,512 GB,,EMUI 15.0,,"Màn hình: 1.07 tỷ màu, gam màu rộng P3Màn hình chính: 2416 × 2210 pixelMàn hình ngoài: 2444 × 1080 pixelTốc độ làm mới thích ứng LTPO 1-120 Hz, thay đổi cường độ sáng PWM tần số cao 1440 HzMật độ điểm ảnh 412 PPI",,16 GB,5600 mAh,,
TECNO CAMON 40 Pro 8GB 256GB,5.590.000đ,https://cellphones.com.vn/dien-thoai-tecno-camon-40-pro.html,6.78 inches,AMOLED,"50MP, ƒ/1.8Góc siêu rộng 8MP",50MP,Mediatek Helio G100 Ultimate,Có,256 GB,2 Nano-SIM,Android 15,,Màn hình cong đôiFHD+Tần số quét 120HzĐộ sáng màn hình 1300 nitsHDR,,8 GB,5200mAh,,
Samsung Galaxy Z Flip7 12GB 512GB,26.990.000đ,https://cellphones.com.vn/dien-thoai-samsung-galaxy-z-flip-7-12gb-512gb.html,6.9 inches,Dynamic AMOLED 2X,"50 MP, F1.8 + 12 MP, F2.2","10MP, F2.2",,Có,512 GB,2 Nano-SIM,Android,,"Tần số quét: 120 HzĐộ phân giải màn hình chính: 2520 x 1080 (FHD+)Kích cỡ màn hình phụ: 4.1""Độ phân giải màn hình phụ: 1048 x 948Công nghệ màn hình phụ: Super AMOLEDĐộ sâu màu sắc: 16M","10 nhân, 3.3 GHz, 2.74GHz, 2.36GHz, 1.8GHz",12 GB,4300mAh,,
OPPO A5i Pro 8GB 128GB,6.090.000đ,https://cellphones.com.vn/dien-thoai-oppo-a5i-pro.html,6.67 inches,LCD,50MP (Chính) Khẩu độ F/1.82MP (Mono) Khẩu độ F/2.4,5 MP Khẩu độ F/2.2,"Snapdragon 6s 4G Gen1, tối đa 2.1GHz",Có,128 GB,2 SIM (Nano-SIM),ColorOS 15 (nền tảng Android 15),720 x 1604 (HD+),"720 x 1604 (HD+), 16 triệu màu, độ sáng tối đa 1000 nits",,8 GB,6000mAh,,
TECNO SPARK 30 Pro 8GB 256GB Transformer,3.990.000đ,https://cellphones.com.vn/dien-thoai-tecno-spark-30-pro-8gb-256gb.html,6.78 inches,AMOLED,"108MP, f/1.75",13MP,MediaTek Helio G100,Có,256 GB,2 Nano-SIM,Android 14,,"120Hz, 1700 nits",,8 GB,5000 mAh,,
OPPO Find X5 Pro 5G 12GB 256GB,12.990.000đ,https://cellphones.com.vn/oppo-find-x5-pro.html,6.7 inches,AMOLED,"Camera chính: 50MP, f/1.7  Camera góc rộng: 50MP, f/2.2; FOV 112°Camera tele: 13MP,  f/2.4","Camera chính 32MP: f/2.4; FOV 90°, ống kính: 5P, lấy nét cố định",Qualcomm Snapdragon 8 Gen 1,Có,256 GB,2 SIM (Nano-SIM),ColorOS 12.1 dựa trên Android 12,1440 x 3216 pixels (QHD+),Tần số quét 120 Hz (Dynamic)  1.07 tỉ màu  Corning Gorilla Glass VictusGam màu: Chế độ sống động: 97% NTSC/100% DCI-P3 (Tiêu chuẩn) Chế độ dịu nhẹ: 71% NTSC/100% sRGB (Tiêu chuẩn)Độ sáng tối đa 1300 nits,MariSilicon X Imaging NPU,12 GB,5.000 mAh,,
Nubia V70 Design 8GB 128GB,2.790.000đ,https://cellphones.com.vn/dien-thoai-nubia-v70-design-8gb-128gb.html,6.7 inches,IPS LCD,"50 MP, ƒ/1.82.0 MP",16.0 MP,Unisoc T606,Có,128 GB,2 Nano-SIM,Android 14,720 x 1600 pixel,"120Hz, 264 ppi",,8 GB,5000 mAh,,
TECNO Spark Go 3 4GB 64GB,3.490.000đ,https://cellphones.com.vn/dien-thoai-tecno-spark-go-3.html,6.75 inches,,13 MP + đèn flash kép,8 MP,UNISOC T7250,,64 GB,2 Nano-SIM,Android 15,720 x 1600 pixel,Độ sáng tối đa 600 nits,2 nhân 2.2 GHz & 6 nhân 2.0 GHz,4 GB,5000 mAh,,
Nothing Phone 2A 5G 8GB 128GB,7.190.000đ,https://cellphones.com.vn/dien-thoai-nothing-phone-2a.html,6.7 inches,Flexible AMOLED On-cell,"50 MP, f/1.88, 1/1.56"" 50 MP, f/2.2, 1/2.76"", 114° FOV","32 MP, f/2.2, 1/2.74""",MediaTek Dimensity 7200 Pro (4nm TSMC process),Có,128 GB,2 SIM (Nano-SIM),Android 14,1080 x 2412 pixels,"Corning® Gorilla® Glass 5Tỷ lệ tương phản: 1,000,000:1394 PPI1300 nits120 Hz",Up to 2.8 GHz,8 GB,5000 mAh,,
OPPO A79 5G 8GB 256GB,7.060.000đ,https://cellphones.com.vn/oppo-a79.html,6.72 inches,,"Camera chính: 50MP; f/1.8; FOV 77°; ống kính 5P2MP, f/2.4; FOV 89°; ống kính 3P; hỗ trợ FF",8MP; f/2.0; FOV 80°; ống kính 4P,MediaTek Dimensity 6020 5G 8 nhân,Có,256 GB,2 SIM (Nano-SIM),Android 13,1080 x 2400 pixels (FullHD+),"Tần số quét 90Hz, 391 PPI",2 nhân 2.2 GHz & 6 nhân 2.0 GHz,8 GB,5000mAh,,
OPPO A6t 6GB 256GB,7.290.000đ,https://cellphones.com.vn/dien-thoai-oppo-a6t-6gb-256gb.html,6.75 inches,LCD,"13MP + QVGA, f/2.2 + f/3.0","5MP, f/2.2",Qualcomm Snapdragon 685,Có,256 GB,2 Nano-SIM,"ColorOS 15, nền tảng Android 15",,"Kính cường lực Panda, Độ sáng: 1125 nits, 16.7 triệu màu","Qualcomm Snapdragon 685, tối đa 2.8GHz",6 GB,6100mAh,,
OPPO A6t 4GB 128GB,5.290.000đ,https://cellphones.com.vn/dien-thoai-oppo-a6t-4gb-128gb.html,6.75 inches,LCD,"13MP + QVGA, f/2.2 + f/3.0","5MP, f/2.2",Qualcomm Snapdragon 685,Có,128 GB,2 Nano-SIM,"ColorOS 15, nền tảng Android 15",,"Kính cường lực Panda, Độ sáng: 1125 nits, 16.7 triệu màu","Qualcomm Snapdragon 685, tối đa 2.8GHz",4 GB,6100mAh,,
OPPO A6t 4GB 64GB,4.390.000đ,https://cellphones.com.vn/dien-thoai-oppo-a6t.html,6.75 inches,LCD,"13MP + QVGA, f/2.2 + f/3.0","5MP, f/2.2",Qualcomm Snapdragon 685,Có,64 GB,2 Nano-SIM,"ColorOS 15, nền tảng Android 15",,"Kính cường lực Panda, Độ sáng: 1125 nits, 16.7 triệu màu","Qualcomm Snapdragon 685, tối đa 2.8GHz",4 GB,6100mAh,,
Samsung Galaxy S26 12GB 512GB,26.490.000đ,https://cellphones.com.vn/dien-thoai-samsung-galaxy-s26-12gb-512gb.html,6.3 inches,Dynamic AMOLED 2X,Camera siêu rộng: 12MPCamera góc rộng: 50MPCamera Tele: 10MP,12MP,Exynos 2600 (2nm),Có,512 GB,2 Nano-SIM + eSIM,,2340 x 1080-pixel,Tần số quét: 1-120HzĐộ sáng tối đa: 2600 nits,,12 GB,4300 mAh,,
Điện thoại Meizu Mblu 21 6GB 128GB,2.690.000đ,https://cellphones.com.vn/dien-thoai-meizu-mblu-21-128gb.html,6.79 inches,,13MP0.08 MP,8 MP,Spreadtrum T606,Không,128 GB,2 Nano-SIM,Android 14,,,,6 GB,4900mAh,,
Nothing Phone 2A 5G 12GB 256GB,8.490.000đ,https://cellphones.com.vn/dien-thoai-nothing-phone-2a-12gb-256gb.html,6.7 inches,Flexible AMOLED On-cell,"50 MP, f/1.88, 1/1.56"" 50 MP, f/2.2, 1/2.76"", 114° FOV","32 MP, f/2.2, 1/2.74""",MediaTek Dimensity 7200 Pro (4nm TSMC process),Có,256 GB,2 SIM (Nano-SIM),Android 14,1080 x 2412 pixels,"Corning® Gorilla® Glass 5Tỷ lệ tương phản: 1,000,000:1394 PPI1300 nits120 Hz",Up to 2.8 GHz,12 GB,5000 mAh,,
Điện thoại Meizu Mblu 22 Pro NFC 4GB 128GB,2.690.000đ,https://cellphones.com.vn/dien-thoai-meizu-mblu-22-pro.html,6.79 inches,TFT LCD,"50 MP, AF f/1.8Camera macro: 2 MP,  f/2.4","8 MP, f/2.0",MediaTek Helio G81,Có,128 GB,2 Nano-SIM,Android 15,720 x 1640 pixels,,Octa-core,4 GB,5000 mAh,,
Samsung Galaxy S25 Plus 512GB,25.490.000đ,https://cellphones.com.vn/dien-thoai-samsung-galaxy-s25-plus-512gb.html,6.7 inches,Dynamic AMOLED 2X,Camera siêu rộng 12MP  Camera góc rộng 50MPCamera Tele 10MP,12MP,Snapdragon 8 Elite dành cho Galaxy (3nm),Có,512 GB,2 Nano-SIM + eSIM,,3120 x 1440 pixels (Quad HD+),120Hz2600 nitsCorning® Gorilla® Armor 2,"Tốc độ CPU: 4.47GHz, 3.5GHz  8 nhân",12 GB,4900 mAh,,
Samsung Galaxy S25 Edge 5G 12GB 256GB,20.450.000đ,https://cellphones.com.vn/dien-thoai-samsung-galaxy-s25-edge.html,6.7 inches,Dynamic AMOLED 2X,200.0 MP + 12.0 MP,12.0 MP,,Có,256 GB,Nano SIM hoặc eSIM,Android,3120 x 1440 pixels (Quad HD+),Độ sâu màu sắc 16M,8 nhân,12 GB,3900 mAh,"Galaxy Ring, Galaxy Buds, Galaxy Fit, Galaxy Watch, Samsung DeX, SmartThings, Smart Switch (PC version)",
Tecno Pova 7 8GB 256GB,4.990.000đ,https://cellphones.com.vn/dien-thoai-tecno-pova-7-256gb.html,6.78 inches,IPS LCD,108M+2M,8MP,MediaTek Helio G100 Utimate,Có,256 GB,2 Nano-SIM,Android 15,1080x2460 pixels,"Tần số quét 120Hz, FHD+, Độ sáng tối đa 900nits","2*A76 up to 2.2Ghz, 6*A55 up to 2.0Ghz",8 GB,7000mAh,,
Nubia V80 Design 4GB 128GB,3.490.000đ,https://cellphones.com.vn/dien-thoai-nubia-v80-design-4gb-128gb.html,6.75 inches,IPS LCD,50 MP + 2 MP + 0.08 MP,16 MP,Unisoc T7280,Có,128 GB,2 Nano-SIM,Android 16,,Tần số quét 120Hz,Octa-core (2x2.2 GHz Cortex-A75 & 6x2.0 GHz Cortex-A55),4 GB,5000 mAh,,
Itel RS4 8GB 128GB NFC,2.990.000đ,https://cellphones.com.vn/dien-thoai-itel-rs4-128gb.html,6.56 inches,IPS LCD,"Camera góc rộng: 50 MP, f/1.6, AF",8 MP,Mediatek Helio G99 Ultimate,Có,128 GB,2 Nano-SIM,Android 13,720 x 1612 (HD+),Tần số quét 120HzTỷ lệ 20:9 (mật độ ~ 269 ppi),2x2.2 GHz Cortex-A76 & 6x2.0 GHz Cortex-A55,8 GB,"5,000 mAh",,
HONOR X7d 5G 8GB 256GB,7.290.000đ,https://cellphones.com.vn/dien-thoai-honor-x7d-5g-8gb-256gb.html,6.77 inches,TFT LCD,Camera chính 50MP (f/1.8)Camera độ sâu 2MP (f/2.4),5 MP (khẩu độ f/2.2),Qualcomm Snapdragon 6s Gen 3,Có,256 GB,2 Nano-SIM,MagicOS 9.0 (Dựa trên Android 15),1612 × 720 pixel,"Độ sáng: 850 nit (HBM), 700 nit (Typical)Màu sắc: 16,7 triệu màu, 85% NTSCChế độ bảo vệ mắt/Dynamic Dimming","8 nhân: 2xA78@2.3GHz, 6xA55@2.0GHz",8 GB,6500 mAh,,
TECNO CAMON 40 8GB 256GB,5.290.000đ,https://cellphones.com.vn/dien-thoai-tecno-camon-40-8gb-256gb.html,6.78 inches,AMOLED,"50MP, ƒ/1.8Góc siêu rộng 8MP",32MP,Mediatek Helio G100 Ultimate,Có,256 GB,2 Nano-SIM,Android 15,,Màn hình phẳngFHD+Tần số quét 120HzĐộ sáng màn hình 1300 nitsHDR,,8 GB,5200 mAh,,
Nokia HMD 105 4G,690.000đ,https://cellphones.com.vn/nokia-hmd-105-4g.html,2.4 inches,,,,Unisoc 8910  & T127,,128 MB,,,,QVGA,,,1450 mAh,,
HONOR X6c 6GB 128GB,4.090.000đ,https://cellphones.com.vn/dien-thoai-honor-x6c.html,6.6 inches,TFT LCD,Camera chính 50MP (F1.8) + Cảm biến chiều sâu,5MP  (F2.2),MediaTek Helio G81 Ultra,Có,128 GB,2 SIM (Nano-SIM),MagicOS 9.0 (Trên nền tảng Android 15）,720 x 1604 (HD+),"16,7 triệu màuTFT LCDCử chỉ đa chạm, hỗ trợ tối đa 10 điểm chạm.",2xA75 *2.0Ghz + 6xA55 *1.7Ghz,6 GB,"5300mAh, 35W (11V/3.2A)",,
Nokia 220 4G,980.000đ,https://cellphones.com.vn/nokia-220-4g.html,2.8 inches,TFT LCD,,,Unisoc T107,,128 MB,2 Nano-SIM,S30+,,QVGA,,,1450 mAh,,
HONOR 400 5G 12GB 512GB,12.990.000đ,https://cellphones.com.vn/dien-thoai-honor-400-5g-12gb-512gb.html,6.55 inches,AMOLED,"Camera chính AI 200MP (f/1.9, OIS) + 12MP Camera Góc Siêu Rộng (f/2.2)",50MP (f/2.0),Snapdragon 7 Gen 3,Có,512 GB,2 Nano SIM hoặc 1 Nano + 1 eSIM,MagicOS 9.0 (Dựa trên Android 15),2736 × 1264 pixels,"1,07 tỷ màu",8 lõi,12 GB,"6000 mAh (Li-Po, công nghệ Pin Silicon-Carbon)",,
Điện thoại trẻ em Masstel Alfa 5,1.050.000đ,https://cellphones.com.vn/dien-thoai-masstel-alfa-5.html,3.5 inches,IPS LCD,,,ASR,,128 MB,Nano-SIM,,240 x 320 pixels,262K màu,,,1750 mAh,,
HONOR X7d 8GB 128GB,5.990.000đ,https://cellphones.com.vn/dien-thoai-honor-x7d-8gb-128gb.html,6.77 inches,TFT LCD,"108 MP, f/1.8 + 2MP","8MP, f/2.0",Qualcomm Snapdragon 685,,128 GB,2 Nano-SIM,"Android 15, MagicOS 9.0",,"Độ phân giải HD+ (720 × 1.610 px), 120 Hz, 850 nits","8 nhân: 4 × Cortex-A73 (2,8 GHz) + 4 × Cortex-A53 (1,9 GHz)",8 GB,6500 mAh,,
TECNO CAMON 30 8GB 256GB,4.590.000đ,https://cellphones.com.vn/tecno-camon-30.html,6.78 inches,AMOLED,"Camera kép:50 MP, ƒ/1.9 (Góc rộng), 1/1.57"" Kích thước cảm biến, chống rung quang học (OIS) + chống rung điện tử (EIS)2 MP (Chiều sâu)Đèn flash LED kép, Dải động cao (HDR), Toàn cảnhĐộ phân giải video: 1440p @ 30 fps, 1080p @ 30/60 fps","Camera đơn: 50 MP (Góc rộng), Tự động lấy nét (PDAF)Đèn flash LED képĐộ phân giải video: 1440p @ 30 fps, 1080p @ 30/60 fps",Helio G99 Ultimate(6nm),Có,256 GB,Nano-SIM,Android 14 (Upside Down Cake),1080 x 2436 pixels,Tần số quét 120Hz,"Lõi CPU: 8 lõiCông nghệ CPU: 6 nmTốc độ tối đa của CPU: 2.2 GHzKiến trúc CPU: 64-bitVi kiến trúc: 2x 2.2 GHz – Cortex-A76, 6x 2.0 GHz – Cortex-A55Loại bộ nhớ: LPDDR4X",8 GB,5000 mAh,,
TECNO Spark Go 2 4GB 64GB,2.490.000đ,https://cellphones.com.vn/dien-thoai-tecno-spark-go-2.html,6.67 inches,LCD,13 MP,8 MP,Unisoc T7250,Không,64 GB,2 SIM (Nano-SIM),Android 15 Go edition,720 x 1600 pixel,"Tần số quét 120Hz, độ sáng tối đa 720 nits",8 nhân,4 GB,5000mAh,,
Honor X5c Plus 4GB 64GB,3.090.000đ,https://cellphones.com.vn/dien-thoai-honor-x5c-plus.html,6.74 inches,TFT LCD,Camera chính 50MP (f/1.8) + QVGA 0.08MP,Camera 5 MP (khẩu độ f/2.2),MediaTek Helio G81,Có,64 GB,Nano-SIM,"Android 15, MagicOS 9",720 x 1600 pixel,"Tần số quét 90Hz, 16,7 triệu màu","8 nhân, 2*A75 2.0Ghz + 6*A55 1.7Ghz",4 GB,5130mAh (giá trị định mức)5260mAh (giá trị điển hình),,
Nubia V60 Design 6GB 256GB,2.690.000đ,https://cellphones.com.vn/dien-thoai-nubia-v60-design.html,6.6 inches,,50MP AI Camera 2MP FF+AI Camera,8MP FF,Unisoc T606,Không,256 GB,2 SIM (Nano-SIM),Android T,720 x 1612 (HD+),Tần số quét 90Hz,Octa-Core 1.6GHz,6 GB,5000mAh,,
HONOR Play 10 4GB 128GB,2.580.000đ,https://cellphones.com.vn/dien-thoai-honor-play-10-4gb-128gb.html,6.74 inches,TFT LCD,13 MP (Đèn Flash),5 MP,MediaTek Helio G81,,128 GB,2 Nano-SIM,Android 15,720 x 1600 pixel,"Tần số quét 90Hz16.7 triệu màu, 480 nitsHỗ trợ 10 điểm chạm cùng lúc",8 nhân,4 GB,5000mAh,,
Nokia 105 4G Pro,750.000đ,https://cellphones.com.vn/nokia-105-4g-pro.html,1.77 inches,IPS LCD,,,Unisoc T107,,128 MB,2 SIM (Nano-SIM),,,,,,1450mAh,,
Điện thoại Meizu Mblu 21 4GB 64GB,2.290.000đ,https://cellphones.com.vn/dien-thoai-meizu-mblu-21.html,6.79 inches,,13MP0.08 MP,8 MP,Spreadtrum T606,Không,64 GB,2 Nano-SIM,Android 14,,,,4 GB,4900mAh,,
Masstel Izi 15 4G,420.000đ,https://cellphones.com.vn/masstel-izi-15.html,1.77 inches,,,,Unisoc UMS9117,,,2 SIM (Nano-SIM),,,QQVGA,,,1000 mAh,,
Nokia 3210 4G,1.450.000đ,https://cellphones.com.vn/nokia-3210-4g.html,2.4 inches,,2MP,,Unisoc T107,,128 MB,2 Nano-SIM,,,QVGA,,,1450 mAh,,
Masstel Fami 8 4G,580.000đ,https://cellphones.com.vn/dien-thoai-masstel-fami-8.html,1.77 inches,,,,UNISOC T107,,128 MB,2 Nano-SIM,,128 x 160 pixels,Công nghệ màn hình: QQVGA262K màu,,,1400 mAh,,
Honor X5c Plus 4GB 128GB,3.390.000đ,https://cellphones.com.vn/dien-thoai-honor-x5c-plus-4gb-128gb.html,6.74 inches,TFT LCD,Camera chính 50MP (f/1.8) + QVGA 0.08MP,Camera 5 MP (khẩu độ f/2.2),MediaTek Helio G81,Có,128 GB,Nano-SIM,"Android 15, MagicOS 9",720 x 1600 pixel,"Tần số quét 90Hz, 16,7 triệu màu","8 nhân, 2*A75 2.0Ghz + 6*A55 1.7Ghz",4 GB,5130mAh (giá trị định mức)5260mAh (giá trị điển hình),,
OPPO A18 4GB 64GB,2.890.000đ,https://cellphones.com.vn/dien-thoai-oppo-a18-4gb-64gb.html,6.56 inches,IPS LCD,Chính 8 MP & Phụ 2 MP,5 MP,MediaTek Helio G85 8 nhân,Không,64 GB,2 SIM (Nano-SIM),Android 13,720 x 1612 (HD+),Tần số quét 90 HzĐộ sáng tối đa: 720 nitsMặt kính cảm ứng:  Kính cường lực Panda,2 nhân 2.0 GHz & 6 nhân 1.8 GHz,4 GB,"5,000mAh",,
Viettel T2 4G,530.000đ,https://cellphones.com.vn/dien-thoai-viettel-t2-4g.html,2.4 inches,,0.08MP,,T107,,128 MB,,Mocor(RTOS),,2.4'' QVGA TN,,48MB,1400 mAh,,
Nokia 110 4G Pro,820.000đ,https://cellphones.com.vn/nokia-110-4g-pro.html,1.77 inches,IPS LCD,QVGA,,Unisoc T107,,128 MB,2 SIM (Nano-SIM),S30+,,,,,1450mAh,,
OPPO Reno8 5G (8GB 256GB),13.990.000đ,https://cellphones.com.vn/oppo-reno-8-5g.html,6.4 inches,AMOLED,"Camera chính: 50 MP, f/1.8  Camera phụ: 8 MP f/2.4  Camera Marco: 2 MP f/2.2","32 MP, f/2.4",MediaTek Dimensity 1300 8 nhân,Có,256 GB,2 SIM (Nano-SIM),Android 12,1080 x 2400 pixels (FullHD+),"Kính cường lực Corning Gorilla Glass 5Tần số quét 90 Hz600 nits, 16.7 triệu màu, 409 PPI",8 nhân với độ mượt tối đa đến 3.0 GHz (1 lõi siêu lớn + 3 lõi lớn + 4 lõi nhỏ),8 GB,Li-Po 4500 mAh,,
Masstel izi T5 plus 4G,530.000đ,https://cellphones.com.vn/dien-thoai-masstel-izi-t5-plus.html,2.4 inches,,,,UNISOC T107,,,2 SIM (Nano-SIM),,240 x 320 pixels,,,,2300 mAh,,
Masstel izi T8,530.000đ,https://cellphones.com.vn/dien-thoai-masstel-izi-t8.html,2.4 inches,,,,,,,2 Nano-SIM,,,Màu màn hình: 262KĐộ phân giải: QVGA 240*320,ASR3603S,,2300mAh,,
Masstel izi  22,470.000đ,https://cellphones.com.vn/dien-thoai-masstel-izi-22.html,1.77 inches,,,,ASR Platform,Không,,,,128 x 160 pixels,"262KHiển thị rõ ràng, phông chữ lớn, dễ đọc",,,1000 (thời gian chờ 7-10 ngày),,
Masstel Izi S8,485.000đ,https://cellphones.com.vn/dien-thoai-masstel-izi-s8.html,1.77 inches,TFT LCD,,,T107 (UMS9117),,,2 Nano-SIM,,,"Độ phân giải: QQVGA (128 × 160)Phông chữ to, dễ sử dụng",,,1400mAh,,
Masstel Fami 25,650.000đ,https://cellphones.com.vn/dien-thoai-masstel-fami-25.html,1.77 inches,TFT LCD,,,T107 (UMS9117),,128 MB,2 Nano-SIM,,,QQVGA (160 × 128),,48MB,1400 mAh,,
iPhone 14 Pro Max 128GB | Chính hãng VN/A,25.590.000đ,https://cellphones.com.vn/iphone-14-pro-max.html,6.7 inches,Super Retina XDR OLED,"Camera chính: 48 MP, f/1.8, 24mm, 1.22µm, PDAF, OIS  Camera góc siêu rộng: 12 MP, f/2.2, 13mm, 120˚, 1.4µm, PDAF  Camera tele: 12 MP, f/2.8, 77mm (telephoto), PDAF, OIS, 3x optical zoom  Cảm biến độ sâu TOF 3D LiDAR","Camera selfie: 12 MP, f/1.9, 23mm, 1/3.6"", PDAF",Apple A16 Bionic 6-core,Có,128 GB,2 SIM (nano‑SIM và eSIM),iOS 16,2796 x 1290-pixel,"120Hz, Always-On display, HDR, True Tone, Haptic Touch, 2,000,000:1, 2000 nits",CPU 6 lõi với 2 lõi hiệu năng và 4 lõi tiết kiệm điện,6 GB,4.323 mAh,,
iPhone 16 Pro 256GB | Chính hãng VN/A,27.990.000đ,https://cellphones.com.vn/iphone-16-pro-256gb.html,6.3 inches,Super Retina XDR OLED,"Camera chính: 48MP, f/1.78, 24mm, chống rung quang học dịch chuyển cảm biến thế hệ thứ hai, Focus Pixels 100%, hỗ trợ ảnh có độ phân giải siêu caoHỗ trợ Telephoto 2x 12MP: 52 mm, ƒ/1.6 Camera góc siêu rộng: 48MP, 13 mm, ƒ/2.2 và trường ảnh 120°, H","12MP, ƒ/1.9, Tự động lấy nét theo pha Focus Pixels",Apple A18 Pro,Có,256 GB,Sim kép (nano-Sim và e-Sim) - Hỗ trợ 2 e-Sim,iOS 18,2622 x 1206  pixels,Dynamic IslandMàn hình HDRTrue ToneDải màu rộng (P3)Haptic TouchTỷ lệ tương phản 2.000.000:1Độ sáng tối đa 1000 nit460 ppiLớp phủ kháng dầu chống in dấu vân tayHỗ trợ hiển thị đồng thời nhiều ngôn ngữ và ký tự,CPU 6 lõi mới với 2 lõi hiệu năng và 4 lõi tiết kiệm điện,,,Tương Thích Với Thiết Bị Trợ Thính,
Xiaomi Redmi Note 14 6GB 128GB,4.390.000đ,https://cellphones.com.vn/dien-thoai-xiaomi-redmi-note-14.html,6.67 inches,AMOLED,Hệ thống camera AI 108MP  Camera đo chiều sâu 2MP - f/2.4 Camera cận cảnh 2MP - f/2.4,Camera trước 20MP - f/2.2,MediaTek Helio G99-Ultra,Có,128 GB,2 Nano-SIM,Android 14,1080 x 2400 pixels (FullHD+),Tốc độ làm mới: Lên đến 120Hz Độ sáng: 1800 nits đỉnh Tỷ lệ tương phản: 5.000.000:1,"8 nhân, lên đến 2.2GHz",6 GB,5500mAh,,
iPhone 16 Pro 128GB | Chính hãng VN/A,24.490.000đ,https://cellphones.com.vn/iphone-16-pro.html,6.3 inches,Super Retina XDR OLED,"Camera chính: 48MP, f/1.78, 24mm, chống rung quang học dịch chuyển cảm biến thế hệ thứ hai, Focus Pixels 100%, hỗ trợ ảnh có độ phân giải siêu caoHỗ trợ Telephoto 2x 12MP: 52 mm, ƒ/1.6 Camera góc siêu rộng: 48MP, 13 mm, ƒ/2.2 và trường ảnh 120°, H","12MP, ƒ/1.9, Tự động lấy nét theo pha Focus Pixels",Apple A18 Pro,Có,128 GB,Sim kép (nano-Sim và e-Sim) - Hỗ trợ 2 e-Sim,iOS 18,2622 x 1206  pixels,Dynamic IslandMàn hình HDRTrue ToneDải màu rộng (P3)Haptic TouchTỷ lệ tương phản 2.000.000:1Độ sáng tối đa 1000 nit460 ppiLớp phủ kháng dầu chống in dấu vân tayHỗ trợ hiển thị đồng thời nhiều ngôn ngữ và ký tự,CPU 6 lõi mới với 2 lõi hiệu năng và 4 lõi tiết kiệm điện,8 GB,,Tương Thích Với Thiết Bị Trợ Thính,
Xiaomi 14T Pro 12GB 512GB,12.990.000đ,https://cellphones.com.vn/xiaomi-14t-pro.html,6.67 inches,AMOLED,"Máy ảnh chính: 50MP, 23mm, ƒ/1 6  Máy ảnh góc siêu rộng: 12MP, 15mm, ƒ/2 2 Máy ảnh tele: 50MP, 60mm, ƒ/2 0","32MPƒ/2,0 Độ dài tiêu cự tương đương 25 mm  FOV 80,8˚Chế độ ban đêmHDRTính năng chụp ảnh bằng lòng bàn tay",MediaTek Dimensity 9300+,Có,512 GB,Sim kép (nano-Sim và e-Sim) - Hỗ trợ 2 e-Sim,,1220 x 2712 pixels,"144Hz, 446 ppi, 4000 nitsĐộ sâu màu 12 bitLàm mờ PWM lên đến 3840HDR10+, Dolby Vision®Mặt sau cong 3D","1 x Cortex-X4, tối đa 3,4GHz; 3 x Cortex-X4,  lên đến 2,85GHz; 4 x Cortex-A720, lên đến 2.0GHz",12 GB,5000 mAh,,
Điện thoại Nubia Z70S Ultra 5G 12GB 256GB,19.990.000đ,https://cellphones.com.vn/dien-thoai-nubia-z70s-ultra-5g.html,,AMOLED,Camera chính: 50 MP f/1.7Camera tele: 64 MP f/2.48 Camera góc siêu rộng: 50 MP f/2.0,16 MP,Snapdragon 8 Elite (3nm),Có,256 GB,2 Nano-SIM,Nebula AIOS - Android 15,,"Kích thước màn hình: 6.85 inchĐộ phân giải màn hình: 2688 x 1216 pixelsTần số quét: 144 HzĐộ sáng: 2000nits, 430PPI100% DCI-P3Longxi Durable Glass 2.0",,12 GB,6.600 mAh,,
iPhone 15 Pro 128GB | Chính hãng VN/A,23.990.000đ,https://cellphones.com.vn/iphone-15-pro.html,6.1 inches,Super Retina XDR OLED,"Camera chính: 48MP, 24 mm, ƒ/1.78, Camera góc siêu rộng: 12 MP, 13 mm, ƒ/2.2Camera Tele 3x: 12 MP, 77 mm, ƒ/2.8","12MP, ƒ/1.9",Apple A17 Pro 6 nhân,Có,128 GB,2 SIM (nano‑SIM và eSIM),iOS 17,2556 x 1179 pixels,Tốc độ làm mới 120Hz460 ppiHDRTrue ToneDải màu rộng (P3)Haptic TouchTỷ lệ tương phản 2.000.000:1 Độ sáng 2.000 nit,CPU 6 lõi mới với 2 lõi hiệu năng và 4 lõi hiệu suất,8 GB,3274 mAh,,
Xiaomi 15 5G 12GB 256GB,18.490.000đ,https://cellphones.com.vn/dien-thoai-xiaomi-15.html,6.36 inches,CrystalRes AMOLED,"Camera chính Leica: 50MP, ƒ/1.62, OIS, Tiêu cự tương đương 23mmCamera tele Leica: 50MP, ƒ/2.0, OISCamera góc siêu rộng Leica: 50MP, ƒ/2.2, 115°","Camera trước: 32MP, ƒ/2.0, 90°,  Tiêu cự 21mm",Snapdragon 8 Elite (Tiến trình sản xuất 3nm),Có,256 GB,Sim kép (nano-Sim và e-Sim) - Hỗ trợ 2 e-Sim,Xiaomi HyperOS 2,2670 x 1200 pixels,"Độ sáng 3200 nitsTự động tinh chỉnh tần số quét 1-120Hz Tốc độ phản hồi cảm ứng lên đến 300HzHỗ trợ 68 tỷ màuDải màu DCI-P3Hỗ trợ Dolby Vision, HDR10+, HDR10Độ sáng DCCông nghệ cảm ứng ướt","2 x Lõi Prime, tốc độ tối đa 4,32GHz6 x Lõi hiệu suất, lên đến 3,53GHz",12 GB,5240mAh,,
iPhone Air 1TB | Chính hãng,33.990.000đ,https://cellphones.com.vn/iphone-air-1tb.html,6.5 inches,Super Retina XDR,48MP Fusion Main f/1.6,18MP Center Stage f/1.6,Chip A19 Pro,Có,1 TB,2 eSIM,iOS 26,2736 x 1260 pixels,"Dynamic IslandMàn hình luôn bậtHDR460 ppiTrue ToneDải màu rộng (P3)Haptic TouchTỷ lệ tương phản 2.000.000:1Độ sáng 1000 nit (typ)Đỉnh 1600 nit (HDR)Đỉnh 3000 nit (ngoài trời)Lớp phủ chống vân tay, chống phản chi",6 lõi (2 hiệu năng + 4 tiết kiệm điện),,Xem video: 27 giờXem video trực tuyến: 22 giờ,,
iPhone 16 256GB | Chính hãng VN/A,22.390.000đ,https://cellphones.com.vn/iphone-16-256gb.html,6.1 inches,Super Retina XDR OLED,"Camera chính: 48MP, f/1.6, 26mm, Focus Pixels 100%, hỗ trợ ảnh có độ phân giải siêu cao Camera góc siêu rộng: 12MP, ƒ/2.2, 13 mm, Focus Pixels 100%, Độ phóng đại quang học 2x, độ thu nhỏ quang học 2x; phạm vi thu phóng quang học 4x Độ thu phóng kỹ thu","12MP, ƒ/1.9, Tự động lấy nét theo pha Focus Pixels",Apple A18,Có,256 GB,Sim kép (nano-Sim và e-Sim) - Hỗ trợ 2 e-Sim,iOS 18,2556 x 1179 pixels,Dynamic IslandMàn hình HDRTrue ToneDải màu rộng (P3)Haptic TouchTỷ lệ tương phản 2.000.000:1Độ sáng tối đa 1000 nit460 ppiLớp phủ kháng dầu chống in dấu vân tayHỗ trợ hiển thị đồng thời nhiều ngôn ngữ và ký tự,CPU 6 lõi mới với 2 lõi hiệu năng và 4 lõi tiết kiệm điện,,,,
iPhone 14 Pro 128GB | Chính hãng VN/A,22.990.000đ,https://cellphones.com.vn/iphone-14-pro.html,6.1 inches,Super Retina XDR OLED,"Camera chính: 48 MP, f/1.8, 24mm, OIS  Camera góc siêu rộng: 12 MP, f/2.2, 120˚, 1.4µm Camera tele: 12 MP, f/2.8, PDAF, OIS, 3x optical zoom  Cảm biến độ sâu TOF 3D LiDAR","Camera selfie: 12 MP, f/1.9, 23mm, PDAF",Apple A16 Bionic 6 nhân,Có,128 GB,2 SIM (nano‑SIM và eSIM),iOS 16,2556 x 1179 pixels,Công nghệ ProMotion với tần số quét 120HzTỷ lệ tương phản 2.000.000: 1Độ sáng tối đa: 2.000 nits (ngoài trời),6 nhân,6 GB,3200 mAh,,
HONOR X9c 5G 12GB 256GB,7.290.000đ,https://cellphones.com.vn/dien-thoai-honor-x9c-5g.html,6.78 inches,AMOLED,"Camera chính 108MP (F1.75), OIS + Camera góc rộng 5MP (F2.2)",16MP (F2.45),Qualcomm Snapdragon 6 Gen 1,Có,256 GB,2 SIM (Nano-SIM),"MagicOS 8.0, dựa trên Android 14",,"2700*1224 Pixels1,07 tỷ màu1.5 K độ phân giải4000nit100% DCI-P3",4 x A78 *2.2GHz + 4 x A55*1.8GHz,12 GB,"6600mAh, 66W (120V/3.3A)",,
iPhone Air 512GB | Chính hãng,28.990.000đ,https://cellphones.com.vn/iphone-air-512gb.html,6.5 inches,Super Retina XDR,48MP Fusion Main f/1.6,18MP Center Stage f/1.6,Chip A19 Pro,Có,512 GB,2 eSIM,iOS 26,2736 x 1260 pixels,"Dynamic IslandMàn hình luôn bậtHDR460 ppiTrue ToneDải màu rộng (P3)Haptic TouchTỷ lệ tương phản 2.000.000:1Độ sáng 1000 nit (typ)Đỉnh 1600 nit (HDR)Đỉnh 3000 nit (ngoài trời)Lớp phủ chống vân tay, chống phản chi",6 lõi (2 hiệu năng + 4 tiết kiệm điện),,Xem video: 27 giờXem video trực tuyến: 22 giờ,,
iPhone 17e 512GB | Chính hãng,23.690.000đ,https://cellphones.com.vn/iphone-17e-512gb.html,6.1 inches,Super Retina XDR,"48MP, ƒ/1.6Telephoto 2x: 12MP, ƒ/1.6","12MP, ƒ/1.9",Apple A19,Có,512 GB,2 SIM (nano‑SIM và eSIM),iOS 26,2532 x 1170 pixels,HDR460 ppiTrue ToneDải màu rộng (P3)Haptic TouchTỷ lệ tương phản 2.000.000:1Độ sáng 800 nit (tiêu chuẩn)Độ sáng đỉnh: 1200 nit (HDR),6 lõi với 2 lõi hiệu năng và 4 lõi tiết kiệm điện,,Xem video: 26 giờXem video trực tuyến: 21 giờ,,
Samsung Galaxy S24 8GB 512GB,17.190.000đ,https://cellphones.com.vn/samsung-galaxy-s24-512gb.html,6.2 inches,Dynamic AMOLED 2X,"Camera chính 50 MP, f/1.8 Camera tele: 10 MP, f/2.4,  PDAF, OIS, zoom quang học 3xCamera góc siêu rộng: 12 MP, f/2.2, 120˚","12 MP, f/2.2",Exynos 2400,Có,512 GB,SIM 1 + SIM 2 / SIM 1 + eSIM / 2 eSIM,"Android 14, One UI 6.1",1080 x 2340 pixels (FullHD+),"120Hz, Độ sáng tối đa 2600 nits, Corning® Gorilla® Glass Victus® 2, 16 triệu màu","1 nhân 3.3 GHz, 5 nhân 3.2 GHz & 2 nhân 2.3 GHz",8 GB,4.000 mAh,IP68,
OPPO A3X 6GB 128GB,4.210.000đ,https://cellphones.com.vn/dien-thoai-oppo-a3x-6gb-128gb.html,6.67 inches,LCD,8MP; f/2; FOV 78°,"5MP; f/2.2,",Qualcomm® Snapdragon® 6s 4G Gen1,Không,128 GB,2 Nano-SIM,ColorOS 14.0,720 x 1604 (HD+),"Tỉ lệ màn hình  89.9%, 90Hz",8 nhân,6 GB,5100mAh,,
Xiaomi POCO X7 5G 12GB 512GB,7.990.000đ,https://cellphones.com.vn/dien-thoai-xiaomi-poco-x7-5g.html,6.67 inches,AMOLED,"Camera chính: 50MP, f/1.5Camera góc siêu rộng: 8MP, f/2.2Camera macro: 2MP, f/2.4","20MP, f/2.2",Powerful Dimensity 7300-Ultra,Có,512 GB,2 Nano-SIM,Xiaomi HyperOS,2712 x 1220 pixels,"Tần số quét: 120Hz, 500 nits, Độ sâu màu: 12bit, Tỷ lệ tương phản: 5.000.000:1, DCI-P3, Kính Corning® Gorilla® Victus® 2, Dolby Vision, HDR10+","Octa-core CPU, up to 2.5GHz",12 GB,5110mAh,,
OPPO Reno14 5G 12GB 256GB,15.500.000đ,https://cellphones.com.vn/dien-thoai-oppo-reno14.html,6.59 inches,AMOLED,"Chính 50MP OIS, F/1.8Tele 50MP OIS, F/2.8Góc rộng 8MP, F/2.2","50MP, F/2.0","MediaTek Dimensity 8350 5G, tối đa 3.35GHz",Có,256 GB,2 Nano-SIM,"ColorOS 15, Android 15",1256 x 2760 pixels,"Tần số quét 120Hz, độ sáng 1200 nits, kính GG7i","8 nhân, 3.35GHz",12 GB,6000mAh,,
Nubia Neo 3 5G 8GB 256GB,5.090.000đ,https://cellphones.com.vn/dien-thoai-nubia-neo-3-5g.html,6.8 inches,IPS LCD,"50M+2M, ƒ/1.8","16MP, ƒ/2.0",Unisoc T8300,Có,256 GB,Nano-SIM,Android 15,,Độ phân giải: 900 x 2030 pixel (FHD)Tần số: 120HzĐộ sáng: 1000 nits,Octa-Core (2*Cortex-A78 @ 2.2GHz + 6*Cortex-A55 @2.0GHz),8 GB,6000mAh,,
OPPO A58 8GB 128GB,4.500.000đ,https://cellphones.com.vn/oppo-a58-8gb-128gb.html,6.72 inches,,Cảm biến chính 50MP  Cảm biến độ sâu 2MP,8MP,MediaTek Helio G85 8 nhân,Không,128 GB,2 SIM (Nano-SIM),Android 13,1080 x 2412 pixels,"Tần số quét 60 Hz680 nits, Kính cường lực Panda",2.0 GHz,8 GB,"5,000mAh",,
Xiaomi Redmi Note 13 Pro 4G 8GB 128GB,4.690.000đ,https://cellphones.com.vn/xiaomi-redmi-note-13-pro.html,6.67 inches,AMOLED,"Chính 200 MP & Phụ 8 MP, 2 MP",16 MP,MediaTek Helio G99-Ultra 8 nhân,Có,128 GB,2 SIM (Nano-SIM),Android 13,1080 x 2400 pixels (FullHD+),Tần số quét 120Hz1300 nitsKính cường lực Corning Gorilla Glass 5,2.2 GHz,8 GB,5000 mAh,,
Xiaomi Redmi Note 13 Pro 5G 8GB 256GB,6.290.000đ,https://cellphones.com.vn/dien-thoai-xiaomi-redmi-note-13-pro-5g-8gb-256gb.html,6.67 inches,AMOLED,"Chính 200 MP & Phụ 8 MP, 2 MP",16 MP,Snapdragon 7s Gen 2 8 nhân,Có,256 GB,Dual nano-SIM hoặc 1 nano-SIM + 1 eSIM,Android 13,1220 x 2712 pixels,"Tần số quét 120Hz, 1800 nitsKính cường lực Corning Gorilla Glass Victus",4 nhân 2.4 GHz & 4 nhân 1.95 GHz,8 GB,5100 mAh,,
Samsung Galaxy S23 Ultra 256GB,19.490.000đ,https://cellphones.com.vn/samsung-galaxy-s23-ultra.html,6.8 inches,Dynamic AMOLED 2X,"Siêu rộng: 12MP, F2.2 (Dual Pixel AF)Chính: 200MP, F1.7 OIS ±3° (Super Quad Pixel AF)Tele 1: 10MP, F4.9 (10X, Dual Pixel AF) OIS,Tele 2: 10MP, F2.4 (3X, Dual Pixel AF) OIS Thu phóng chuẩn không gian 100X","12MP, F2.2 (Dual Pixel AF)",Snapdragon 8 Gen 2 (4 nm),Có,256 GB,2 Nano SIM hoặc 1 Nano + 1 eSIM,Android 13,1440 x 3088 pixels (QHD+),"120Hz, HDR10+, 1750 nits, Gorilla Glass Victus 2",1x3.36 GHz Cortex-X3 & 2x2.8 GHz Cortex-A715 & 2x2.8 GHz Cortex-A710 & 3x2.0 GHz Cortex-A510,8 GB,5.000mAh,Bút S-Pen,
OPPO A3 6GB 128GB,4.500.000đ,https://cellphones.com.vn/dien-thoai-oppo-a3.html,6.67 inches,LCD,"50MP, Khẩu độ F/1.8","5 MP, Khẩu độ F/2.2","Snapdragon 6s 4G Gen1, tối đa 2.1GHz",Không,128 GB,2 SIM (Nano-SIM),"ColorOS 14, nền tảng Android 14",720 x 1604 (HD+),"16 triệu màu, 90Hz, Kính cường lực Panda, độ sáng 1000 nit",,6 GB,5100mAh,,
realme GT Neo 3,Giá Liên Hệ,https://cellphones.com.vn/realme-gt-neo-3.html,6.7 inches,AMOLED,"Camera góc rộng: 50 MP, f/1.9, 24mm, 1/1.56"", 1.0µm, PDAF, OISCamera góc siêu rộng:8 MP, f/2.3, 15mm, 120˚, 1/4.0"", 1.12µmCamera macro: 2 MP, f/2.4","Camera góc rộng: 16 MP, f/2.5, 26mm, 1/3.09"", 1.0µm",Mediatek Dimensity 8100 (5 nm),Có,128 GB,2 SIM (Nano-SIM),Android 12,1080 x 2412 pixels,"1 tỷ màu, tần số quét 120Hz, HDR10+ Kính cường lực Corning Gorilla Glass 5",4x2.85 GHz Cortex-A78 & 4x2.0 GHz Cortex-A55,6 GB,5000 mAh,,
iPhone 13 Pro Max 128GB | Chính hãng VN/A,22.990.000đ,https://cellphones.com.vn/iphone-13-pro-max.html,6.7 inches,Super Retina XDR OLED,"Camera góc rộng: 12MP, ƒ/1.5  Camera góc siêu rộng: 12MP, ƒ/1.8  Camera tele : 12MP, /2.8","12MP, ƒ/2.2",Apple A15 Bionic 6 nhân,Có,128 GB,2 SIM (nano‑SIM và eSIM),iOS15,2778 x 1284 pixel,"Tần số quét 120 Hz, 1200 nits, Super Retina XDR với ProMotion 6.1‑inch,  OLED, 458 pp, HDR display, True Tone, Wide color (P3), Haptic Touch",3.22 GHz,6 GB,4352mAh,,
OPPO Find N5 16GB 512GB,44.180.000đ,https://cellphones.com.vn/dien-thoai-oppo-find-n5.html,8.12 inches,AMOLED,"50MP, ƒ/1.8 OIS (Chính) + 8MP, ƒ/2.2 (Góc rộng) + 50MP, ƒ/2.7 (Tele)","Màn hình chính: 8MP, ƒ/2.4Màn hình ngoài: 8MP, ƒ/2.4",Qualcomm Snapdragon® 8 Elite,Có,512 GB,Dual nano-SIM hoặc 1 nano-SIM + 1 eSIM,"ColorOS 15, nền tảng Android 15",2.480 x 2.248 pixels,"Tần số: 120HzMàn hình chính: Kính Pet+UTG, 1400nitMàn hình ngoài: 6.62 inch, 1140 x 2616 (FHD+), kính siêu mỏng Nanocrytal, 1600nit1 tỷ màu sắc",,16 GB,5600mAh,,
Nubia Neo 2 5G,4.290.000đ,https://cellphones.com.vn/nubia-neo-2.html,6.72 inches,IPS LCD,"Camera góc rộng: 50 MP, f/1.8, PDAFCamera đo độ sâu: 2 MP, f/2.4",16MP,Unisoc T820 (6 nm),Có,256 GB,2 SIM (Nano-SIM),Android 13,1080 x 2400 pixels (FullHD+),"Corning Gorilla Glass, 400 ppiTần số quét 120Hz",1x2.7 GHz Cortex-A76 & 3x2.3 GHz Cortex-A76 & 4x2.1 GHz Cortex-A55,8 GB,6000mAh,,
Samsung Galaxy A06 4GB 128GB,2.590.000đ,https://cellphones.com.vn/dien-thoai-samsung-galaxy-a06.html,6.7 inches,PLS LCD,"50.0 MP, f/1.8 2.0 MP, f/2.4","8.0 MP, f/2.0",MediaTek Helio G85,,128 GB,2 SIM (Nano-SIM),Android,720 x 1600 pixel,16 triệu màu,"8 nhân 2GHz, 1.8GHz",4 GB,5000 mAh,,
Samsung Galaxy A16 5G 8GB 128GB,4.990.000đ,https://cellphones.com.vn/dien-thoai-samsung-galaxy-a16.html,6.7 inches,Super AMOLED,"Camera góc rộng: 50MP, f/1.8 AFCamera góc siêu rộng: 5MP, f/2.2 Camera Macro: 2MP, f/2.4","13MP, f/2.0",MediaTek Dimensity 6300(6nm),Có,128 GB,2 Nano-SIM,,1080 x 2340 pixels (FullHD+),"Tần số quét 90Hz, Infinity-U Độ sáng tối đa 800nits",,8 GB,"5,000mAh",,
Samsung Galaxy Note 10+ (Plus),26.990.000đ,https://cellphones.com.vn/samsung-galaxy-note-10-plus.html,6.8 inches,Dynamic AMOLED QHD+ Infinity-O,- Góc siêu rộng: 16MP (F2.2)- Góc rộng: 12MP OIS (F.15/F2.4)- Tele: 12MP OIS (F2.1)- Ống kính cảm biến chiều sâu TOF,10 MP (F2.2),Samsung Exynos 9825,Có,256 GB,2 SIM (Nano-SIM),Android 9.0 (Pie),3040 x 1440 pixels,,"2 nhân 2.7 GHz, 2 nhân 2.3 GHz và 4 nhân 1.9 GHz",12 GB,"4300 mAh, Quick Charge 45W",,"Mở khóa bằng khuôn mặt, Mở khoá vân tay dưới màn hình"
Xiaomi Redmi Note 13 6GB 128GB,3.790.000đ,https://cellphones.com.vn/xiaomi-redmi-note-13.html,6.67 inches,AMOLED,"Chính 108 MP & Phụ 8 MP, 2 MP",16MP,Snapdragon 685,Không,128 GB,2 SIM (Nano-SIM),Android 13,1080 x 2400 pixels (FullHD+),Tần số quét 120Hz,"CPU lõi tám, tốc độ lên tới 2,8 GHz",6 GB,5000 mAh,,
Redmi Note 13 Pro 5G 12GB 512GB,6.990.000đ,https://cellphones.com.vn/dien-thoai-redmi-note-13-pro-5g.html,6.67 inches,AMOLED,"Chính 200 MP & Phụ 8 MP, 2 MP",16 MP,Snapdragon 7s Gen 2 8 nhân,Có,512 GB,2 SIM (Nano-SIM),Android 13,1220 x 2712 pixels,Tần số quét 120 Hz1800 nitsKính cường lực Corning Gorilla Glass Victus,4 nhân 2.4 GHz & 4 nhân 1.95 GHz,12 GB,5100 mAh,,
OPPO Reno14 F 5G 8GB 256GB,10.100.000đ,https://cellphones.com.vn/dien-thoai-oppo-reno14-f.html,6.57 inches,AMOLED,"Chính 50MP OIS, F/1.8Góc rộng 8MP, F/2.2Marco 2MP, F/2.4","32MP, F/2.0","Qualcomm Snapdragon 6 Gen 1 5G, tối đa 2.2GHz",Có,256 GB,2 Nano-SIM,"ColorOS 15, Android 15",1080 x 2372 pixels (FullHD+),"Tần số quét 120Hz, độ sáng 1400 nits, mặt kính AGC DT-Star D+","8 nhân, tối đa 2.2GHz",8 GB,6000mAh,Hỗ trợ thẻ nhớ MicroSD tối đa 2TB,
Samsung Galaxy S24 Ultra 12GB 512GB,23.990.000đ,https://cellphones.com.vn/samsung-galaxy-s24-ultra-512gb.html,6.8 inches,Dynamic AMOLED 2X,"Camera chính: 200MP, Laser AF, OIS Camera: 50MP,  PDAF, OIS, zoom quang học 5xCamera tele: 10MPCamera góc siêu rộng: 12 MP, f/2.2, 13mm, 120˚","12 MP, f/2.2",Snapdragon 8 Gen 3,Có,512 GB,SIM 1 + SIM 2 / SIM 1 + eSIM / 2 eSIM,"Android 14, One UI 6.1",1440 x 3120 pixels,"Độ sáng cao nhất 2,600 nits, 120Hz, HDR10+",,12 GB,5000mAh,,
iPhone 11 128GB | Chính hãng VN/A,8.490.000đ,https://cellphones.com.vn/iphone-11-128gb.html,6.1 inches,IPS LCD,Camera kép 12MP:- Camera góc rộng: ƒ/1.8 aperture- Camera siêu rộng: ƒ/2.4 aperture,"12 MP, ƒ/2.2 aperture",A13 Bionic,Có,128 GB,Nano-SIM + eSIM,iOS 13 hoặc cao hơn (Tùy vào phiên bản phát hành),1792 x 828 pixel,True-tone,Hexa-core,4 GB,3110 mAh,,"FaceID, Con quay hồi chuyển, Gia tốc kế, Cảm biến tiệm cận, Cảm biến ánh sáng xung quanh"
Xiaomi POCO X6 Pro 5G 8GB 256GB,7.540.000đ,https://cellphones.com.vn/dien-thoai-xiaomi-poco-x6-pro.html,6.67 inches,AMOLED,"Camera góc siêu rộng: 64 MP, f/1.7Camera góc siêu rộng: 8 MP, 120° FOV, f/2.2Camera macro: 2 MP, f/2.4",Camera góc siêu rộng: 16 MP,Dimensity 8300-Ultra,Có,256 GB,2 SIM (Nano-SIM),Android 14,1220 x 2712 pixels,"68 tỷ màu, tần số 120Hz, Dolby Vision, HDR10+, 1800 nits, 5,000,000:1, DCI-P3Corning Gorilla Glass 5","lõi tám, lên tới 3,35GHz",8 GB,5000 mAh,,
Samsung Galaxy S20,21.490.000đ,https://cellphones.com.vn/samsung-galaxy-s20.html,6.2 inches,"Dynamic AMOLED 2X, 120Hz(1080p), HDR, Gorilla Glass 6","Camera chính: 12 MP, f/1.8, 26mm (wide), Dual Pixel PDAF, OISCamera tele: 64 MP, f/2.0, (telephoto), PDAF, OIS, 3x hybrid optical zoomCamera góc siêu rộng: 12 MP, f/2.2, 13mm (ultrawide), AF, Super Steady video","10 MP, f/2.2, 26mm (wide), 1/3.2"", 1.22µm, Dual Pixel PDAF",Exynos 990 (7 nm+),,128 GB,2 SIM (Nano-SIM),Android 10.0; One UI 2,3200 x 1440 pixel,,Octa-core (2x2.73 GHz Mongoose M5 & 2x2.60 GHz Cortex-A76 & 4x2.0 GHz Cortex-A55),8 GB,"Li-Po 4000 mAh, Sạc nhanh 25W, Sạc không dây 15W",,"Cảm biến vân tay siêu âm trong màn hình, cảm biến tiệm cận, cảm biến gia tốc, con quay hồi chuyển, la bàn"
OPPO Reno10 5G 8GB 256GB,8.490.000đ,https://cellphones.com.vn/oppo-reno10.html,6.7 inches,AMOLED,"Camera góc rộng: 64MP; f/1.7, PDAF Chụp Telephoto chân dung: 32 MP, f/2.0 Camera góc siêu rộng: 8 MP, f/2.2, Zoom quang lai 2X× và Xoom kỹ thuật số 20X","Camera góc rộng: 32 MP, f/2.4",MediaTek Dimensity 7050 5G 8 nhân,Có,256 GB,2 SIM (Nano-SIM),Android 13,1080 x 2412 pixels,"1.07 tỷ màu, tần số quét 120Hz, HDR10+, tỷ lệ hiển thị 93%, 950 nits , viền cong 3D",8 cores,8 GB,5000 mAh,,
iPhone 12 128GB | Chính hãng VN/A,9.990.000đ,https://cellphones.com.vn/iphone-12-128gb.html,6.1 inches,OLED,"12 MP, f/1.6, 26mm (wide), 1.4µm, dual pixel PDAF, OIS 12 MP, f/2.4, 120˚, 13mm (ultrawide), 1/3.6""","12 MP, f/2.2, 23mm (wide), 1/3.6"" SL 3D, (depth/biometrics sensor)",Apple A14 Bionic (5 nm),Có,128 GB,2 SIM (nano‑SIM và eSIM),iOS 14.1 hoặc cao hơn (Tùy vào phiên bản phát hành),1170 x 2532 pixels,HDR10Dolby VisionTrue-tone,Hexa-core,4 GB,"Li-Ion, sạc nhanh 20W, sạc không dây 15W, USB Power Delivery 2.0",,"Face ID, cảm biến gia tốc, cảm biến tiệm cận, con quay hồi chuyển, cảm biên sáng"
Xiaomi 14T 12GB 512GB,11.290.000đ,https://cellphones.com.vn/xiaomi-14t.html,6.67 inches,AMOLED,"Camera chính: 50MP, 23mm, ƒ/1 7 Cảm biến hình ảnh IMX906 của Sony 2 0 m Super Pixel Máy ảnh tele: 50MP, 50mm, ƒ/1 9Máy ảnh góc siêu rộng: 12MP, 15mm, ƒ/2 2","32MPƒ/2,0FOV 80,8˚Chế độ ban đêmHDRTính năng chụp ảnh bằng lòng bàn tay",MediaTek Dimensity 8300-Ultra,Có,512 GB,Sim kép (nano-Sim và e-Sim) - Hỗ trợ 2 e-Sim,,1220 x 2712 pixels,"144Hz, 1,5K CrystalRes AMOLED,  446 ppi, 4000 nits, Độ sâu màu 12 bit, Làm mờ PWM lên đến 3840HDR10+, Dolby Vision","1x Cortex-A715, Lên đến 3,35GHz; 3x  Cortex-A715, Lên đến 3,2GHz; 4x Cortex-A510  lên đến 2,2GHz",12 GB,5000 mAh,,
iPhone 13 Pro Max 256GB | Chính hãng VN/A,23.990.000đ,https://cellphones.com.vn/iphone-13-pro-max-256gb.html,6.7 inches,Super Retina XDR OLED,"Camera góc rộng: 12MP, ƒ/1.5  Camera góc siêu rộng: 12MP, ƒ/1.8  Camera tele : 12MP, /2.8","12MP, ƒ/2.2",Apple A15 Bionic 6 nhân,Có,256 GB,2 SIM (nano‑SIM và eSIM),iOS15,2778 x 1284 pixel,"Tần số quét 120 Hz, 1200 nits, Super Retina XDR với ProMotion 6.1‑inch,  OLED, 458 pp, HDR display, True Tone, Wide color (P3), Haptic Touch",3.22 GHz,6 GB,4352mAh,,
iPhone 12 mini 64GB I Chính hãng VN/A,9.990.000đ,https://cellphones.com.vn/iphone-12-mini.html,5.4 inches,OLED,"12 MP, f/1.6, 26mm (wide), 1.4µm, dual pixel PDAF, OIS 12 MP, f/2.4, 120˚, 13mm (ultrawide), 1/3.6""","12 MP, f/2.2, 23mm (wide), 1/3.6"" SL 3D, (depth/biometrics sensor)",Apple A14 Bionic (5 nm),Có,64 GB,2 SIM (nano‑SIM và eSIM),iOS 14.1 hoặc cao hơn (Tùy vào phiên bản phát hành),1080 x 2340 pixels (FullHD+),HDR10Dolby VisionTrue-tone,Hexa-core,4 GB,"Li-Ion, sạc nhanh 20W, sạc không dây 15W, USB Power Delivery 2.0",,"Face ID, cảm biến gia tốc, cảm biến tiệm cận, con quay hồi chuyển, cảm biên sáng"
Nubia Air 5G 8GB 256GB,5.490.000đ,https://cellphones.com.vn/dien-thoai-nubia-air-5g.html,6.78 inches,AMOLED,50MP + 2M,20MP,Unisoc T8300,,256 GB,2 Nano-SIM,Android 15,,Độ phân giải: 2720 x 1224 pixelTần số: 120HzĐộ sáng tối đa: 450 nits,,8 GB,5000mAh,,
iPhone 15 Pro 256GB | Chính hãng VN/A,26.290.000đ,https://cellphones.com.vn/iphone-15-pro-256gb.html,6.1 inches,Super Retina XDR OLED,"Camera chính: 48MP, 24 mm, ƒ/1.78, Camera góc siêu rộng: 12 MP, 13 mm, ƒ/2.2Camera Tele 3x: 12 MP, 77 mm, ƒ/2.8","12MP, ƒ/1.9",Apple A17 Pro 6 nhân,Có,256 GB,2 SIM (nano‑SIM và eSIM),iOS 17,2556 x 1179 pixels,Tốc độ làm mới 120Hz460 ppiHDRTrue ToneDải màu rộng (P3)Haptic TouchTỷ lệ tương phản 2.000.000:1,CPU 6 lõi mới với 2 lõi hiệu năng và 4 lõi hiệu suất,8 GB,3274 mAh,,
OPPO Find N,Giá Liên Hệ,https://cellphones.com.vn/oppo-find-n.html,7.1 inch,LTPO AMOLED,"Camera góc rộng: 50 MP, f/1.8, OISCamera Tele: 13 MP, f/2.4, 2x optical zoom, PDAFCamera góc siêu rộng:16 MP, f/2.2","Camera góc rộng: 32 MP, f/2.4Camera phụ: 32 MP, f/2.4",Qualcomm SM8350 Snapdragon 888 5G (5nm),Có,256 GB,2 SIM (Nano-SIM),Android 11,,"Màn hình chính: LTPO AMOLED có thể gập lại, 1792 x 1920 pixel, tần số quét 120Hz, HDR10+, 500 nit, 1000 nit Màn hình phụ: 5,49 inch, 988 x 1972 pixel, AMOLED, Corning Gorilla Glass Victus","1x2,84 GHz Cortex-X1 & 3x2,42 GHz Cortex-A78 & 4x1,80 GHz Cortex-A55",8 GB,4500 mAh,,
Samsung Galaxy S24 FE 5G 8GB 128GB,11.490.000đ,https://cellphones.com.vn/dien-thoai-samsung-galaxy-s24-fe.html,6.7 inches,Dynamic AMOLED,50MP + 12vMP + 8MP,10MP,Exynos 2400e (4nm),Có,128 GB,,Android 14,1080 x 2400 pixels (FullHD+),120Hz,,8 GB,4700 mAh,,
Samsung Galaxy A15 LTE 8GB 128GB,4.290.000đ,https://cellphones.com.vn/samsung-galaxy-a15.html,6.5 inches,Super AMOLED,"Chính 50 MP & Phụ 5 MP, 2 MP",13MP,MediaTek G99,Có,128 GB,2 SIM (Nano-SIM),Android 14,1080 x 2340 pixels (FullHD+),Tần số quét 90 HzĐộ sáng tối đa: 800 nitsMặt kính cảm ứng: Kính cường lực,2 nhân 2.2 GHz & 6 nhân 2.0 GHz,8 GB,5000 mAh,,
Xiaomi Redmi Note 12S,4.990.000đ,https://cellphones.com.vn/xiaomi-redmi-note-12s.html,6.43 inches,AMOLED,"Camera chính: 108MP, f/1.89Camera góc siêu rộng: 8MP, f/2.2, FOV 118°Camera cận cảnh: 2MP, f/2.4","16MP, f/2.45",MediaTek Helio G96,,256 GB,2 SIM (Nano-SIM),Android 13,1080 x 2400 pixels (FullHD+),"Tần số quét 90Hz, Độ sáng: tối đa 700 nit (typ), 1000 nits cực đại (typ), Kính Corning Gorilla Glass 3Chế độ Sunlight, Chế độ đọc sách 3.0","8 nhân, tốc độ lên đến 2.05GHz",8 GB,5000 mAh,,
Itel P55 Plus 8GB 128GB,2.590.000đ,https://cellphones.com.vn/dien-thoai-itel-p55-plus.html,6.6 inches,,Camera góc rộng: 50 MP,8 MP,Unisoc T606,,128 GB,,Android 13,,Tần số quét 90Hz,Octa-core Processor,8 GB,5000mAh,,
Samsung Galaxy S23 Ultra 12GB 512GB,22.290.000đ,https://cellphones.com.vn/samsung-galaxy-s23-ultra-12gb-512gb.html,6.8 inches,Dynamic AMOLED 2X,"Siêu rộng: 12MP F2.2 (Dual Pixel AF)Chính: 200MP F1.7 OIS ±3° (Super Quad Pixel AF)Tele 1: 10MP F4.9 (10X, Dual Pixel AF) OIS,Tele 2: 10MP F2.4 (3X, Dual Pixel AF) OIS Thu phóng chuẩn không gian 100X",12MP F2.2 (Dual Pixel AF),Snapdragon 8 Gen 2 (4 nm),Có,512 GB,2 Nano SIM hoặc 1 Nano + 1 eSIM,Android,1440 x 3088 pixels (QHD+),"120Hz, HDR10+, 1750 nits, Gorilla Glass Victus 2",1x3.36 GHz Cortex-X3 & 2x2.8 GHz Cortex-A715 & 2x2.8 GHz Cortex-A710 & 3x2.0 GHz Cortex-A510,12 GB,5000 mAh,Bút S-Pen,
HONOR 400 Lite 5G 12GB 256GB,8.130.000đ,https://cellphones.com.vn/dien-thoai-honor-400-lite-5g.html,6.7 inches,AMOLED,Camera chính 108MP (f/1.75) + Camera góc rộng & sâu 5MP (f/2.2),"Camera 16MP (f/2.45), Đèn Flash Selfie",MediaTek Dimensity 7025-Ultra,Có,256 GB,2 Nano SIM hoặc 1 Nano + 1 eSIM,MagicOS 9.0 (Dựa trên Android 15),2412 x 1080 pixels,"Cử chỉ đa chạm (tối đa 10 điểm chạm), 16,7 triệu màu, 100% DCI-P3, Hỗ trợ 1,07 tỷ màu","8 nhân, 2xA78 2.5GHz + 6xA55 2.0Ghz",12 GB,5230 mAh,,
TECNO POVA 6 NEO 8GB 128GB,3.890.000đ,https://cellphones.com.vn/tecno-pova-6-neo.html,6.78 inches,LCD,50MP + AI,8MP,MediaTek Helio G99 Ultimate,Có,128 GB,2 Nano-SIM,Android 14,1080x2460 pixels,Tốc độ làm mới 120Hz,2*A76 up to 2.2Ghz   6*A55 up to 2Ghz,8 GB,7000 mAh,,
OPPO Reno13 F 5G 12GB 256GB,8.990.000đ,https://cellphones.com.vn/dien-thoai-oppo-reno13f-5g.html,6.67 inches,AMOLED,"Camera chính: 50MP OIS,  F/1.8 Camera góc rộng: 8MP,  F/2.2 Camera Marco: 2MP, F/2.4","32MP, F/2.4","Qualcomm Snapdragon 6 Gen1 5G, tối đa 2.2GHz",Có,256 GB,2 Nano-SIM,"ColorOS 15, nền tảng Android 15",1080 x 2400 pixels (FullHD+),"120Hz, Kính cường lực AGC DT Star2, 1200 nits, 16 triệu màu",,12 GB,5800mAh (Typ),,
Xiaomi Redmi Note 12 4GB 128GB,3.790.000đ,https://cellphones.com.vn/xiaomi-redmi-note-12.html,6.67 inches,AMOLED,"Camera chính: 50MP, f/1.8  Camera góc rộng: 8MP, f/2.2  Camera Macro: 2MP, f/2.4","13MP, f/2.45",Qualcomm Snapdragon 685,Không,128 GB,2 SIM (Nano-SIM),Android 13,1080 x 2400 pixels (FullHD+),"Tần số quét 120Hz, độ sáng 1200nits   Corning® Gorilla® Glass 3",2X Cortex-A78 @ 2.0GHz ; 6X Cortex-A55 @ 1.8GHz,4 GB,5000mAh,,
Samsung Galaxy M55 12GB 256GB,7.990.000đ,https://cellphones.com.vn/dien-thoai-samsung-galaxy-m55.html,6.7 inches,Super AMOLED Plus,"Camera góc rộng: 50 MP, f/1.8, 1/1.56"", 1.0µm, PDAF, OIS  Camera góc siêu rộng: 8 MP, f/2.2, 123˚ Camera macro: 2 MP, f/2.4","Camera góc rộng: 50 MP, f/2.4",Qualcomm Snapdragon 7 Gen 1 (4 nm),Có,256 GB,2 SIM (Nano-SIM),Android 14,1080 x 2400 pixels (FullHD+),"Tần số quét 120Hz, 1000 nits",1x2.4 GHz Cortex-A710 & 3x2.36 GHz Cortex-A710 & 4x1.8 GHz Cortex-A510,12 GB,5000 mAh,,
Redmi K50 Gaming Edition,Giá Liên Hệ,https://cellphones.com.vn/redmi-k50-gaming-edition.html,6.67 inches,OLED,"Camera góc rộng: 64 MP, f/1.9, 26mm, 1/1.73"", 0.8µm, PDAFCamera góc siêu rộng:8 MP, f/2.2, 120˚Camera macro: 2 MP, f/2.4","Camera góc rộng: 20 MP, f/2.4, 1/2.0"", 0.8µm",Qualcomm SM8450 Snapdragon 8 Gen 1 (4 nm),Có,128 GB,2 SIM (Nano-SIM),"MIUI 13, Android 12.",1080 x 2400 pixels (FullHD+),"1 tỷ màu, 120Hz, HDR10+, 800 nits (HBM)Corning Gorilla Glass Victus",1x3.00 GHz Cortex-X2 & 3x2.50 GHz Cortex-A710 & 4x1.80 GHz Cortex-A510,8 GB,4700 mAh,,
Samsung Galaxy A25 5G 6GB 128GB,4.690.000đ,https://cellphones.com.vn/samsung-galaxy-a25.html,6.5 inches,Super AMOLED,"Chính 50 MP & Phụ 8 MP, 2 MP",13 MP,Exynos 1280 8 nhân,Có,128 GB,2 SIM (Nano-SIM),Android 14,1080 x 2340 pixels (FullHD+),Tần số quét 120 Hz Độ sáng tối đa: 1000 nitsKính cường lực Corning Gorilla Glass 5,2 nhân 2.4 GHz & 6 nhân 2 GHz,6 GB,5000 mAh,,
TECNO Spark 40 8GB 256GB,3.590.000đ,https://cellphones.com.vn/dien-thoai-tecno-spark-40-8gb-256gb.html,6.67 inches,LCD,50MP + Dual Flash,8MP + Dual Flash,MediaTek Helio G91,Có,256 GB,2 SIM (Nano-SIM),Android 15,720 x 1600 pixel,Dynamic Port 2.0Độ sáng tối đa 700 nits,8 nhân (2x Cortex-A75 + 6x Cortex-A55),8 GB,5200mAh,,
Samsung Galaxy Note 10,13.800.000đ,https://cellphones.com.vn/samsung-galaxy-note-10-chinh-hang.html,6.3 inches,Dynamic AMOLED FHD+ Infinity-O,- Góc siêu rộng: 16MP (F2.2)- Góc rộng: 12MP OIS (F.15/F2.4)- Tele: 12MP OIS (F2.1),10 MP (F2.2),Samsung Exynos 9825,Có,256 GB,2 SIM (Nano-SIM),9.0 (Pie),1080 x 2280 pixels (FullHD+),,8 nhân 2.8 Ghz Kryo,8 GB,"3500 mAh, sạc nhanh 25W",,
Samsung Galaxy A16 LTE 4GB 128GB,3.390.000đ,https://cellphones.com.vn/dien-thoai-samsung-galaxy-a16-lte.html,6.7 inches,Super AMOLED,"Camera góc rộng: 50MPCamera góc siêu rộng: 5MP Camera Macro: 2MP  Khẩu độ (Đa khẩu độ): F1.8 , F2.2 , F2.4",13MP,MediaTek Helio G99,Có,128 GB,2 Nano-SIM,Android 15,1080 x 2340 pixels (FullHD+),90Hz,"2.2GHz,2.0GHz Octa-Core",4 GB,"5,000mAh",,
Samsung Galaxy Z Flip6 12GB 256GB,19.990.000đ,https://cellphones.com.vn/samsung-galaxy-z-flip-6.html,6.7 inches,Dynamic AMOLED 2X,"Camera góc chụp rộng: 50.0 MP, f/1.8, thu phóng quang học 2xGóc chụp siêu rộng: 12.0 MP, f/2.2","10.0 MP, f/2.2",Snapdragon 8 Gen 3 for Galaxy Tăng lên 42% AI,Có,256 GB,1 Nano SIM + 1 eSIM hoặc 2 eSIM,Android,1080 x 2640 pixels,"Màn hình chính: 6.7 inch, 2640 x 1080 (FHD+), 120 Hz, độ sâu màu sắc: 16M, 1600nitsMàn hình phụ: 3.4"", 720 x 748, Super AMOLED, độ sâu màu sắc: 16M, 1600nitsKính Corning® Gorilla® Glass Victus® 2","8 nhân 3.39 GHz, 3.1GHz, 2.9GHz, 2.2GHz",12 GB,4000 mAh,,
Samsung Galaxy S24 Plus 12GB 512GB,18.990.000đ,https://cellphones.com.vn/samsung-galaxy-s24-plus-512gb.html,6.7 inches,Dynamic AMOLED 2X,"Camera chính góc rộng: 50 MP, f/1.8, Dual Pixel PDAF, OISCamera tele: 10 MP, f/2.4, PDAF, OIS, zoom quang học 3xCamera góc siêu rộng: 12 MP, f/2.2, 120˚","12 MP, f/2.2",Exynos 2400,Có,512 GB,SIM 1 + SIM 2 / SIM 1 + eSIM / 2 eSIM,"Android 14, One UI 6.1",3120 x 1440 pixels (Quad HD+),"120Hz, Độ sáng tối đa 2600 nits, Corning® Gorilla® Glass Victus® 2, 16 triệu màu","3.2GHz,2.9GHz,2.6GHz,1.95GHz",12 GB,"4,900 mAh",,
Xiaomi Redmi 13C 6GB 128GB,2.990.000đ,https://cellphones.com.vn/xiaomi-redmi-13c.html,6.74 inches,IPS LCD,Chính 50 MP & Phụ 2 MP,8 MP,MediaTek Helio G85 8 nhân,Không,128 GB,2 SIM (Nano-SIM),Android 13,720 x 1600 pixel,"Tần số quét 90Hz, 	Kính cường lực Corning Gorilla Glass, Độ sáng tối đa: 600 nits",8 nhân Cortex A53 xung nhịp 2.0 Ghz,6 GB,5000 mAh,,
OPPO A5i 4GB 128GB,3.690.000đ,https://cellphones.com.vn/dien-thoai-oppo-a5i-4gb-128gb.html,6.67 inches,LCD,8 MP Khẩu độ F/2.0,5 MP Khẩu độ F/2.2,Qualcomm Snapdragon 6s 4G Gen1,,128 GB,2 SIM (Nano-SIM),ColorOS 14.0 (nền Android),720 x 1604 (HD+),1604 × 720 (HD+),8 nhân,4 GB,5100mAh,,
iPhone 13 256GB | Chính hãng VN/A,14.990.000đ,https://cellphones.com.vn/iphone-13-256gb.html,6.1 inches,Super Retina XDR OLED,"Camera góc rộng: 12MP, f/1.6  Camera góc siêu rộng: 12MP, ƒ/2.4","12MP, f/2.2",Apple A15,Có,256 GB,2 SIM (nano‑SIM và eSIM),iOS 15,2532 x 1170 pixels,"Màn hình super Retina XDR,  OLED, 460 ppi, 1200 nits, Tần số quét 60 Hz, HDR display, công nghệ True Tone Wide color (P3), Haptic Touch, Lớp phủ oleophobic chống bám vân tay",3.22 GHz,4 GB,3240 mAh,,
Samsung Galaxy S22 Ultra 8GB 128GB,30.990.000đ,https://cellphones.com.vn/samsung-galaxy-s22-ultra.html,6.8 inches,Dynamic AMOLED 2X,"108 MP, f/1.8 góc rộng10 MP, f/4.910 MP, f/2.412 MP, f/2.2 góc siêu rộng","40 MP, f/2.2",Snapdragon 8 Gen 1 8 nhân,Có,128 GB,2 Nano SIM hoặc 1 Nano + 1 eSIM,Android 12,1440 x 3088 pixels (QHD+),"Tần số quét 120Hz,1750 nits",1x3.00 GHz Cortex-X2 & 3x2.50 GHz Cortex-A710 & 4x1.80 GHz Cortex-A510,8 GB,5000 mAh,Bút Spen,
TECNO CAMON 30S 8GB 256GB,4.090.000đ,https://cellphones.com.vn/dien-thoai-tecno-camon-30s.html,6.78 inches,AMOLED,50M OIS 2M + light sensor100MP,13MP,Mediatek G100,Có,256 GB,2 SIM (Nano-SIM),Android 14,1080 x 2436 pixels,120HzGorilla Glass 5,,8 GB,5000mAh,,
Xiaomi Redmi Note 12 Pro 5G,6.590.000đ,https://cellphones.com.vn/xiaomi-redmi-note-12-pro-5g.html,6.67 inches,AMOLED,"Camera góc rộng: 50MP, f/1.9, PDAF, OIS  Camera góc siêu rộng: 8 MP, f/1.9, 119˚  Camera macro: 2 MP, f/2.4",Camera góc rộng: 16 MP,MediaTek Dimensity 1080 8 nhân,Có,256 GB,2 SIM (Nano-SIM),Android 12,1080 x 2400 pixels (FullHD+),"Tần số quét: 120Hz  Dolby Vision, HDR10+, 500 nit, 900 nit Kính cường lực Corning Gorilla Glass 5","2x2,6 GHz Cortex-A78 & 6x2,0 GHz Cortex-A55",8 GB,5.000 mAh,,
iPhone 15 Plus 256GB | Chính hãng VN/A,21.290.000đ,https://cellphones.com.vn/iphone-15-plus-256gb.html,6.7 inches,Super Retina XDR OLED,Chính 48 MP & Phụ 12 MP,"12MP, ƒ/1.9",Apple A16 Bionic,Có,256 GB,2 SIM (nano‑SIM và eSIM),iOS 17,2796 x 1290-pixel,Dynamic Island HDR display True Tone Wide color (P3) Tần số quét 60 HzHaptic TouchLớp phủ oleophobia chống dấu vân tayĐộ sáng tối đa: 2000 nits Mật độ điểm ảnh 460 ppi,CPU 6 lõi với 2 lõi hiệu năng và 4 lõi tiết kiệm điện,6 GB,4383 mAh,,
Samsung Galaxy A54 5G 8GB 128GB,7.390.000đ,https://cellphones.com.vn/samsung-galaxy-a54.html,6.4 inches,Super AMOLED,"Camera góc rộng: 50 MP, f/1.8, PDAF, OIS  Camera góc siêu rộng: 12MP, f/2.2, 123˚, 1.12µm  Camera macro: 5MP, f/2.4","Camera góc rộng: 32 MP, f/2.2, 26mm, 1/2.8"", 0.8µm",Exynos 1380 (5 nm),Có,128 GB,2 SIM (Nano-SIM),Android 13,1080 x 2340 pixels (FullHD+),"Tần số quét 120Hz, 1000 nits",4x2.4 GHz Cortex-A78 & 4x2.0 GHz Cortex-A55,8 GB,5000 mAh,,
Nubia RedMagic 8S Pro 5G 12GB 256GB,18.990.000đ,https://cellphones.com.vn/nubia-redmagic-8s-pro.html,6.8 inches,AMOLED,"Camera góc rộng:50 MP, f/1.9, PDAFCamera góc siêu rộng: 8 MP, f/2.2, 120˚Camera Macro: 2 MP, f/2.4","16 MP, f/2.0",Snapdragon 8 Gen 2,Có,256 GB,2 SIM (Nano-SIM),Android 13,1116 x 2480 pixels,"Tần số quét 120Hz, 1 tỷ màu,1300 nits, 100% DCI-P3Corning Gorilla Glass Độ chính xác màu △E＜1",1 x 3.00GHz Cortex-X2 3 x 2.50 GHz Cortex-A710 4 x 1.80 GHz Cortex-A510,12 GB,6000 mAh,,
TECNO Spark 40 6GB 128GB,3.290.000đ,https://cellphones.com.vn/dien-thoai-tecno-spark-40.html,6.67 inches,LCD,50MP + Dual Flash,8MP + Dual Flash,MediaTek Helio G91,Có,128 GB,2 SIM (Nano-SIM),Android 15,720 x 1600 pixel,Dynamic Port 2.0Độ sáng tối đa 700 nits,8 nhân (2x Cortex-A75 + 6x Cortex-A55),6GB + Mở rộng 6GB,5200mAh,,
OPPO A58 4G 6GB 128GB,4.090.000đ,https://cellphones.com.vn/oppo-a58.html,6.72 inches,IPS LCD,"50 MP,F/1.8 (chính) + 2 MP, F/2.4 (Xóa phông)","8 MP, F/2.0","Helio G85, tối đa 2.0GHz",Không,128 GB,2 SIM (Nano-SIM),"ColorOS 13.1, nền tảng Android 13",1080 x 2400 pixels (FullHD+),"16 triệu màu, Kính cường lực Panda","2x2,2 GHz Cortex-A76 & 6x2,0 GHz Cortex-A55",6 GB,5000mAh (Typ),,
realme 13+ 5G 8GB 256GB,6.590.000đ,https://cellphones.com.vn/dien-thoai-realme-13-plus-5g.html,6.67 inches,OLED,50MP 882 OIS + 2MP + Flicker,"16MP, f/2.4",Dimensity 7300 Energy 5G,Có,256 GB,2 Nano-SIM,Android 14,1080 x 2400 pixels (FullHD+),"16.7 triệu màu, 2000nits, 120HzAGC DT STAR2",Lõi tám nhân 4*A78 @2.5 GHz，4*A55 @2.5 GHz,8 GB,5000 mAh,,
Samsung Galaxy S22 Ultra 12GB  256GB đã kích hoạt online,18.990.000đ,https://cellphones.com.vn/samsung-galaxy-s22-ultra-12gb-256gb.html,6.8 inches,Dynamic AMOLED 2X,"108 MP, f/1.8 góc rộng10 MP, f/4.910 MP, f/2.412 MP, f/2.2 góc siêu rộng","40 MP, f/2.2",Snapdragon 8 Gen 1 (4 nm),Có,256 GB,2 Nano SIM hoặc 1 Nano + 1 eSIM,Android 12,1440 x 3088 pixels (QHD+),"Tần số quét 120HzCông nghệ HDR10+, 1750 nits",1x3.00 GHz Cortex-X2 & 3x2.50 GHz Cortex-A710 & 4x1.80 GHz Cortex-A510,12 GB,5000 mAh,Bút Spen,
Samsung Galaxy A23 4G,3.600.000đ,https://cellphones.com.vn/samsung-galaxy-a23.html,6.6 inches,PLS TFT LCD,50MP + 5MP + 2MP + 2MP,"8MP, f/2.2",Snapdragon 680 8 nhân,Không,128 GB,2 SIM (Nano-SIM),Android 12,1080 x 2408 pixels,"Tần số quét 120 Hz, 600 nits, Kính cường lực Corning Gorilla Glass 5",4 nhân 2.4 GHz & 4 nhân 1.9 GHz,4 GB,5.000 mAh,,
Samsung Galaxy A05S 6GB 128GB,3.290.000đ,https://cellphones.com.vn/dien-thoai-samsung-galaxy-a05s-6gb-128gb.html,6.7 inches,PLS LCD,"Camera chính: 50MP, f/1.8  Camera chân dung: 2 MP, f/2.4 Camera macro: 2 MP, f/2.4","13 MP, f/2.0",Snapdragon 680 8 nhân,Không,128 GB,2 SIM (Nano-SIM),Android 14,1080 x 2400 pixels (FullHD+),"Tốc độ làm mới 90 Hz,  500 nits, Kính cường lực",4 nhân 2.4 GHz & 4 nhân 1.9 GHz,6 GB,5000 mAh,,
HONOR X7c 8GB 256GB,4.300.000đ,https://cellphones.com.vn/dien-thoai-honor-x7c.html,6.77 inches,IPS LCD,Camera chính 108MP (f1.75) + Camera cận cảnh 2MP (f2.4),8MP (f/2.0),Qualcomm Snapdragon 685,Không,256 GB,2 SIM (Nano-SIM),"MagicOS 8.0, dựa trên Android 14",,"1610 x 720 Pixels16.7 triệu màuCảm ứng đa điểm, hỗ trợ nhận diện tối đa 10 điểm chạm",4xA73 2.8GHz + 4xA53 1.9GHz,8 GB,"6000mAh, 35W (11V/3.2A)",,
Xiaomi Redmi Note 12 Pro 4G 8GB 256GB,5.690.000đ,https://cellphones.com.vn/xiaomi-redmi-note-12-pro-4g.html,6.67 inches,AMOLED,"Camera chính: 108MP, f/1.9,  1/1.52""Camera góc siêu rộng: 8MP, f/2.2, FOV 120°Camera cận cảnh: 2MP, f/2.4Camera chiều sâu: 2MP, f/2.4","16MP, f/2.45",Qualcomm SM7150 Snapdragon 732G (8 nm),Có,256 GB,2 SIM (Nano-SIM),MIUI 13 dựa trên Android 11,1080 x 2400 pixels (FullHD+),"Tần số quét 120Hz, Độ sáng tối đa 1100 nits  Corning® Gorilla® Glass 5",2 nhân 2.2 GHz & 6 nhân 1.8 GHz,8 GB,5000mAh,,
Itel RS4 8GB 256GB NFC,3.290.000đ,https://cellphones.com.vn/dien-thoai-itel-rs4.html,6.56 inches,IPS LCD,"Camera góc rộng: 50 MP, f/1.6, AF",8 MP,Mediatek Helio G99 Ultimate,Có,256 GB,2 Nano-SIM,Android 13,720 x 1612 (HD+),Tần số quét 120HzTỷ lệ 20:9 (mật độ ~ 269 ppi),2x2.2 GHz Cortex-A76 & 6x2.0 GHz Cortex-A55,8 GB,"5,000 mAh",,
Xiaomi Redmi Note 11 Pro,5.790.000đ,https://cellphones.com.vn/xiaomi-redmi-note-11-pro.html,6.67 inches,AMOLED,"Camera góc rộng: 108 MP, f/1.9, PDAF  Camera góc siêu rộng: 8 MP  Camera Tele: 2 MP, f/2.4  Camera chân dung: 2MP f/2.4",16MP f/2.4,MediaTek Helio G96,Có,128 GB,2 SIM (Nano-SIM),"Android 11, MIUI 12.5",1080 x 2400 pixels (FullHD+),"DCI-P3, 120Hz, 4,500,000:1, 395 ppi, 1200 nits, Kính cường lực Corning Gorilla Glass 5","Octa-core CPU, up to 2.05GHz",8 GB,5000mAh (typ),,
Samsung Galaxy Note 20 Ultra 5G 256GB,32.990.000đ,https://cellphones.com.vn/samsung-galaxy-note-20-ultra-5g.html,6.9 inches,Dynamic AMOLED,"108 MP, f/1.8, 26mm (wide), 1/1.33"", 0.8µm, PDAF, Laser AF, OIS 12 MP, f/3.0, 103mm (periscope telephoto), 1.0µm, PDAF, OIS, 5x optical zoom, 50x hybrid zoom 12 MP, f/2.2, 13mm (ultrawide), 1/2.55"", 1.4µm","10 MP, f/2.2, 26mm (wide), 1/3.2"", 1.22µm, Dual Pixel PDAF",Exynos 990 (7 nm+),Có,256 GB,2 SIM (Nano-SIM),"Android 10, One UI 2.1",1440 x 3088 pixels (QHD+),120HzHDR10+Corning Gorilla Glass Victus,Octa-core (2x2.73 GHz Mongoose M5 & 2x2.50 GHz Cortex-A76 & 4x2.0 GHz Cortex-A55),12 GB,Non-removable Li-Ion 4500 mAh battery Fast charging 25W USB Power Delivery 3.0 Fast Qi/PMA wireless charging Reverse wireless charging 9W,,"Cảm biến vân tay siêu âm, cảm biến gia tốc, cảm biến tiệm cận, cảm biến sáng, con quay hồi chuyển, la bàn, cảm biến áp kế"
realme Note 60 4GB 64GB,2.490.000đ,https://cellphones.com.vn/dien-thoai-realme-note-60.html,6.74 inches,IPS LCD,Camera chính 32MP,5MP,UNISOC T612,Không,64 GB,2 Nano-SIM,Android 14,1600 x 720 pixels (HD+),"Tần số quét 90Hz, Độ sáng tối đa 560nit16.7 triệu màuPanda - MN228",2*A75 @1.8 GHz，6*A55 @1.8 GHz,4 GB,5000 mAh,,
Samsung Galaxy Z Fold4 256GB,22.490.000đ,https://cellphones.com.vn/samsung-galaxy-z-fold-4.html,7.6 inches,Dynamic AMOLED 2X,"Camera chính: 50MP, f/1.8   Camera góc siêu rộng: 12MP, f/2.2  Camera tele: 10MP, f/2.4 (3x zoom)",10MP (bên ngoài) + 4MP (dưới màn hình),Snapdragon 8 Plus Gen 1,Có,256 GB,2 SIM (nano‑SIM và eSIM),Android 12,2176 x 1812 pixels (QXGA+),"Màn hình chính: 7,6 inch QXGA +, 120Hz Màn hình phụ: 6.2 inch HD+, 120Hz","1 nhân 3.18 GHz, 3 nhân 2.7 GHz & 4 nhân 2 GHz",12 GB,"4,400 mAh",Bút SPen,
Samsung Galaxy Note 20,23.990.000đ,https://cellphones.com.vn/samsung-galaxy-note-20.html,6.7 inches,"Super AMOLED Plus, Corning Gorilla Glass 5, HDR10+, Always-on display","12 MP, f/1.8, 26mm (wide), 1/1.76"", 1.8µm, Dual Pixel PDAF, OIS 64 MP, f/2.0, (telephoto), 1/1.72"", 0.8µm, PDAF, OIS, 3x hybrid optical zoom 12 MP, f/2.2, 120˚, 13mm (ultrawide), 1/2.55"", 1.4µm","10 MP, f/2.2, 26mm (wide), 1/3.2"", 1.22µm, Dual Pixel PDAF",Exynos 990 (7 nm+),,256 GB,2 SIM (Nano-SIM),"Android 10, One UI 2.5",1080 x 2400 pixels (FullHD+),,Octa-core (2x2.73 GHz Mongoose M5 & 2x2.50 GHz Cortex-A76 & 4x2.0 GHz Cortex-A55),8 GB,Non-removable Li-Ion 4300 mAh battery Fast charging 25W USB Power Delivery 3.0 Fast Qi/PMA wireless charging Reverse wireless charging 9W,,"Cảm biến vân tay siêu âm, cảm biến gia tốc, con quay hồi chuyển, cảm biến tiệm cận, la bàn, cảm biến áp kế"
Xiaomi 13 Pro (12GB - 256GB),24.490.000đ,https://cellphones.com.vn/xiaomi-13-pro.html,6.73 inches,AMOLED,"Camera chính Leica: 50MP, f/1.9, Hyper, OISIMX989Camera tele Leica: 50MP, f/2.0, 75mm, thOISCamera góc siêu rộng: 50MP, 115° FOV, f/2.2","32MP, f/2.0",Chip Snapdragon® 8 Gen 2,Có,256 GB,2 SIM (Nano-SIM),Android 13,3200 x 1440 pixel,"Pro HDR display, Dolby Vision®, HDR10+, DCI-P3, 1 triệu màu, Corning®Gorilla®Glass Victus®",,12 GB,4820mAh,,
Điện thoại Masstel S7 4GB 128GB,2.090.000đ,https://cellphones.com.vn/dien-thoai-masstel-s7.html,6.745 inches,IPS LCD,"13.0 MP, ƒ/2.0","5.0 MP, ƒ/2.0",Unisoc SC9863A,,128 GB,2 Nano-SIM,Android 14 Go,720 x 1600 pixel,"Tần số 60 Hz, 16.7 triệu màu, 260 ppi","Octa-Core, 8 nhân, 1.6 GHz",4 GB,5000 mAh,,
Samsung Galaxy S20 FE 256GB,7.200.000đ,https://cellphones.com.vn/samsung-galaxy-s20-fe.html,6.5 inches,Super AMOLED,"Camera chính: 12 MP, f/1.8  Camera tele: 8 MP, f/2.0, zoom quang 3x Camera góc siêu rộng: 12 MP, f/2.2","32 MP, f/2.0, AF",Snapdragon 865,Có,256 GB,2 SIM (Nano-SIM),"Android 10, One UI 2.5",1080 x 2400 pixels (FullHD+),"Tần số quét 120 Hz, mặt kính cảm ứng cong 2.5D",8 nhân (1x2.84 GHz Kryo 585 & 3x2.42 GHz Kryo 585 & 4x1.8 GHz Kryo 585),8 GB,"Li-Po 4500 mAh, sạc nhanh 25W, sạc không dây cho các thiết bị ngoại vi 5.4W",,"Cảm biến vân tay siêu âm, cảm biến tiệm cận, gia tốc kế, la bàn, con quay hồi chuyển"
Samsung Galaxy S23 Plus 8GB 256GB,19.990.000đ,https://cellphones.com.vn/samsung-galaxy-s23-plus.html,6.6 inches,Dynamic AMOLED 2X,"Camera chính góc rộng: 50 MP, f/1.8, Dual Pixel PDAF, OIS Camera tele: 10 MP, f/2, 3x optical zoom  Camera góc siêu rộng:12 MP, f/2.2","12MP,  f/2.2",Snapdragon 8 Gen 2 (4 nm),Có,256 GB,2 Nano SIM hoặc 1 Nano + 1 eSIM,Android 13,1080 x 2340 pixels (FullHD+),"Tần số quét 120Hz, HDR10+, Kính cường lực Corning® Gorilla® Glass Victus® 2",1x3.2 GHz Cortex-X3 & 2x2.8 GHz Cortex-A715 & 2x2.8 GHz Cortex-A710 & 3x2.0 GHz Cortex-A510,8 GB,4700 mAh,Không hỗ trợ bút S-Pen,
vivo Y28 8GB 256GB,6.490.000đ,https://cellphones.com.vn/dien-thoai-vivo-y28-8gb-256gb.html,6.68 inches,LCD,"Chính 50 MP, f/1.8Phụ 2 MP,  f/2.4","8 MP,  f/2.05",Helio G85 (12nm),Không,256 GB,2 Nano-SIM,"Android 14, Funtouch OS 14",1608 × 720 pixels,"Tần số 90Hz, 83% NTSC, 264 ppi, 1000 nits",2 nhân 2.0 GHz & 6 nhân 1.8 GHz,8 GB,6000 mAh,,
ZTE Nubia Z60S Pro 12GB 256GB,9.990.000đ,https://cellphones.com.vn/dien-thoai-zte-nubia-z60s-pro.html,6.78 inches,AMOLED,"Camera chính: 50MP, f/1.56Camera Tele: 8MP, f/2.4Camera góc siêu rộng: 50MP","16MP, f/2.45",Snapdragon 8 Gen 2 (4 nm),Có,256 GB,2 Nano-SIM,Android 14,2160 x 1440 pixels,"Tần số quét 120 Hz, 1200 nits, 452PPI, 100% DCI-P3, 1,07 tỷ màu sắc",,12 GB,5100 mAh,,
OPPO Reno11 F 5G 8GB 256GB,6.990.000đ,https://cellphones.com.vn/dien-thoai-oppo-reno-11-f.html,6.7 inches,AMOLED,"Camera góc rộng: 64 MP, f/1.7 Camera góc siêu rộng: 8 MP, f/2.2 Camera macro: 2 MP, f/2.4","Camera góc rộng: 32 MP, f/2.4, 22mm, 1/2.74"", 0.8µm",Mediatek Dimensity 7050 (6 nm),Có,256 GB,2 SIM (Nano-SIM),ColorOS 14 Android 14  - Thuật toán tối ưu hiệu năng,1080 x 2412 pixels,"Màn hình OLED cong 2,5DTần số quét 120Hz 1,07 tỷ màu394PPIDolby VisionHDR10+ Tỷ lệ màn hình 93,4%",Octa-core (2x2.6 GHz Cortex-A78 & 6x2.0 GHz Cortex-A55),8 GB,5000 mAh,,
iPhone 15 Pro Max 1TB | Chính hãng VN/A,31.990.000đ,https://cellphones.com.vn/iphone-15-pro-max-1tb.html,6.7 inches,Super Retina XDR OLED,"Camera chính: 48MP, 24 mm, ƒ/1.78, Camera góc siêu rộng: 12 MP, 13 mm, ƒ/2.2Camera Tele 5x: 12 MP, 120 mm, ƒ/2.8","12MP, ƒ/1.9",Apple A17 Pro 6 nhân,Có,1 TB,2 SIM (nano‑SIM và eSIM),iOS 17,2796 x 1290-pixel,Tốc độ làm mới 120Hz460 ppiHDRTrue ToneDải màu rộng (P3)Haptic TouchTỷ lệ tương phản 2.000.000:1,CPU 6 lõi mới với 2 lõi hiệu năng và 4 lõi hiệu suất,8 GB,4422 mAh,,
Samsung Galaxy S21 FE 8GB 128GB,8.800.000đ,https://cellphones.com.vn/samsung-galaxy-s21-fe-8gb-128gb.html,6.4 inches,Dynamic AMOLED 2X,"Camera góc rộng: 12 MP, f/1.8, PDAF, OIS  Camera tele: 8 MP, f/2.4, 3x optical zoom  Camera góc siêu rộng: 12 MP, f/2.2","32 MP, f/2.2",Exynos 2100 (5nm),Có,128 GB,2 SIM (Nano-SIM),Android 12,1080 x 2340 pixels (FullHD+),"Tần số quét 120 Hz, 1200 nits, Kính cường lực Corning Gorilla Glass Victus","1 nhân 2.9 GHz, 3 nhân 2.8 GHz & 4 nhân 2.2 GHz",8 GB,4500mAh,,
ASUS ROG Phone 6 12GB 256GB,14.490.000đ,https://cellphones.com.vn/asus-rog-phone-6-12gb-256gb.html,6.78 inches,AMOLED,"Camera chính: 50 MP,  f/1.9Camera góc siêu rộng: 13 MPCamera macro: 5 MP",12 MP,Qualcomm ® Snapdragon ® 8+ thế hệ 1,Có,256 GB,2 SIM (Nano-SIM),Android 12,1080 x 2448 pixels (FullHD+),"Corning ® Gorilla ® Glass Victus, 165Hz, Độ sáng tối đa: 1200 nits, Mật độ điểm ảnh: 395 ppi",,12 GB,6000 mAh,,
Xiaomi 12T 8GB 128GB,5.490.000đ,https://cellphones.com.vn/xiaomi-mi-12t.html,6.67 inches,AMOLED,108MP + 8MP + 2MP,20MP,MediaTek Dimensity 8100 Ultra 8 nhân,Có,128 GB,2 SIM (Nano-SIM),"Android 12, MIUI 13",1220 x 2712 pixels,"1 tỉ màu,  Tần số quét 120 Hz, Dolby Vision, HDR10+, 500 nits, Kính cường lực Corning Gorilla Glass 5",Tốc độ CPU 2.8 GHz,8 GB,5000mAh,,
Sony Xperia 1VI 12GB 256GB,22.990.000đ,https://cellphones.com.vn/dien-thoai-sony-xperia-1-vi.html,6.5 inches,OLED,"16mm: 12 MP 1/2.5"" Exmor RS cho cảm biến di động F2.2 24mm: 52 MP (Toàn cảnh) / 48 MP (Effective) 1/1.35"" Exmor T cho cảm biến di động F1.9 85 - 170mm: 12 MP 1/3.5"" Exmor RS cho cảm biến di động F2.3 (85 mm) - F3.5 (170 mm)","24mm: 12MP 1/2.9"" Exmor RS cho cảm biến di động F2.0",Snapdragon 8 Gen 3 Mobile Platform,Có,256 GB,,,,"Tần số quét 120Hz, Giảm nhòe do chuyển động 240 Hz, Tốc độ quét cảm ứng 240 Hz, Creator mode ""powered by CineAlta"", DCI-P3 100%, ITU-R BT.2020 (REC.2020), Illuminant D65 White point, 10-bit tonal gradation, Powered by BRAVIA, Sunlight Vision",,12 GB,5000 mAh,,
Nubia V70 Max 4GB 128GB,2.390.000đ,https://cellphones.com.vn/dien-thoai-nubia-v70-max-4gb-128gb.html,6.9 inches,IPS LCD,"50 MP, ƒ/1.82.0 MP",8.0 MP,Unisoc T606,Có,128 GB,2 Nano-SIM,Android 15,720 x 1640 pixels,"120Hz, 254 ppi",,4 GB,6000 mAh,,
Xiaomi 13T Pro 5G 12GB 512GB,Giá Liên Hệ,https://cellphones.com.vn/xiaomi-13t-pro.html,6.67 inches,AMOLED,"Camera chính góc rộng: 50 MP, 1/1.22""Camera góc siêu rộng: 12 MPCamera Tele: 50 MP","20 MP, f/2,2",MediaTek Dimensity 9200+,Có,512 GB,2 Nano SIM hoặc 1 Nano + 1 eSIM,Android 13,1220 x 2712 pixels,"Tần số quét 144 Hz, 446 ppi, 1200 nit, 68 tỷ màuMàn hình TrueColorCorning®️ Gorilla®️ Glass 5","1x Arm Cortex-X3, lên đến 3,35GHz3x Arm Cortex-A715, lên đến 3,0GHz4x Arm Cortex-A510, lên đến 2,0GHz",12 GB,5.000 mAh,,
Xiaomi 13 Lite,8.290.000đ,https://cellphones.com.vn/xiaomi-13-lite.html,6.55 inches,AMOLED,"Camera chính: 50 MP, f/1.8, PDAF  Camera góc siêu rộng: 8 MP, f/2.2, 119˚ Camera macro: 2 MP, f/2.4","Camera góc siêu rộng: 32 MP, f/2.4Camera cảm chân dung: 8 MP",Chip Snapdragon 7 Gen 1 (4 nm),Có,256 GB,2 SIM (Nano-SIM),"Android 12, MIUI 14",1080 x 2400 pixels (FullHD+),"68 triệu màu, Dolby Vision, HDR10+, 120Hz, 500 nits, Corning Gorilla Glass 5",,8 GB,4500 mAh,,
Google Pixel 7 Pro,Giá Liên Hệ,https://cellphones.com.vn/google-pixel-7-pro.html,6.7 inches,,"Camera rộng: 50MP, f/1.9, 25mm, 1.2µm, PDAF đa hướng, Laser AF, OIS Camera siêu rộng; 12MP, f/2.2, 1.25µm, AF  Camera tele: 48MP, f/3.5, 0,7µm, đa -directional PDAF, OIS, zoom quang 5x","Camera siêu rộng: 10,8MP, f/2.2, 21mm, 1,22µm",Google Tensor G2 (5 nm),Có,128 GB,2 SIM (nano‑SIM và eSIM),Android 13,1440 x 3120 pixels,"LTPO AMOLED, 120Hz, HDR10 +, 1000 nits (HBM), 1500 nits (đỉnh)","(2x2,85 GHz Cortex-X1 & 2x2,35 GHz Cortex-A78 & 4x1.80 GHz Cortex-A55",8 GB,5000 mAh,,
Samsung Galaxy A14 4G,2.990.000đ,https://cellphones.com.vn/samsung-galaxy-a14-4g.html,6.6 inches,IPS LCD,"Chính 50 MP & Phụ 5 MP, 2 MP",13MP,Exynos 850 8 nhân,Có,128 GB,2 SIM (Nano-SIM),Android 13,2408 x 1080 pixels,Tốc độ làm mới 60Hz và độ sáng tối đa 480 nits,,4 GB,"5,000mAh",,
Samsung Galaxy A52s 5G,10.990.000đ,https://cellphones.com.vn/samsung-galaxy-a52s.html,6.5 inches,Super AMOLED,Camera chính: 64 MP (f/1.8) OIS Camera góc siêu rộng: 12MP (f2.2)   Camera Macro chụp cận cảnh: 5MP (f/2.2)   Camera xóa phông: 5MP (f/2.4),32 MP (f2.2),Snapdragon 778G 5G 8 nhân,Có,128 GB,2 SIM (Nano-SIM),Android 11,1080 x 2400 pixels (FullHD+),"Tần số quét 120 Hz, 800 nits Kính cường lực Corning Gorilla Glass 5","1 nhân 2.4 GHz, 3 nhân 2.2 GHz & 4 nhân 1.9 GHz",8 GB,4500 mAh,,
ZTE Blade V50 Design 8GB 128GB,2.790.000đ,https://cellphones.com.vn/zte-blade-v50-design.html,6.6 inches,IPS LCD,"50MP, ƒ/1.8, AF 2M, ƒ/2.4, FF 2Mp, ƒ/2.4","8MP, f/2.0",Unisoc T606（UMS9230）,Không,128 GB,2 SIM (Nano-SIM),Android 13,1080 x 2408 pixels,16.7 triệu màuTần số quét 90Hz,2*Cortex-A75 @ 1.6GHz + 6*Cortex-A55 @1.6GHz,8GB + Mở rộng 10GB,5000 mAh,,
Xiaomi Redmi Note 11 Pro Plus 5G,6.090.000đ,https://cellphones.com.vn/xiaomi-redmi-note-11-pro-plus.html,6.67 inches,AMOLED,"Camera góc rộng: 108 MP, f/1.8, PDAF  Camera góc siêu rộng: 8 MP, f/2,2, FOV 120° Camera macro: 2 MP, f/2.4","16 MP, f/2,4",MediaTek Dimensity 920 5G (6 nm),Có,256 GB,2 SIM (Nano-SIM),"Android 11, MIUI 12.5",1080 x 2400 pixels (FullHD+),"Tần số quét 120 Hz, Corning Gorilla Glass 5, 1200 nits (peak)",2x2.5 GHz Cortex-A78 & 6x2.0 GHz Cortex-A55,8 GB,Li-Po 4500 mAh,,
iPhone 14 Plus 128GB | Chính hãng VN/A,15.990.000đ,https://cellphones.com.vn/iphone-14-plus.html,6.7 inches,Super Retina XDR OLED,"Camera chính: 12MP, 26 mm, ƒ/1.5Camera góc siêu rộng: 12MP, 13 mm, ƒ/2.4, 120°","12MP khẩu độ f/1.9, Autofocus",Apple A15 Bionic,Có,128 GB,2 SIM (nano‑SIM và eSIM),iOS 16,2778 x 1284 pixel,"Tần số quét 60 Hz, 458 ppi, HDR, True Tone, độ sáng 1200 nits , màn hình chống bám vân tay, 2,000,000:1 Kính cường lực Ceramic Shield",6 nhân,6 GB,4325 mAh,,
Huawei P60,Giá Liên Hệ,https://cellphones.com.vn/huawei-p60.html,6.66 inches,LTPO AMOLED,"Camera góc rộng: 48 MP, f/1.4-f/4.0, 25mm, PDAF, Laser AF, OIS  Tele kính tiềm vọng: 12 MP, f/3.4, 125mm, PDAF, OIS, 5x optical zoom  Camera góc siêu rộng:13 MP, f/2.2, 13mm","Camera góc siêu rộng: 13 MP, f/2.4",Snapdragon 8+ Gen 1 4G (4 nm),Có,128 GB,2 SIM (Nano-SIM),HarmonyOS 3.1,,"1 tỷ màu, Tần số quét 120Hz",1x3.0 GHz Cortex-X2 & 3x2.5 GHz Cortex-A710 & 4x1.8 GHz Cortex-A510,8 GB,4815 mAh,,
Xiaomi Black Shark 5,Giá Liên Hệ,https://cellphones.com.vn/xiaomi-black-shark-5.html,6.66 inches,AMOLED,"Camera góc rộng: 64 MP, f/1.8, PDAF  Camera góc cực rộng: 13 MP, f/2.4, 120˚  Camera macro: 2 MP, f/2.4",Camera góc rộng: 16 MP,Snapdragon 870 5G (7 nm),Có,128 GB,2 SIM (Nano-SIM),"Android 12, Joy UI 13",1080 x 2400 pixels (FullHD+),"144Hz, Always-on display","1x3,2 GHz Kryo 585 & 3x2,42 GHz Kryo 585 & 4x1.80 GHz Kryo 585",8 GB,Li-Po 4650 mAh,,
vivo Y16 4GB 128GB,4.490.000đ,https://cellphones.com.vn/vivo-y16.html,6.51 inches,IPS LCD,"Cảm biến chính 13 MP, khẩu độ f/2.2  Ống kính macro kiêm độ sâu 2 MP, khẩu độ f/2.4, đèn flash LED",5 MP,MediaTek Helio P35 8 nhân,Không,128 GB,2 SIM (Nano-SIM),Android 12 với giao diện FunTouch OS 12,720 x 1600 pixel,Độ phủ màu: 72% NTSC  Độ sáng tối đa: 400nit,4 nhân 2.3 GHz & 4 nhân 1.8 GHz,4GB + Mở rộng 1GB,5.000 mAh,,
iPhone 14 Pro 256GB | Chính hãng VN/A,24.990.000đ,https://cellphones.com.vn/iphone-14-pro-256gb.html,6.1 inches,Super Retina XDR OLED,"Camera chính: 48 MP, f/1.8, 24mm, OIS  Camera góc siêu rộng: 12 MP, f/2.2, 120˚, 1.4µm Camera tele: 12 MP, f/2.8, PDAF, OIS, 3x optical zoom","Camera selfie: 12 MP, f/1.9, 23mm, PDAF",Apple A16 Bionic,Có,256 GB,2 SIM (nano‑SIM và eSIM),iOS 16,2556 x 1179 pixels,Công nghệ ProMotion với tần số quét 120HzTỷ lệ tương phản 2.000.000: 1Độ sáng tối đa: 2.000 nits (ngoài trời),6 nhân,6 GB,3200 mAh,,
Xiaomi POCO X4 Pro,6.090.000đ,https://cellphones.com.vn/xiaomi-poco-x4-pro.html,6.67 inches,AMOLED,"Chính 108 MP & Phụ 8 MP, 2 MP",16 MP,Snapdragon 695 5G 8 nhân,Có,128 GB,2 SIM (Nano-SIM),"MIUI 13, Android 11",1080 x 2400 pixels (FullHD+),AMOLED  Full HD+ (1080 x 2400 Pixels)  1200 nitsTốc độ làm mới 120Hz,2 nhân 2.2 GHz & 6 nhân 1.7 GHz,6 GB,Li-Po 5000 mAh,,
Samsung Galaxy S24 8GB 256GB,16.790.000đ,https://cellphones.com.vn/samsung-galaxy-s24.html,6.2 inches,Dynamic AMOLED 2X,"Camera chính 50 MP, f/1.8 Camera tele: 10 MP, f/2.4,  PDAF, OIS, zoom quang học 3xCamera góc siêu rộng: 12 MP, f/2.2, 120˚","12 MP, f/2.2",Exynos 2400,Có,256 GB,SIM 1 + SIM 2 / SIM 1 + eSIM / 2 eSIM,"Android 14, One UI 6.1",1080 x 2340 pixels (FullHD+),"120Hz, Độ sáng tối đa 2600 nits, Corning® Gorilla® Glass Victus® 2, 16 triệu màu","1 nhân 3.3 GHz, 5 nhân 3.2 GHz & 2 nhân 2.3 GHz",8 GB,4000 mAh,IP68,
Điện thoại Nubia A56 4GB 128GB,3.390.000đ,https://cellphones.com.vn/dien-thoai-nubia-a56-4gb-128gb.html,6.75 inches,IPS LCD,13MP AF + 0.08MP + 0.08MP,"8MP, FF",,Không,128 GB,2 Nano-SIM,Android 15,720 x 1600 pixel,Tần số quét 90Hz,T7200,4 GB,5000 mAh,,
TECNO CAMON 30 12GB 256GB,4.990.000đ,https://cellphones.com.vn/dien-thoai-tecno-camon-30-12gb-256gb.html,6.78 inches,AMOLED,"Camera kép:50 MP, ƒ/1.9 (Góc rộng), 1/1.57"" Kích thước cảm biến, chống rung quang học (OIS) + chống rung điện tử (EIS)2 MP (Chiều sâu)Đèn flash LED kép, Dải động cao (HDR), Toàn cảnhĐộ phân giải video: 1440p @ 30 fps, 1080p @ 30/60 fps","Camera đơn: 50 MP (Góc rộng), Tự động lấy nét (PDAF)Đèn flash LED képĐộ phân giải video: 1440p @ 30 fps, 1080p @ 30/60 fps",Helio G99 Ultimate(6nm),Có,256 GB,Nano-SIM,Android 14 (Upside Down Cake),1080 x 2436 pixels,Tần số quét 120Hz,"Lõi CPU: 8 lõiCông nghệ CPU: 6 nmTốc độ tối đa của CPU: 2.2 GHzKiến trúc CPU: 64-bitVi kiến trúc: 2x 2.2 GHz – Cortex-A76, 6x 2.0 GHz – Cortex-A55Loại bộ nhớ: LPDDR4X",12 GB,5000 mAh,,
Samsung Galaxy Z Fold5 12GB 256GB,27.990.000đ,https://cellphones.com.vn/samsung-galaxy-z-fold-5-256gb.html,7.6 inches,Dynamic AMOLED 2X,"Camera siêu rộng: 12MP F2.2, 123°, 1.12μmCamera góc rộng: 50MP, F1.8, Dual Pixel AF, OIS, 2.0μmCamera Tele: 10 MP, F2.4, PDAF, OIS, 1.0μm, zoom 3X, zoom kỹ thuật số 30X","Camera bên ngoài:10 MP, f/2.2  Camera bên trong: 4 MP, F1.8",Snapdragon 8 Gen 2 for Galaxy (4nm) 8 nhân,Có,256 GB,2 SIM (nano‑SIM và eSIM),"Android 13, One UI 5.1",2176 x 1812 pixels (QXGA+),"Màn hình chính rộng: 7,6 inch, 21.6:18, Dynamic AMOLED 2X, 1-120Hz, Hỗ trợ S Pen Màn hình ngoài rộng: 6,2 inch, HD+ (2316 x 904), Dynamic AMOLED 2X, 23.1:9, 48-120HzĐộ sáng tối đa: 1750 nits Mặt kính cảm ứng Chính: Ultra Thin Glass & Phụ: Corning","1 nhân 3.36 GHz, 4 nhân 2.8 GHz & 3 nhân 2 GHz",12 GB,4.400 mAh,,
Samsung Galaxy A72,11.490.000đ,https://cellphones.com.vn/samsung-galaxy-a72.html,6.7 inches,Super AMOLED,"Camera góc rộng: 64 MP, f/1.8, 26mm (wide), PDAF, OIS  Camera tele: 8 MP, f/2.4, (telephoto), PDAF, OIS, Zoom quang 3X  Camera góc siêu rộng: 12 MP, f/2.2, 123˚  Camere macro: 5 MP, f/2.4","32 MP, f/2.2, 26mm (wide), 1/2.8"", 0.8µm",Snapdragon 720G (8 nm),Có,256 GB,2 SIM (Nano-SIM),"Android 11, One UI 3.0",1080 x 2400 pixels (FullHD+),Tần số quét 90Hz,8 nhân ( 2x2.3 GHz Kryo 465 Gold & 6x1.8 GHz Kryo 465 Silver ),8 GB,Li-Ion 5000 mAh,,
Điện thoại OPPO A55 (4GB - 64GB),3.490.000đ,https://cellphones.com.vn/oppo-a55.html,6.51 inches,IPS LCD,"Camera góc rộng: 50 MP, f/2.2, 25mm 1/3.06"", 1.12µm, PDAF  Camera cận cảnh: 2 MP, f/2.4  Camera xóa phông: 2 MP, f/2.4","16 MP, f/2.0",MediaTek Helio G35,Không,64 GB,2 SIM (Nano-SIM),"Android 11, ColorOS 11.1",720 x 1600 pixel,"Tần số quét 60 Hz, Kính cường lực Dinorex™ Glass, Tỉ lệ màn hình: 89.2%, 16.7 triệu màu",4 nhân 2.3 GHz & 4 nhân 1.8 GHz,4 GB,Li-Po 5000 mAh,,
Điện thoại Nubia A36 4GB 64GB,2.890.000đ,https://cellphones.com.vn/dien-thoai-nubia-a36.html,6.75 inches,IPS LCD,"13M+0.08M, AF + FF","5M, FF",,Không,64 GB,2 Nano-SIM,Android 15,720 x 1600 pixel,Tần số quét 90 Hz,T7200,4 GB,5000 mAh,,
OPPO Reno 7 Pro,9.990.000đ,https://cellphones.com.vn/oppo-reno7-pro.html,6.5 inches,AMOLED,Camera góc rộng: 50MP (IMX766)  Camera góc siêu rộng: 8MP (IMX355)  Camera macro: 2MP (OmniVision OV02B10),"32 MP, f/2.4",MediaTek Dimensity 1200 Max 8 nhân,Có,256 GB,2 SIM (Nano-SIM),"Android 11, ColorOS 12",1080 x 2400 pixels (FullHD+),"Tần số quét 90 Hz, Độ sáng tối đa: 920 nits, Kính cường lực Corning Gorilla Glass 5",Octa-core 3.0 GHz,12 GB,4500 mAh,,
Xiaomi Redmi 12C 4GB 64GB,2.190.000đ,https://cellphones.com.vn/xiaomi-redmi-12c.html,6.71 inches,IPS LCD,"Camera góc rộng: 50MP, PDAF  Camera đo độ sâu: 0.08MP",5 MP,Mediatek MT6769Z Helio G85 (12nm),Không,64 GB,2 SIM (Nano-SIM),Android 13,720 x 1650 pixels,500 nits,2x2.0 GHz Cortex-A75 & 6x1.8 GHz Cortex-A55,4 GB,"5,000 mAh",,
Samsung Galaxy S22 Plus (8GB + 128GB),16.990.000đ,https://cellphones.com.vn/samsung-galaxy-s22-plus.html,6.6 inches,Dynamic AMOLED 2X,"Camera chính: 50 MP, f/1.8   Camera góc siêu rộng: 12 MP, f/2.2  Camera tele:10 MP, f/2.4","10 MP, f/2.2",Snapdragon 8 Gen 1,Có,128 GB,2 Nano SIM hoặc 1 Nano + 1 eSIM,Android 12,1080 x 2340 pixels (FullHD+),Kính cường lực Corning Gorilla Glass Victus+Độ sáng tối đa  1750 nitsTần số quét 120 Hz,"1 nhân 3 GHz, 3 nhân 2.5 GHz & 4 nhân 1.79 GHz",8 GB,4500 mAh,,
Samsung Galaxy A54 8GB 256GB,7.890.000đ,https://cellphones.com.vn/samsung-galaxy-a54-8gb-256gb.html,6.4 inches,Super AMOLED,"Camera góc rộng: 50 MP, f/1.8, PDAF, OIS  Camera góc siêu rộng: 12MP, f/2.2, 123˚, 1.12µm  Camera macro: 5MP, f/2.4","Camera góc rộng: 32 MP, f/2.2, 26mm, 1/2.8"", 0.8µm",Exynos 1380 (5 nm),Có,256 GB,2 SIM (Nano-SIM),Android 13,1080 x 2340 pixels (FullHD+),"Tần số quét 120Hz, 1000 nits",4x2.4 GHz Cortex-A78 & 4x2.0 GHz Cortex-A55,8 GB,5000 mAh,,
HONOR X5b 4GB 64GB,2.160.000đ,https://cellphones.com.vn/dien-thoai-honor-x5b.html,6.56 inches,IPS LCD,13MP (f/1.8),5MP (khẩu độ f2.2),MediaTek Helio G36,Không,64 GB,2 SIM (Nano-SIM),MagicOS 8.0 (Dựa trên Android 14),720 x 1612 (HD+),,4*Cortex-A53 lên đến 2.2Ghz+4*Cortex-A53 lên đến 1.6Ghz,4 GB,"5200mAh, 5V/2A",,
Samsung Galaxy M14 5G 4GB 128GB,4.490.000đ,https://cellphones.com.vn/samsung-galaxy-m14.html,6.6 inches,PLS LCD,"Camera góc rộng: 50MP, f/1.8, PDAF  Camera macro: 2 MP, f/2.4  Camera đo độ sâu: 2 MP,  f/2.4","13 MP, f/2.0",Exynos 1330 (5nm),Có,128 GB,2 SIM (Nano-SIM),Android 13,1080 x 2408 pixels,Tần số quét 90Hz,2x2.4 GHz Cortex-A78 & 6x2.0 GHz Cortex-A55,4 GB,6.000 mAh,,
iPhone 13 Pro 128GB | Chính hãng VN/A,21.990.000đ,https://cellphones.com.vn/iphone-13-pro.html,6.1 inches,Super Retina XDR OLED,"Camera góc rộng: 12MP, ƒ/1.5  Camera góc siêu rộng: 12MP, ƒ/1.8  Camera tele : 12MP, /2.8","12MP, ƒ/2.2",Apple A15 Bionic 6 nhân,Có,128 GB,2 SIM (nano‑SIM và eSIM),iOS15,1170 x 2532 pixels,"Tần số quét 120Hz, 1200 nits, Super Retina XDR với ProMotion 6.1‑inch,  OLED, 460 pp, HDR display, True Tone, Wide color (P3), Haptic Touch",3.22 GHz,6 GB,"3,095mAh",,
Xiaomi 13 Ultra,Giá Liên Hệ,https://cellphones.com.vn/xiaomi-13-ultra.html,6.73 inches,LTPO AMOLED,"Camera góc rộng: 50.38MP, f/1.9 hoặc f/4.0, 23mm, Laser AF, OISKính tiềm vọng Tele: 50MP, f/3.0, 120mm, 1/2.51"", Dual-Pixel PDAF, OISCamera chụp xa: 50MP, f/1.8, Dual-Pixel PDAF, OIS, 3.2x optical zoomCamera góc siêu rộng: 50MP, f/1.8, 1","Camera góc rộng: 32 MP, f/2.0, 22mm, 0.7µm",Snapdragon 8 Gen 2 (4 nm),Có,256 GB,2 SIM (Nano-SIM),Android 13,1080 x 2400 pixels (FullHD+),"1 tỷ màu, Tần số quét 120Hz, Dolby Vision, HDR10+, 1300 nits",1x3.2 GHz Cortex-X3 & 2x2.8 GHz Cortex-A715 & 2x2.8 GHz Cortex-A710 & 3x2.0 GHz Cortex-A510,12 GB,5.000 mAh,,
realme C33 4GB 64GB,2.190.000đ,https://cellphones.com.vn/realme-c33-4gb-64gb.html,6.5 inches,IPS LCD,Chính 50 MP & Phụ 0.3 MP,5 MP,Unisoc T612,Không,64 GB,2 SIM (Nano-SIM),Android 12,720 x 1600 pixel,"60Hz, 16.7 triệu màu","Octa-core, 12nm, lên đến 1.82GHz",4 GB,5.000 mAh,,
Honor X40 5G,Giá Liên Hệ,https://cellphones.com.vn/honor-x40.html,6.66 inches,AMOLED,"Camera góc rộng: 50 MP, f/1.8, PDAF  Camera Macro: 2 MP, f/2.4","Camera góc rộng: 8 MP, f/2.0",Snapdragon 695 5G (6 nm),Không,128 GB,2 SIM (Nano-SIM),Android 12,1080 x 2400 pixels (FullHD+),"1B màu, tần số quét 120Hz, 800 nit","2x2,2 GHz Kryo 660 Gold & 6x1,7 GHz Kryo 660 Silver",6 GB,5100 mAh,,
Infinix Note 40 Pro 8GB 256GB,5.790.000đ,https://cellphones.com.vn/dien-thoai-infinix-note-40-pro.html,6.78 inches,AMOLED,"108MP, f/1.75, 1/1.67""OIS2MP, f/2.42MP, f/2.4","32MP, f/2.2, FF",MediaTek Helio G99 Ultimate,Có,256 GB,2 SIM (Nano-SIM),XOS 14,1080 x 2436 pixels,"93.80%, 550nit  Tần số quét 120Hz  Kính cường lực 3D Corning Gorilla",2x2.2 GHz Cortex-A76 & 6x2.0 GHz Cortex-A55,8 GB,5000 mAh,,
realme 9 Pro,7.990.000đ,https://cellphones.com.vn/realme-9-pro.html,6.6 inches,IPS LCD,"Camera chính: 64MP, f/1.79  Camera góc rộng: 8MP, f/2.2  Camera macro: 2MP, f/2.4",16MP,Qualcomm Snapdragon 695 5G,Không,128 GB,2 SIM (Nano-SIM),"Android 12, UI 3.0",2412 x 1080 pixels,"Tần số quét 120Hz, tần số cảm ứng 240Hz","Tiến trình 6nm, Octa-core, Up to 2.2GHz",8 GB,5000mAh,,
OPPO Reno8 T 4G 256GB,6.290.000đ,https://cellphones.com.vn/oppo-reno-8t-4g-256gb.html,6.4 inches,AMOLED,100MP (Chính) + 2MP (Kính hiển vi) + 2MP (Mono),32MP,"Helio G99, tối đa 2.2GHz",Có,256 GB,2 SIM (Nano-SIM),"ColorOS 13, nền tảng Android 13",1080 x 2400 pixels (FullHD+),"16 triệu màu, 90Hz, Kính cường lực GG5",,8 GB,5000mAh (Typ),,
Samsung galaxy S23 Plus 8GB 512GB,22.990.000đ,https://cellphones.com.vn/samsung-galaxy-s23-plus-512gb.html,6.6 inches,Dynamic AMOLED 2X,"Camera chính góc rộng: 50 MP, f/1.8, Dual Pixel PDAF, OIS Camera tele: 10 MP, f/2, 3x optical zoom  Camera góc siêu rộng:12 MP, f/2.2","12MP,  f/2.2",Snapdragon 8 Gen 2 (4 nm),Có,512 GB,2 Nano SIM hoặc 1 Nano + 1 eSIM,Android 13,1080 x 2340 pixels (FullHD+),"Tần số quét 120Hz, HDR10+, Kính cường lực Corning® Gorilla® Glass Victus® 2",1x3.2 GHz Cortex-X3 & 2x2.8 GHz Cortex-A715 & 2x2.8 GHz Cortex-A710 & 3x2.0 GHz Cortex-A510,8 GB,4700 mAh,Không hỗ trợ bút S-Pen,
Samsung Galaxy S22 (8GB - 128GB),21.990.000đ,https://cellphones.com.vn/samsung-galaxy-s22.html,6.1 inches,Dynamic AMOLED 2X,"Camera chính: 50MP, f/1.8 Camera góc siêu rộng: 12MP, f/2.2  Camera tele: 10MP, f/2.4","10MP, f/2.2",Snapdragon 8 Gen 1,Có,128 GB,2 Nano SIM hoặc 1 Nano + 1 eSIM,Android 12,2340 x 1080-pixel,"Corning Gorilla Glass Victus+, HDR10+, 1300 nits, Tần số quét 120 Hz","1 nhân 3 GHz, 3 nhân 2.5 GHz & 4 nhân 1.79 GHz",8 GB,3700 mAh,,
Samsung Galaxy Buddy2,Giá Liên Hệ,https://cellphones.com.vn/samsung-galaxy-buddy2.html,6.6 inches,TFT LCD,50MP,8MP,Snapdragon 750G,Có,128 GB,,Android 12,,,,4 GB,5.000 mAh,,
Masstel izi 16 4G,450.000đ,https://cellphones.com.vn/dien-thoai-masstel-izi-16-4g.html,1.77 inches,,,,Unisoc UMS9117,,128 MB,2 SIM (Nano-SIM),,,QQVGA,,,1000 mAh,,
Redmi K60,Giá Liên Hệ,https://cellphones.com.vn/xiaomi-redmi-k60.html,6.66 inches,OLED,"Camera góc rộng: 64MP, f/1.8, 1/2"", 0,7µm, PDAF, OIS  Camera góc siêu rộng: 8MP, 120˚, 1/4"", 1,12µm  Camera macro: 2MP, f/2.4","Camera góc rộng: 16MP, 1/3.06"", 1.0µm",MediaTek và Snapdragon 4 nm,Có,128 GB,2 SIM (Nano-SIM),Android 13,1440 x 3200 pixels (QHD+),"68 tỷ màu  Tần số quét 120Hz, Dolby Vision, HDR10+, 1400 nits",1x3.0 GHz Cortex-X2 & 3x2.5 GHz Cortex-A710 & 4x1.80 GHz Cortex-A510,8 GB,5500 mAh,,
realme C60 4GB 64GB,2.390.000đ,https://cellphones.com.vn/dien-thoai-realme-c60.html,6.74 inches,IPS LCD,Chính 13.0 MP & Phụ 0.08 MP,5.0 MP,Unisoc T612,Không,64 GB,2 SIM (Nano-SIM),"Android 13, realme UI",720 x 1600 pixel,"Tần số quét 90 Hz, 560nits Kính cường lực Panda16.7 triệu màu",,4 GB,5000 mAh,,
TECNO SPARK 30C 4GB 128GB,2.190.000đ,https://cellphones.com.vn/dien-thoai-tecno-spark-30c.html,6.67 inches,,48M+ light Sensor + Dual Flash,8M + Dual Flash,MediaTek Helio G81,Có,128 GB,,Android 14,720 x 1600 pixel,,MT6769V/CBZA 2x A75 up to 2.0GHz   6x A55 up to 1.7GHz,4GB + Mở rộng 4GB,5000 mAh,,
vivo X90 Pro,Giá Liên Hệ,https://cellphones.com.vn/vivo-x90-pro.html,6.78 inches,AMOLED,"Camera góc rộng: 50.3MP, f/1.8, 23mm, Dual Pixel PDAF, Laser AF, OIS Tele kính viễn vọng: 50MP, f/1.6, 50mm, 0.7µm, AF, 2x optical zoom, OIS  Camera góc siêu rộng: 12MP, f/2.0, 108˚ 16mm, AF","Camera góc rộng: 32MP, f/2.5, 24mm, 1/2.8"", 0.8µm",Mediatek Dimensity 9200 (4 nm),Có,256 GB,2 SIM (Nano-SIM),Android 13,,"AMOLED, 1 tỷ màu, 120Hz, HDR10+, 1300 nit",1x3.05 GHz Cortex-X3 & 3x2.85 GHz Cortex-A715 & 4x1.80 GHz Cortex-A510,8 GB,4870 mAh,,
vivo Y02s 3G 32GB,3.290.000đ,https://cellphones.com.vn/vivo-y02s.html,6.51 inches,IPS LCD,8 MP,5MP,MediaTek Helio P35 8 nhân,Không,32 GB,2 SIM (Nano-SIM),Android 12,720 x 1600 pixel,"Tần số quét 60 Hz, 	70% NTSC, 400 nits, 269 ​​ppi",4 nhân 2.3 GHz & 4 nhân 1.8 GHz,3 GB,Li-Po 5000 mAh,,
Xiaomi 14 Pro,Giá Liên Hệ,https://cellphones.com.vn/xiaomi-14-pro.html,6.8 inches,Super AMOLED,64 MP + 64 MP + 64 MP,32 MP,Snapdragon 8+ Gen 1,Có,128 GB,,,,Tần số quét màn hình 120 Hz,,8 GB,5.000 mAh,,
ViVo iQOO 10 Pro,Giá Liên Hệ,https://cellphones.com.vn/vivo-iqoo-10-pro.html,6.78 inches,AMOLED,"Camera góc rộng: 50 MP, f/1.9, PDAF  Camera tele: 14.6 MP, f/2.2, zoom quang 3x  Camera góc siêu rộng: 50 MP, f / 2.3, 150˚","Camera góc rộng: 16 MP, f/2.5",Snapdragon 8+ Gen 1 (4 nm),Có,256 GB,2 SIM (Nano-SIM),Android 12,1440 x 3200 pixels (QHD+),"1 tỉ màu, 120Hz, HDR10+, 500 nits (typ)","1x3,19 GHz Cortex-X2 & 3x2,75 GHz Cortex-A710 & 4x1.80 GHz Cortex-A510",8 GB,Li-Po 4700 mAh,,
Xiaomi Mi 10 Ultra,Giá Liên Hệ,https://cellphones.com.vn/xiaomi-mi-10-ultra.html,6.66 inches,"OLED capacitive touchscreen, 1B colors, Corning Gorilla Glass 5, HDR10+, 120Hz refresh rate, 800 nits","48 MP, f/1.9, 25mm (wide), 1/1.32"", 1.2µm, PDAF, OIS 48 MP, f/4.1, 120mm (periscope telephoto), 1/2.0"", 0.8µm, PDAF, OIS, 5x optical zoom, 120x hybrid zoom 12 MP, f/2.0, 50mm (telephoto), 1/2.55"", 1.4µm, Dual Pixel PDAF, 2x optical zoom 20","20 MP, f/2.3, (wide), 1/3.4"", 0.8µm",Qualcomm SM8250 Snapdragon 865 (7 nm+),Có,256 GB,2 SIM (Nano-SIM),Android 11,1080 x 2340 pixels (FullHD+),,Octa-core (1x2.84 GHz Kryo 585 & 3x2.42 GHz Kryo 585 & 4x1.80 GHz Kryo 585),12 GB,Li-Ion 4500 mAh battery Fast charging 120W Fast wireless charging 50W Reverse wireless charging 10W,,"Cảm biến vân tay, cảm biến tiệm cận, gia tốc kế, la bàn, con quay hồi chuyển"
Red Magic 7S Pro,Giá Liên Hệ,https://cellphones.com.vn/nubia-red-magic-7s-pro.html,6.8 inches,AMOLED,"Camera góc rộng: 64 MP, f/1.8, PDAF  Camera góc siêu rộng: 8 MP, f / 2.2, 120˚  Camera Macro: 2 MP, f / 2.4",Camera góc rộng: 16 MP,Snapdragon 8+ thế hệ 1 (4 nm),Có,256 GB,2 SIM (Nano-SIM),Android 12,1080 x 2400 pixels (FullHD+),"120Hz, Kính cường lực Corning Gorilla Glass 5","1x3,19 GHz Cortex-X2 & 3x2,75 GHz Cortex-A710 & 4x1.80 GHz Cortex-A510",12 GB,5000 mAh,,
Điện thoại ZTE Blade A72 3GB 128GB,1.990.000đ,https://cellphones.com.vn/dien-thoai-zte-blade-a72.html,6.745 inches,IPS LCD,13M AF+2M FF+2M FF,5MP,UMS9230（T606）,Không,128 GB,2 SIM (Nano-SIM),Android R,720 x 1600 pixel,"IPS, 16 triệu màu, Waterdrop Tần số quét 90Hz",2*A75 @ 1.6GHz + 6*A55 @1.6GHz,3 GB,5130 mAh,,
Samsung Galaxy A21s 6GB,4.690.000đ,https://cellphones.com.vn/samsung-galaxy-a21s-6gb.html,6.5 inches,TFT LCD,"48 MP, f/2.0, 26mm (wide), 1/2.0"", 0.8µm, PDAF 8 MP, f/2.2, (ultrawide), 1/4.0"", 1.12µm 2 MP, f/2.4, (macro) 2 MP, f/2.4, (depth)","13 MP, f/2.2, (wide), 1/3.1"", 1.12µm",Exynos 850,,64 GB,2 SIM (Nano-SIM),"Android 10, One UI 2.0",720 x 1600 pixel,,Octa-core (4x2.0 GHz & 4x2.0 GHz),6 GB,"Li-Po 5000 mAh battery, Fast charging 15W",,"Cảm biến vân tay, cảm biến tiệm cận, gia tốc kế, la bàn, con quay hồi chuyển"
Samsung Galaxy A75,Giá Liên Hệ,https://cellphones.com.vn/samsung-galaxy-a75.html,6.4 inches,AMOLED,"Camera chính 108 MP & Phụ 12 MP, 10 MP, 10 MP",32 MP,Snapdragon 888,,128 GB,,,1080 x 2400 pixels (FullHD+),Tần số quét 90 Hz,,6 GB,6000 mAh,,
Vivo X90,Giá Liên Hệ,https://cellphones.com.vn/vivo-x90.html,6.78 inches,AMOLED,"Camera góc rộng: 50MP, f/1.8, 1/1.49"", 1.0µm, PDAF, Laser AF, OIS  Tele kính viễn vọng: 12MP, f/2.0, 50mm, 1/2.93"", 1.22µm, AF, 2x optical zoom  Camera góc siêu rộng: 12MP, f/2.0, 16mm, 1/2.93"", 1.22µm, AF","Camera góc rộng: 32MP, f/2.5, 24mm, 1/2.8"", 0.8µm",Mediatek Dimensity 9200 (4 nm),Có,128 GB,2 SIM (Nano-SIM),Android 13,,"AMOLED, 1 tỷ màu, 120Hz, HDR10+",1x3.05 GHz Cortex-X3 & 3x2.85 GHz Cortex-A715 & 4x1.80 GHz Cortex-A510,8 GB,4810 mAh,,
Samsung Galaxy A06s,Giá Liên Hệ,https://cellphones.com.vn/dien-thoai-samsung-galaxy-a06s.html,6.8 inches,IPS LCD,13 MP + 2 MP + 2 MP,5 MP,MediaTek Helio G88,,128 GB,,,,,,6 GB,6.000 mAh,,
OPPO Reno9 Pro,Giá Liên Hệ,https://cellphones.com.vn/oppo-reno-9-pro.html,6.75 inches,OLED,"Camera góc rộng: 50MP, f/1.9, PDAF, OIS  Camera góc siêu rộng: 64 MP, f/2.4  Camera tele: 64 MP, f/3.5, PDAF, OIS  Camera đơn săc: 64 MP,  f/1.8.",13 MP,Snapdragon 888+,Có,128 GB,,,1080 x 2408 pixels,tần số quét 120 Hz,,12 GB,4.600 mAh,,
ViVo iQOO 10,Giá Liên Hệ,https://cellphones.com.vn/vivo-iqoo-10.html,6.78 inches,AMOLED,"Camera góc rộng: 50 MP, f/1.9, 1 / 1.57 "", 1.0µm, PDAF, OIS  Camera tele: 12 MP, f/2.0, 47 mm, 1 / 2.9"", PDAF, zoom quang 2x  Camera góc cực rộng: 13 MP, f/2.2 , 16mm, 120˚","Camera góc rộng: 16 MP, f/2.5",Qualcomm SM8475 Snapdragon 8+ thế hệ 1 (4 nm),Có,128 GB,2 SIM (Nano-SIM),Android 12,1080 x 2400 pixels (FullHD+),,"1x3,19 GHz Cortex-X2 & 3x2,75 GHz Cortex-A710 & 4x1.80 GHz Cortex-A510",8 GB,"Li-Po 4700 mAh, không thể tháo rời",,
OPPO Find N2,Giá Liên Hệ,https://cellphones.com.vn/oppo-find-n2.html,7.0 inches,AMOLED,"Camera góc rộng: 50 MP, f/1.8, PDAF, OISCamera tele: 32 MP, f/2.0, 2x optical zoom, PDAF Camera góc siêu rộng: 48 MP, f/2.2,115˚","32 MP, f/2.4",Snapdragon 8+ Gen 1 (4 nm),Có,256 GB,2 SIM (Nano-SIM),"Android 13, ColorOS 13",,"Màn hình chính: Có thể gập, LTPO AMOLED, 120Hz, HDR10+, 1792 x 1920 pixels Màn hình phụ: 5.54 inche0s, AMOLED, 120Hz, Corning Gorilla Glass Victus, 1080 x 2120 pixels, 18:9 ratio",1x3.0 GHz Cortex-X2 & 3x2.75 GHz Cortex-A710 & 4x2.0 GHz Cortex-A510,12 GB,4520 mAh,,
Samsung Galaxy A24,Giá Liên Hệ,https://cellphones.com.vn/samsung-galaxy-a24.html,6.5 inches,Super AMOLED,"Camera góc rộng: 50MP, f/1.8, PDAF, OIS  Camera góc siêu rộng: 5MP, f/2.2, 123˚, 1/5"", 1.12µm  Camera macro: 2 MP, f/2.4","Camera góc rộng: 13 MP, f/2.0",Mediatek MT8781 Helio G99 (6nm),Có,128 GB,2 SIM (Nano-SIM),Android 13,1080 x 2340 pixels (FullHD+),"Tần số quét 90Hz, 1000 nits",2x2.2 GHz Cortex-A76 & 6x2.0 GHz Cortex-A55,6 GB,5000 mAh,,
Samsung Galaxy A74,Giá Liên Hệ,https://cellphones.com.vn/samsung-galaxy-a74.html,6.7 inches,Super AMOLED,108 MP + 24 MP + 8 MP + 8 MP,44 MP + 8 MP,Snapdragon 870 5G,,256 GB,2 SIM (Nano-SIM),,,,,12 GB,5.000 mAh,,
Xiaomi Mix Alpha,Giá Liên Hệ,https://cellphones.com.vn/xiaomi-mix-alpha.html,7.9 inches,Super AMOLED,"Chính 108 MP & Phụ 20 MP, 12 MP",,Snapdragon 855+ 8 nhân,Có,512 GB,2 SIM (Nano-SIM),Android 10,,Mặt kính cong 2.5D,"1x2.96 GHz, 3x2.42 GHz & 4x1.8 GHz",12 GB,4050 mAh,,
Vivo Y01,Giá Liên Hệ,https://cellphones.com.vn/vivo-y01.html,6.51 inches,IPS LCD,8 MP,5 MP,,Không,32 GB,2 SIM (Nano-SIM),Android 11 (Go Edition),720 x 1600 pixel,,MediaTek Helio P35 8 nhân 2.3 GHz,2 GB,Li-Po 5000 mAh,,
OPPO A97,Giá Liên Hệ,https://cellphones.com.vn/oppo-a97.html,6.56 inches,IPS LCD,"Camera góc rộng: 50 MP, f/1.8, PDAF  Camera góc sâu: 2 MP, f/2.4","Camera góc rộng: 8 MP, f/2.0",,Không,256 GB,2 SIM (Nano-SIM),Android 12,1080 x 2412 pixels,90Hz,,8 GB,"Li-Po 5000 mAh, không thể tháo rời",,
Vivo iQOO 9 Pro,Giá Liên Hệ,https://cellphones.com.vn/vivo-iqoo-9-pro.html,6.78 inches,AMOLED,"Camera góc rộng:  50 MP, f/1.8,  1 / 1.57 "", 1.0µm, PDAF, gimbal OIS  Camera tele :16 MP, f/2.2, 60mm , 1 / 3.1"", 1.0µm, PDAF, OIS, quang học 2,5x zoom Camera góc siêu rộng: 50 MP, f / 2.3, 15mm, 150˚, 1 / 2,76 "", 0,64µm, AF","Camera góc rộng: 16 MP, f/2.5, 1 / 3.1 "", 1.0µm",Qualcomm SM8450 Snapdragon 8 thế hệ 1 (4 nm),Có,256 GB,2 SIM (Nano-SIM),Android 12,3200 x 1440 pixel,,1x3.00 GHz Cortex-X2 & 3x2.50 GHz Cortex-A710 & 4x1.80 GHz Cortex-A510,8 GB,"Li-Po 4700 mAh, không thể tháo rời",,
Vivo X90 Pro Plus,Giá Liên Hệ,https://cellphones.com.vn/vivo-x90-pro-plus.html,6.78 inches,AMOLED,"Camera góc rộng: 50.3MP, f/1.8, 23mm, 1.6µm, Dual Pixel PDAF, Laser AF, OIS  Tele kính tiềm vọng: 64MP, f/3.5, 90mm, 0.7µm, PDAF, OIS, 3.5x optical zoom  Camera chụp xa: 50MP, f/1.6, 50mm, 0,7µm, AF, zoom quang 2x, OIS 48 Camera góc siêu rộng:","Camera góc rộng: 32MP, f/2.5, 24mm, 1/2.8"", 0.8µm",Snapdragon 8 thế hệ 2 (4nm),Có,256 GB,2 SIM (Nano-SIM),Android 13,1440 x 3200 pixels (QHD+),"1 tỷ màu, 120Hz, Dolby Vision, HDR10+, 1800 nits",1x3.2 GHz Cortex-X3 & 2x2.8 GHz Cortex-A715 & 2x2.8 GHz Cortex-A710 & 3x2.0 GHz Cortex-A510,12 GB,4700 mAh,,
vivo X Note,Giá Liên Hệ,https://cellphones.com.vn/vivo-x-note.html,7.0 inches,AMOLED,"50 MP, f/1.6, (Rộng), 1/1.31"", 1.2µm, PDAF, Laser AF, OIS 8 MP, f/3.4, 125mm, PDAF, OIS, 5x zoom quang học12 MP, f/2.0, 47mm (telephoto), 1/2.93"", 1.2µm, PDAF, 2x zoom quang học48 MP, f/2.2, 14mm, 114˚ (Siêu rộng), 1/2.0"", 0.8µm","16 MP, f/2.5, (Rộng)",Qualcomm SM8450 Snapdragon 8 Gen 1 (4 nm),Có,256 GB,Nano-SIM,Android 12   Origin OS Ocean,1440 x 3080 pixels,LTPO AMOLED  120Hz  HDR10+,Octa-core (1x3.00 GHz Cortex-X2 & 3x2.50 GHz Cortex-A710 & 4x1.80 GHz Cortex-A510),8 GB,Li-Po 5000 mAh (Không thể tháo rời),,
OPPO Find X6 Pro,Giá Liên Hệ,https://cellphones.com.vn/oppo-find-x6-pro.html,6.7 inches,AMOLED,50 MP + 13 MP + 50 MP + 3 MP,32 MP.,Snapdragon 898,Có,256 GB,,,,Tần số quét 120 Hz,,12 GB,4.500 mAh.,,
Tecno Spark 7,Giá Liên Hệ,https://cellphones.com.vn/tecno-spark-7.html,6.5 inches,IPS LCD,"16.0 MP, ƒ/1.8  2.0 MP, ƒ/2.0","8.0 MP, ƒ/2.0",MediaTek Helio A25,,32 GB,2 SIM (Nano-SIM),Android 11,800 x 1280 pixels,Mặt kính cong 2.5D  70% NTSC  430 nits,4 x Cortex A53 2.3 GHz + 4 x Cortex A53 1.8 GHz,2 GB,6000 mAh,,
Xperia 10 V,Giá Liên Hệ,https://cellphones.com.vn/sony-xperia-10v-72444.html,6.1 inches,FHD+ OLED,"Camera góc rộng: 48 MP, f/1.8, 26mm, PDAF, OISCamera góc siêu rộng: 8 MP, f/2.2, 120˚, 16mm","Camera góc rộng: 8 MP, f/2.0, 26mm, HDR",Qualcomm SM6375 Snapdragon 695 5G (6 nm),Có,128 GB,2 SIM (Nano-SIM),Android 13,1080 x 2520 pixels,"1 tỷ màu, HDRCorning Gorilla Glass VictusMàn hình Triluminos Tần số quét 60hz",2x2.2 GHz & 6x1.7 GHz,8 GB,5000 mAh,,
OPPO K10x,Giá Liên Hệ,https://cellphones.com.vn/oppo-k10x.html,6.59 inches,IPS LCD,"Camera góc rộng: 64 MP, f/1.8, PDAF  Camera góc siêu rộng: 2 MP, f/2.4  Camera Macro: 2 MP, f/2.4","Camera góc rộng: 16 MP, f/2.0",Snapdragon 695 5G (6 nm),Không,128 GB,2 SIM (Nano-SIM),"Android 12, ColorOS 12.1",1080 x 2412 pixels,Tần số quét lên đến 144 Hz  kính cường lực Corning Gorilla 6,"2x2,2 GHz Kryo 660 Gold & 6x1,7 GHz Kryo 660 Silver",6 GB,5000 mAh,,
Huawei Mate 50E,Giá Liên Hệ,https://cellphones.com.vn/huawei-mate-50e.html,6.7 inches,OLED,"Camera góc rộng: 50 MP, f/1.4, PDAF, Laser AF, OIS Camera góc siêu rộng: 13 MP, f/2.2, 120˚ , PDAF","Camera góc siêu rộng: 13 MP, f/2.4",Snapdragon 778G 4G (6 nm),Có,256 GB,2 SIM (Nano-SIM),HarmonyOS 3.0,,"90Hz, 1 tỉ màu","1x2,4 GHz Cortex-A78 & 3x2,2 GHz Cortex-A78 & 4x1,9 GHz Cortex-A55",8 GB,Li-Po 4460 mAh,,
Xiaomi Poco F4 GT,Giá Liên Hệ,https://cellphones.com.vn/xiaomi-poco-f4-gt.html,6.66 inches,OLED,"64 MP, f/1.9, 26mm (Rộng), 1/1.73"", 0.8µm, PDAF8 MP, f/2.2, 120˚ (Siêu rộng)2 MP, f/2.4, (macro)",20 MP,Qualcomm SM8450 Snapdragon 8 Gen 1 (4 nm),Có,128 GB,2 SIM (Nano-SIM),"Android 12, MIUI 13",1080 x 2400 pixels (FullHD+),1B màu  120Hz  HDR10 +,Octa-core (1x3.00 GHz Cortex-X2 & 3x2.50 GHz Cortex-A710 & 4x1.80 GHz Cortex-A510),8 GB,Li-Po 4700 mAh không thể tháo rời,,
Xiaomi 14 Lite,Giá Liên Hệ,https://cellphones.com.vn/xiaomi-14-lite.html,6.66 inches,AMOLED,64 MP + 50 MP + 8 MP + 2 MP,32 MP,Snapdragon 888,,128 GB,,,,Tần số quét 144 Hz,,8 GB,4.600 mAh,,
Xiaomi Mi 10T,Giá Liên Hệ,https://cellphones.com.vn/xiaomi-mi-10t.html,6.66 inches,"IPS LCD, 16 triệu màu, Corning Gorilla Glass 5, HDR10+, tần số quét 144Hz, độ sáng 500nits","64 MP, f/1.9, 26mm (wide), 1/1.73"", 0.8µm, PDAF 13 MP, f/2.4, 123˚ (ultrawide), 1.12µm 5 MP, f/2.4, (macro), AF","20 MP, f/2.2, 27mm (wide), 1/3.4"", 0.8µm",Qualcomm SM8250 Snapdragon 865 (7 nm+),Có,128 GB,2 SIM (Nano-SIM),"Android 10, MIUI 12",1080 x 2400 pixels (FullHD+),,Octa-core (1x2.84 GHz Kryo 585 & 3x2.42 GHz Kryo 585 & 4x1.80 GHz Kryo 585),6 GB,"Li-Po 5000 mAh, sạc nhanh 33W, Power Delivery 3.0, sạc nhanh không dây 30W, sạc ngược 5W",,"Cảm biến vân tay, cảm biến tiệm cận, gia tốc kế, la bàn, con quay hồi chuyển"
Xiaomi Civi 1S,Giá Liên Hệ,https://cellphones.com.vn/xiaomi-civi-1s.html,6.55 inches,OLED,"Camera góc rộng: 64MP, f/1.8, 26mm, 1 / 1.97 "", 0,7µm, PDAF Camera siêu rộng: 8MP, f/2.2, 120˚, 1 / 4.0"", 1,12µm  Camera macro: 2MP, f/2.4","Camera góc rộng: 32MP, 24mm, 0,8µm, AF",Qualcomm Snapdragon ™  778G Plus,Có,128 GB,2 SIM (Nano-SIM),Android 12,1080 x 2400 pixels (FullHD+),"Kính cường lực Corning Gorilla Glass 5  B màu, Dolby Vision, HDR10 +, 120Hz, 950 nits (đỉnh)","1x2,5 GHz Cortex-A78 & 3x2,4 GHz Cortex-A78 & 4x1,9 GHz Cortex-A55",8 GB,4500 mAh,,
Realme Narzo 50i Prime,Giá Liên Hệ,https://cellphones.com.vn/realme-narzo-50i-prime.html,6.5 inches,IPS LCD,"Camera góc rộng:  8 MP, f/2.0","Camera góc rộng: 5 MP, f/2.2",Unisoc Tiger T612 (12 nm),Không,32 GB,2 SIM (Nano-SIM),Android 11,720 x 1600 pixel,,"2x1,8 GHz Cortex-A75 & 6x1,8 GHz Cortex-A55",3 GB,5000 mAh,,
Samsung W22,Giá Liên Hệ,https://cellphones.com.vn/samsung-galaxy-w22.html,7.6 inches,Dynamic AMOLED 2X,"12 MP, f/1.8  12 MP, f/2.2  12 MP, f/2.4","10 MP, f/2.2",Snapdragon 888 8 nhân,Có,256 GB,2 SIM (Nano-SIM),Android 11,,Kính cường lực Corning Gorilla Glass Victus,"1 nhân 2.84 GHz, 3 nhân 2.42 GHz & 4 nhân 1.8 GHz",12 GB,4400 mAh,,
Samsung Galaxy A15 5G,Giá Liên Hệ,https://cellphones.com.vn/dien-thoai-samsung-galaxy-a15-5g.html,6.5 inches,Super AMOLED,"Chính 50 MP & Phụ 5 MP, 2 MP",13MP,MediaTek Dimensity 6100+,Có,256 GB,2 SIM (Nano-SIM),Android 14,1080 x 2340 pixels (FullHD+),Tần số quét 90 HzĐộ sáng tối đa: 800 nitsMặt kính cảm ứng: Kính cường lực,2 nhân 2.2 GHz & 6 nhân 2.0 GHz,8 GB,5000 mAh,,
realme Narzo 50,Giá Liên Hệ,https://cellphones.com.vn/realme-narzo-50.html,6.6 inches,IPS LCD,"Camera góc rộng: 50 MP, f/1.8, PDAF  Camera Macro: 2 MP, f/2.4  Camera góc sâu: 2 MP, f/2.4","Camera góc rộng: 16 MP, f/2.1",Mediatek Helio G96 (12 nm),Không,64 GB,2 SIM (Nano-SIM),"Android 11, Realme UI 2.0",1080 x 2412 pixels,,"2x2,05 GHz Cortex-A76 & 6x2,0 GHz Cortex-A55",4 GB,Li-Po 5000 mAh,,
Nokia X30 5G,Giá Liên Hệ,https://cellphones.com.vn/nokia-x30.html,,,48 MP + 5 MP + 2 MP + 2 MP,,Snapdragon 460,Có,64 GB,,,,,,4 GB,5.850 mAh,,
Honor Magic 2,Giá Liên Hệ,https://cellphones.com.vn/honor-magic-2.html,6.39 inches,"AMOLED, cảm ứng điện dung, 16 triệu màu","3 Camera (16 MP, f/1.8, PDAF + 16 MP, f/2.2 + 24 MP B/W, f/1.8)","3 Camera (16 MP, f/2.0 + 2 MP, f/2.4 + 2 MP, f/2.4)",HiSilicon Kirin 980 (7 nm),Có,128 GB,2 SIM (Nano-SIM),Magic UI 2.0,1080 x 2340 pixels (FullHD+),,8 nhân (2x2.6 GHz Cortex-A76 & 2x1.92 GHz Cortex-A76 & 4x1.8 GHz Cortex-A55),,Li-Po 3500 mAh,,"Face ID, cảm biến vân tay, cảm biến gia tốc, con quay hồi chuyển, cảm biến tiệm cận, con quay hồi chuyển"
Huawei Nova 10 SE,Giá Liên Hệ,https://cellphones.com.vn/huawei-nova-10-se.html,6.66 inches,OLED,108 MP + 8 MP + 2 MP,16 MP,Qualcomm Snapdragon 778G,Có,256 GB,2 SIM (Nano-SIM),HarmonyOS,1080 x 2400 pixels (FullHD+),"OLED, 395 ppi, 90 Hz","2,4 GHz, Lõi đơn, Kryo 670 + 2,2 GHz, Lõi ba, Kryo 670 + 1,9 GHz, Lõi tứ, Kryo 670",8 GB,4500 mAh,,
Honor X6,Giá Liên Hệ,https://cellphones.com.vn/honor-x6.html,6.5 inches,TFT LCD,"Camera góc rộng: 50 MP, f/1.8, PDAF  Camera macro: 2 MP, f/2.4  Camera độ sâu: 2 MP, f/2.4","Camera góc rộng:  5 MP, f/2.0",Mediatek,Có,128 GB,2 SIM (Nano-SIM),Android 12,720 x 1600 pixel,,,4 GB,5000 mAh,,
OPPO Reno13F 5G 12GB-512GB,Giá Liên Hệ,https://cellphones.com.vn/dien-thoai-oppo-reno13f-5g-12gb-512gb.html,,,,,,,512 GB,,,,,,12 GB,,,
Xiaomi Redmi Note 10T,Giá Liên Hệ,https://cellphones.com.vn/xiaomi-redmi-note-10t.html,6.5 inches,IPS LCD,"48 MP, f/1.8, 26mm (Rộng), 1/2.0"", 0.8µm, PDAF2 MP, f/2.4, (macro)2 MP, f/2.4, (depth)","8 MP, f/2.0, (Rộng)",MediaTek MT6833 Dimensity 700 (7 nm),Không,64 GB,2 SIM (Nano-SIM),"Android 11, MIUI 12",1080 x 2400 pixels (FullHD+),90Hz400 nits (typ) 500 nits (HBM),Octa-core (2x2.2 GHz Cortex-A76 & 6x2.0 GHz Cortex-A55),4 GB,Li-Po 5000 mAh,,
Realme V20 5G,Giá Liên Hệ,https://cellphones.com.vn/realme-v20.html,6.5 inches,,Camera chính: 13 MP,"5 MP,  f/2.0.",MediaTek Dimensity 700,,128 GB,,Android 12,720 x 1600 pixel,,,4 GB,5.000 mAh,,
OPPO K10 Pro,Giá Liên Hệ,https://cellphones.com.vn/oppo-k10-pro.html,6.62 inches,AMOLED,"50 MP, f/1.8, 24mm (Rộng), 1/1.56"", 1.0µm, đa hướng PDAF, OIS 8 MP, f/2.2, 119˚ (Siêu rộng)2 MP, f/2.4, (Macro)","16 MP, f/2.5, 26mm (Rộng), 1/3"", 1.0µm",Qualcomm SM8350 Snapdragon 888 5G (5 nm),Có,128 GB,2 SIM (Nano-SIM),Android 12  ColorOS 12,1080 x 2400 pixels (FullHD+),AMOLED  120Hz  HDR10+  1300 nits (peak),Octa-core (1x2.84 GHz Kryo 680 & 3x2.42 GHz Kryo 680 & 4x1.80 GHz Kryo 680,8 GB,Li-Po 5000 mAh (Không thể tháo rời),,
Xiaomi 14 12GB 256GB,Giá Liên Hệ,https://cellphones.com.vn/xiaomi-14-12gb-256gb-76428.html,6.36 inches,LTPO OLED,"Camera góc rộng: 50 MP, f/1.6, 23mm, 1/1.31"", 1.2µm, dual pixel PDAF, Laser AF, OISCamera tele: 50 MP, f/2.0, 75mm, PDAF (10cm - ∞), OIS, 3.2x optical zoomCamera góc siêu rộng: 50 MP, f/2.2, 14mm, 115˚",Camera góc rộng: 32 MP,Qualcomm Snapdragon 8 Gen 3 (4 nm),Có,256 GB,2 Nano SIM hoặc 1 Nano + 1 eSIM,Android 14,,"Tần số quét 120Hz, 68 tỷ màu , Dolby Vision, HDR10+, 3000 nits (peak",1x3.3 GHz Cortex-X4 & 5x3.2 GHz Cortex-A720 & 2x2.3 GHz Cortex-A520,12 GB,4610mAh,,
Huawei Nova 10,Giá Liên Hệ,https://cellphones.com.vn/huawei-nova-10.html,6.66 inches,OLED,"Camera góc rộng: 50 MP, f/1.9, 27mm, PDAF Camera siêu rộng: 8 MP, f/2.2, 112˚  Camera góc sâu: 2 MP, f/2.4","Camera góc siêu rộng: 60 MP, f/2.4, 100˚",Qualcomm SM7325 Snapdragon 778G 4G (6 nm),Có,128 GB,2 SIM (Nano-SIM),EMUI 12,1080 x 2400 pixels (FullHD+),"OLED, 1B màu, 120Hz, HDR10","4x2,4 GHz Kryo 670 & 4x1,8 GHz Kryo 670",8 GB,4000 mAh,,
Vivo Y52,Giá Liên Hệ,https://cellphones.com.vn/vivo-y52.html,6.58 inches,IPS LCD,"48MP, f/1.79  2MP, f/2.4  2MP, f/2.4","8MP, f/2.0",Dimensity 700,Có,128 GB,2 SIM (Nano-SIM),Funtouch 11.1,2408 x 1080 pixels,,,4 GB,5000mAh,,
OPPO Find X6,Giá Liên Hệ,https://cellphones.com.vn/oppo-find-x6.html,6.7 inches,AMOLED,"Camera góc rộng: 50 MP, f/1.7, PDAF, Laser AF, OIS Tele kính tiềm vọng: 13 MP, f/3.0, 129 mm, 1 / 3.4 "", 1.0µm, zoom quang 5x, PDAF, OIS  Camera siêu rộng: 50 MP, f/2.2, PDAF  Camera macro:3 MP","Camera góc rộng: 32 MP, f/2.4, 1 / 2,8 "", 0,8µm",Qualcomm Snapdragon 898 (5nm),Có,256 GB,2 SIM (Nano-SIM),Android 12,1440 x 3216 pixels (QHD+),"AMOLED, 1B màu, 120Hz, HDR10 +, 800 nits (chuẩn), 1200 nits (đỉnh), Mật độ 526 ppi","1x2,84 GHz Kryo 485 & 3x2,42 GHz Kryo 485 & 4x1,8 GHz Kryo 585",12 GB,4500 mAh,,
Tecno Phantom V Fold,Giá Liên Hệ,https://cellphones.com.vn/tecno-phantom-v-fold.html,,LTPO AMOLED,"Camera góc rộng: 50MP, f/1.9, 1/1.3"", 1.2µm, PDAF  Camera Tele: 50MP, f/2.0, 1/2.8"", 0.64µm, PDAF  Camera góc siêu rộng: 1 MP, f/2.2, 120˚, 1/3"", 1.12µm, PDAF","Camera góc rộng: 16 MP, f/2.5, 1/2.8"", 1.12µm  32 MP, f/2.5, 1/2.8"", 0.8µm",Mediatek Dimensity 9000+ (4 nm),Có,256 GB,2 SIM (Nano-SIM),Android 13,,1 tỷ màu  Tần số quét 120Hz  Độ sáng 1100 nits,1x3.20 GHz Cortex-X2 & 3x2.85 GHz Cortex-A710 & 4x1.80 GHz Cortex-A510,12 GB,5000 mAh,,
Xiaomi 14 8GB 256GB,Giá Liên Hệ,https://cellphones.com.vn/xiaomi-14-8gb-256gb.html,6.36 inches,LTPO OLED,"Camera góc rộng: 50 MP, f/1.6, 23mm, 1/1.31"", 1.2µm, dual pixel PDAF, Laser AF, OISCamera tele: 50 MP, f/2.0, 75mm, PDAF (10cm - ∞), OIS, 3.2x optical zoomCamera góc siêu rộng: 50 MP, f/2.2, 14mm, 115˚",Camera góc rộng: 32 MP,Qualcomm Snapdragon 8 Gen 3 (4 nm),Có,256 GB,2 Nano SIM hoặc 1 Nano + 1 eSIM,Android 14,,"Tần số quét 120Hz, 68 tỷ màu , Dolby Vision, HDR10+, 3000 nits (peak",1x3.3 GHz Cortex-X4 & 5x3.2 GHz Cortex-A720 & 2x2.3 GHz Cortex-A520,8 GB,4610mAh,,
Honor 80 Pro,Giá Liên Hệ,https://cellphones.com.vn/honor-80-pro.html,,AMOLED,200 MP,,Snapdragon 8 Gen 1,Có,,,,,,,12 GB,,,
Vivo X80 Pro Plus,Giá Liên Hệ,https://cellphones.com.vn/vivo-x80-pro-plus.html,6.78 inches,AMOLED,"Camera góc rộng: 50MP, f/1.3, PDAF, Laser AF, OISCamera macro: 8MP, f/3.4Camera tele: 12MP, f/1.6Camera siêu rộng: 48MP, f/2.2, 14mm, 114˚",44 MP,Qualcomm SM8450 Snapdragon 8 Gen 1 (4 nm),Có,256 GB,2 SIM (Nano-SIM),Android 12,1440 x 3200 pixels (QHD+),LTPO2 AMOLED1B colors120HzHDR10+,Octa-core (1x3.00 GHz Cortex-X2 & 3x2.40 GHz Cortex-A710 & 4x1.70 GHz Cortex-A510),8 GB,Li-Po 4700 mAh (Không thể tháo rời),,
Vivo Y77,Giá Liên Hệ,https://cellphones.com.vn/vivo-y77.html,6.58 inches,IPS LCD,"Camera góc rộng: 50 MP, f/1.8, 26mm, PDAF Macro: 2 MP, f/2.4","Camera góc rộng: 16 MP, f/2.0,",MediaTek MT6833P Dimensity 810 (6 nm),Không,128 GB,2 SIM (Nano-SIM),"Android 12, Funtouch 12",1080 x 2408 pixels,,"2x2,4 GHz Cortex-A76 & 6x2,0 GHz Cortex-A55",8 GB,Li-Po 5000 mAh,,
Xiaomi 13S Ultra,Giá Liên Hệ,https://cellphones.com.vn/xiaomi-13s-ultra.html,6.73 inches,LTPO AMOLED,50 MP + 50 MP + 50 MP,32 MP,Snapdragon 8+ Gen 2,,256 GB,,,1440 x 3200 pixels (QHD+),Tần số quét 144 Hz,,8 GB,4.800 mAh,,
Samsung Galaxy Note 20 Ultra 5G 512GB,32.990.000đ,https://cellphones.com.vn/samsung-galaxy-note-20-ultra-5g-512-gb.html,6.9 inches,"Dynamic AMOLED 2X capacitive touchscreen, 16M colorsDynamic AMOLED 2X, 16M colors, Corning Gorilla Glass Victus, HDR10+, Always-on display, 120Hz@FHD/60Hz@QHD refresh rate","108 MP, f/1.8, 26mm (wide), 1/1.33"", 0.8µm, PDAF, Laser AF, OIS 12 MP, f/3.0, 103mm (periscope telephoto), 1.0µm, PDAF, OIS, 5x optical zoom, 50x hybrid zoom 12 MP, f/2.2, 13mm (ultrawide), 1/2.55"", 1.4µm","10 MP, f/2.2, 26mm (wide), 1/3.2"", 1.22µm, Dual Pixel PDAF",Exynos 990 (7 nm+),,256 GB,2 SIM (Nano-SIM),"Android 10, One UI 2.1",1440 x 3088 pixels (QHD+),,Octa-core (2x2.73 GHz Mongoose M5 & 2x2.50 GHz Cortex-A76 & 4x2.0 GHz Cortex-A55),12 GB,Non-removable Li-Ion 4500 mAh battery Fast charging 25W USB Power Delivery 3.0 Fast Qi/PMA wireless charging Reverse wireless charging 9W,,"Cảm biến vân tay siêu âm, cảm biến gia tốc, cảm biến tiệm cận, cảm biến sáng, con quay hồi chuyển, la bàn, cảm biến áp kế"
Samsung A36 5G 8GB - 256GB,Giá Liên Hệ,https://cellphones.com.vn/dien-thoai-samsung-galaxy-a36-8gb-256gb.html,,,,,,,256 GB,,,,,,8 GB,,,
Lenovo Legion Y70,Giá Liên Hệ,https://cellphones.com.vn/lenovo-legion-y70.html,6.66 inches,OLED,"Camera góc rộng: 50 MP, 1 / 1.55 "", 1.0µm, PDAF, OIS  Camera góc siêu rộng: 13 MP, 120˚, 1.12µm, AF  Camera góc sâu:  2 MP, f/2.4",16 MP,Qualcomm SM8475 Snapdragon 8+ thế hệ 1 (4 nm),Có,128 GB,2 SIM (Nano-SIM),Android 12,1080 x 2400 pixels (FullHD+),"144Hz, HDR10 +, 1000 nits","1x3,19 GHz Cortex-X2 & 3x2,75 GHz Cortex-A710 & 4x1.80 GHz Cortex-A510",8 GB,5100 mAh,,
Vivo Y30 5G,Giá Liên Hệ,https://cellphones.com.vn/vivo-y30-5g.html,6.51 inches,IPS LCD,"Camera chính:  50MP, f/1.8  2MP,  f / 2.4","8 MP, f/2.0",Media Tek Dimensity 700 5G,Không,128 GB,2 SIM (Nano-SIM),FuntouchOS 12.0,1600 x 720 pixels (HD+),,,6 GB,5.000 mAh,,
Sony Xperia 5 IV,Giá Liên Hệ,https://cellphones.com.vn/sony-xperia-5-iv.html,6.1 inches,OLED,"Camera góc rộng: 12MP, f/1.7, 1.8µm  Camera tele: 12MP, f/2.4, 60 mm, OIS  Camera góc siêu rộng: 12MP, f/2.2, 124˚, 16mm, PDAF","Camera góc rộng: 12MP, f/2.0, 24mm, 1 / 2.9 "", 1.25µm",Qualcomm SM8450 Snapdragon 8 thế hệ 1 (4 nm),Có,128 GB,2 SIM (Nano-SIM),Android 12,,"OLED, 1B màu, 120Hz, HDR BT.2020",1x3.00 GHz Cortex-X2 & 3x2.50 GHz Cortex-A710 & 4x1.80 GHz Cortex-A510,8 GB,5000 mAh,,
Huawei Nova 10 Pro,Giá Liên Hệ,https://cellphones.com.vn/huawei-nova-10-pro.html,6.78 inches,OLED,"Camera góc rộng: 50 MP, f/1.8, 27mm, PDAF Camera siêu rộng: 8 MP, f/2.2, 112˚, AF Camera góc sâu: 2 MP, f/2.4","Camera dọc: 8 MP, f/2.2  Camera siêu rộng: 60 MP, f/2.4, 100˚, AF",Qualcomm SM7325 Snapdragon 778G 4G (6 nm),Có,128 GB,2 SIM (Nano-SIM),HarmonyOS 2.0,,"OLED, 1B màu, HDR10, 120Hz","4x2,4 GHz Kryo 670 & 4x1,8 GHz Kryo 670",8 GB,4500 mAh,,
Realme 9 SE 5G,Giá Liên Hệ,https://cellphones.com.vn/realme-9-se.html,6.6 inches,IPS LCD,"48 MP, f/1.8, 26mm (wide), 1/2"", 0.8µm, PDAF  2 MP, f/2.4, (macro)  2 MP, f/2.4, (deoth)","16 MP, f/2.1, 26mm (rộng), 1/3.09 "", 1.0µm",Qualcomm SM7325 Snapdragon 778G 5G (6 nm),Không,128 GB,2 SIM (Nano-SIM),"Android 11, Realme UI 2.0",2412 x 1080 pixels,IPS LCD  144Hz  480 nits (typ)  600 nits (HBM),Octa-core (4x2.4 GHz Kryo 670 & 4x1.9 GHz Kryo 670),6 GB,Li-Po 5000 mAh,,
Vivo iQOO Z6,Giá Liên Hệ,https://cellphones.com.vn/vivo-iqoo-z6.html,6.58 inches,IPS LCD,"Camera góc rộng: 50 MP, f/1.8, 26mm, PDAF  Máy ảnh macro: 2 MP, f/2.4 Camera góc sâu: 2 MP, f/2.4","Camera góc rộng: 16 MP, f/2.0",Snapdragon 695 5G (6 nm),Không,128 GB,2 SIM (Nano-SIM),Android 12,1080 x 2408 pixels,,"2x2,2 GHz Kryo 660 Gold & 6x1,7 GHz Kryo 660 Silver",4 GB,5000 mAh,,
Oneplus Nord CE2,Giá Liên Hệ,https://cellphones.com.vn/oneplus-nord-ce-2.html,6.43 inches,AMOLED,"Camera góc rộng: 64 MP, f/1.8, PDAF Camera góc cực rộng: 8 MP, f/2.2, 119˚   Macro: 2 MP, f / 2.4","Camera góc rộng: 16 MP, f/2.4, 27mm",MediaTek Dimensity 900,Có,128 GB,2 SIM (Nano-SIM),"Android 11, OxygenOS 11",1080 x 2400 pixels (FullHD+),"Corning Gorilla Glass 5, 90Hz","2x2,4 GHz Cortex-A78 & 6x2,0 GHz Cortex-A55",6 GB,Li-Po 4500 mAh,,
Xiaomi Redmi 11 Prime 5G,Giá Liên Hệ,https://cellphones.com.vn/xiaomi-redmi-11-prime-5g.html,6.58 inches,IPS LCD,"Camera chính: 50MP, f/1.8  Camera góc sâu: 2MP, f/2.4","8 MP, f/2.2",MediaTek Dimensity 700,Không,64 GB,2 SIM (Nano-SIM),Android 12,1080 x 2408 pixels,"Kính cường lực Corning Gorilla Glass 3, 90Hz",,4 GB,Li-Po 5000 mAh,,
Huawei Nova 9 SE,Giá Liên Hệ,https://cellphones.com.vn/huawei-nova-9-se-46952.html,6.78 inches,IPS LCD,"108 MP, f/1.9, (wide), 1/1.52"", 0.7µm, PDAF8 MP, f/2.2, 112˚ (ultrawide)2 MP, f/2.4, (macro)2 MP, f/2.4, (depth)","16 MP, f/2.2, 22mm (wide)",Qualcomm SM6225 Snapdragon 680 4G (6 nm),Có,128 GB,2 SIM (Nano-SIM),"Android 11, EMUI 12, không có dịch vụ Google Play",1080 x 2388 pixels,90Hz,Octa-core (4x2.4 GHz Kryo 265 Gold & 4x1.9 GHz Kryo 265 Silver),8 GB,Li-Po 4000 mAh không thể tháo rời,,
Realme 9i 5G,Giá Liên Hệ,https://cellphones.com.vn/realme-9i-5g.html,6.6 inches,IPS LCD,"Camera góc rộng: 50 MP, f/1.8, PDAF  Camera macro: 2 MP, f/2.4 Camera góc sâu: 2 MP, f/2.4","Camera góc rộng: 8 MP, f/2.0",MediaTek MT6833P Mật độ 810 (6 nm),Không,64 GB,2 SIM (Nano-SIM),Android 12,1080 x 2412 pixels,90Hz,"2x2,4 GHz Cortex-A76 & 6x2,0 GHz Cortex-A55",4 GB,"5000 mAh,",,
Realme V23 5G,Giá Liên Hệ,https://cellphones.com.vn/realme-v23.html,6.58 inches,IPS LCD,"48 MP, f/1.8, (Rộng), PDAF2 MP, f/2.4, (depth)","8 MP, f/2.0, 26mm (Rộng)",MediaTek MT6833P Dimensity 810 (6 nm),,128 GB,2 SIM (Nano-SIM),Android 12,1080 x 2408 pixels,,Octa-core (2x2.4 GHz Cortex-A76 & 6x2.0 GHz Cortex-A55),4 GB,Li-Po 5000 mAh,,
vivo Y22,Giá Liên Hệ,https://cellphones.com.vn/vivo-y22.html,6.44 inches,IPS LCD,,8 MP,,Không,64 GB,,Android 12,720 x 1600 pixel,,,4 GB,5.000 mAh,,
Vivo Y77e 5G,Giá Liên Hệ,https://cellphones.com.vn/vivo-y77e.html,6.58 inches,IPS LCD,"Camera góc rộng: 13 MP, f/2.2, PDAF  Camera Macro: 2 MP, f/2.4","Camera góc rộng: 8 MP, f / 2.0",Dimensity 810 (6 nm),Không,128 GB,2 SIM (Nano-SIM),Android 12,1080 x 2408 pixels,,"2x2,4 GHz Cortex-A76 & 6x2,0 GHz Cortex-A55)",6 GB,Li-Po 5000 mAh,,
OPPO Reno9 Pro Plus,Giá Liên Hệ,https://cellphones.com.vn/oppo-reno-9-pro-plus.html,6.7 inches,AMOLED,"Camera góc rộng: 50MP, f/1.8  Camera góc siêu rộng: 8 MP, f/2.2  Camera tele: 2 MP, f/2.4","32 MP,  f/2.4",MediaTek Dimensity 9000.,Có,128 GB,,,,tần số quét 120 Hz,,12 GB,4500 mAh,,
Realme C55 8GB 128GB,Giá Liên Hệ,https://cellphones.com.vn/realme-c55-8gb-128gb-54813.html,,,,,,Không,128 GB,,,,,,8 GB,,,
Tecno Spark 9T,Giá Liên Hệ,https://cellphones.com.vn/tecno-spark-9t.html,6.6 inches,IPS LCD,"Camera góc rộng:  13 MP, f/1.9, 27mm, AF  Camera góc sâu:  2 MP, f/2.4,   QVGA, f / 2.0",Camera góc rộng: 32 MP,Mediatek MT6765V / CB Helio G37 (12 nm),Không,64 GB,2 SIM (Nano-SIM),Android 12,720 x 1600 pixel,,"4x2,3 GHz Cortex-A53 & 4x1,8 GHz Cortex-A53",4 GB,Li-Po 5000 mAh,,
OnePlus Nord N20 SE,Giá Liên Hệ,https://cellphones.com.vn/oneplus-nord-n20-se.html,6.56 inches,IPS LCD,"Camera góc rộng: 50 MP, f/1.8, PDAF  Camea góc sâu: 2 MP, f/2.4,","Camera góc rộng: 8 MP, f/2.0, 26mm",Helio G35 (12 nm),Không,64 GB,2 SIM (Nano-SIM),Android 12,720 x 1612 (HD+),"IPS LCD, 90Hz, 480 nits (typ), 600 nits (HBM)","4x2,3 GHz Cortex-A53 & 4x1,8 GHz Cortex-A53",4 GB,Li-Po 5000 mAh,,
Vsmart Bee 5,1.590.000đ,https://cellphones.com.vn/vsmart-bee-5.html,6.0 inches,,8 MP,5 MP,MediaTek MT6739WW 4 nhân,,16 GB,2 SIM (Nano-SIM),9.0 (Pie),720 x 1440 pixels,,4 nhân 1.5 GHz,,Li-Po 3000 mAh,,
Huawei Nova Y70 Plus,Giá Liên Hệ,https://cellphones.com.vn/huawei-nova-y70-plus.html,6.75 inches,IPS LCD,"48 MP, f/1.8, 26mm (wide), PDAF5 MP, f/2.2, 120˚ (ultrawide)2 MP, f/2.4, (depth)","8 MP, f/2.0",,Không,128 GB,2 SIM (Nano-SIM),"EMUI 12, Không có dịch vụ Google Play",720 x 1600 pixel,,,4 GB,Li-Po 6000 mAh,,
Redmi Note 11R,Giá Liên Hệ,https://cellphones.com.vn/redmi-note-11r.html,6.58 inches,IPS LCD,"Camera góc rộng: 13 MP, f/2.2, PDAF Cảm biến độ sâu: 2 MP, f/2.4","Camera góc rộng: 5 MP, f/2.2",MediaTek MT6833 Mật độ 700 (7 nm),Không,128 GB,2 SIM (Nano-SIM),Android 12,1080 x 2408 pixels,"IPS LCD, 90Hz","2x2,2 GHz Cortex-A76 & 6x2,0 GHz Cortex-A55",4 GB,5000 mAh,,
Black Shark 5S Pro,Giá Liên Hệ,https://cellphones.com.vn/xiaomi-black-shark-5s-pro.html,6.66 inches,AMOLED,"13 MP, 2 MP, 64 MP",16 MP,Qualcomm Snapdragon 870 5G,Có,128 GB,Nano-SIM,Android 12,1080 x 2400 pixels (FullHD+),,1×3.2 GHz Kryo 585 & 3×2.42 GHz Kryo 585 & 4×1.80 GHz Kryo 585,8 GB,4650mAh,,
Tecno Pova 4,Giá Liên Hệ,https://cellphones.com.vn/tecno-pova-4.html,6.9 inches,IPS LCD,48 MP + 2 MP + 2 MP + 2 MP.,8 MP.,MediaTek Helio G95.,,128 GB,,,,,,6 GB,7.000 mAh.,,
Tecno Pova Neo 5G,Giá Liên Hệ,https://cellphones.com.vn/tecno-pova-neo-5g.html,6.8 inches,IPS LCD,"Camera góc rộng: 50 MP, AF  QVGA",8 MP,MediaTek MT6833P Mật độ 810 (6 nm),Không,128 GB,2 SIM (Nano-SIM),Android 12,2460x1080 pixels,"IPS LCD, 120Hz, 500 nits","2x2,4 GHz Cortex-A76 & 6x2,0 GHz Cortex-A55",4 GB,6000 mAh,,
Honor 80,Giá Liên Hệ,https://cellphones.com.vn/honor-80.html,,,200 MP,,Snapdragon 8 Gen 1,Có,,,,,,,12 GB,,,
masstel fami 60,Giá Liên Hệ,https://cellphones.com.vn/masstel-fami-60.html,2.0 inches,TFT LCD,,,Unisoc UIS8910,,,2 SIM (Nano-SIM),,,"Mặt kính cong 2.5D,QVGA",,,2000 mAh,,
OnePlus Nord CE 2 Lite 5G,Giá Liên Hệ,https://cellphones.com.vn/oneplus-nord-ce-2-lite.html,6.58 inches,IPS LCD,"64 MP, f/1.8, 26mm (Rộng), 0.7µm, PDAF2 MP, f/2.4, (macro)2 MP, f/2.4, (depth)","16 MP, f/2.5, (Rộng), 1/3.0"", 1.0µm",Qualcomm SM6375 Snapdragon 695 5G (6 nm),Có,128 GB,2 SIM (Nano-SIM),"Android 11, OxygenOS 11",1080 x 2400 pixels (FullHD+),120Hz,Octa-core (2x2.2 GHz Kryo 660 Gold & 6x1.7 GHz Kryo 660 Silver),6 GB,Li-Po 5000 mAh,,
Vivo X80 Lite,Giá Liên Hệ,https://cellphones.com.vn/vivo-x80-lite.html,6.5 inches,AMOLED,50 MP + 8 MP + 2 MP,,Snapdragon 7 Gen 1.,Có,128 GB,,,,,,8 GB,4.500 mAh,,
Xiaomi Redmi K50S Pro,Giá Liên Hệ,https://cellphones.com.vn/xiaomi-redmi-k50s.html,6.66 inches,OLED,"Camera góc rộng: 108 MP,  1/1.52, PDAF, OIS Camera góc cực rộng:  8 MP, 119˚  Camera Macro: 2 MP, f /2.4",Camera góc rộng:  20 MP,MediaTek 9000 (4 nm),Có,128 GB,2 SIM (Nano-SIM),"Android 12, MIUI 13",1440 x 3200 pixels (QHD+),"120Hz, Dolby Vision, HDR10+, 1200 nits, Kính cường lực Corning Gorilla Glass Victus","1x3,05 GHz Cortex-X2 & 3x2,85 GHz Cortex-A710 & 4x1.80 GHz Cortex-A510",8 GB,Li-Po 5000 mAh,,
Samsung Galaxy F13,Giá Liên Hệ,https://cellphones.com.vn/samsung-galaxy-f13.html,6.6 inches,PLS TFT LCD,"Camera góc rộng: 50 MP, f/1.8, PDAF  Camera góc cực rộng: 5 MP, f/2.2, 123˚  Camera sâu: 2 MP, f/2.4","Camera góc rộng: 8 MP, f/2.2",Exynos 850 (8nm),Không,64 GB,2 SIM (Nano-SIM),Android 12,1080 x 2408 pixels,Kính cường lực Corning Gorilla Glass 5,4x2.0 GHz Cortex-A55 & 4x2.0 GHz Cortex-A55,4 GB,4.500 mAh,,
Huawei Enjoy 50 Pro,Giá Liên Hệ,https://cellphones.com.vn/huawei-enjoy-50-pro.html,6.7 inches,,"Camera chính: 50 MP, f/1.8  Macro 2 MP","8 MP,  f/2.0.",Qualcomm Snapdragon 680,Có,128 GB,,HarmonyOS 2.0,1080 x 2388 pixels,,,8 GB,5.000 mA,,
Tecno Camon 19,Giá Liên Hệ,https://cellphones.com.vn/tecno-camon-19.html,6.8 inches,IPS LCD,"Camera góc rộng: 64 MP, f/1.7, PDAF  Camera góc sâu: 2 MP, f/2.4","Camera góc rộng: 16 MP, f/2.0,",MediaTek Helio G85 (12nm),Có,128 GB,2 SIM (Nano-SIM),"Android 12, HIOS 8.6",2460x1080 pixels,,"2x2,0 GHz Cortex-A75 & 6x1,8 GHz Cortex-A55",4 GB,"Li-Po 5000 mAh, không thể tháo rời",,
Honor X40i,Giá Liên Hệ,https://cellphones.com.vn/honor-x40i.html,6.7 inches,IPS LCD,"Camera góc rộng: 50 MP, f/1.8, PDAF  Camera góc sâu: 2 MP, f/2.4","Camera góc rộng: 8 MP, f/2.0",MediaTek MT6833 Dimensity 700 (7 nm),Không,128 GB,2 SIM (Nano-SIM),"Android 12, Magic UI 6.1, không có Dịch vụ của Google Play",1080 x 2388 pixels,,"2x2,2 GHz Cortex-A76 & 6x2,0 GHz Cortex-A55",8 GB,Li-Po 4000 mAh,,
Nokia T10,Giá Liên Hệ,https://cellphones.com.vn/nokia-t10.html,8.0 inches,IPS LCD,8 MP,2 MP,Unisoc T606 (12 nm),Không,32 GB,Nano-SIM,Android 12,800 x 1280 pixels,,"2x1,6 GHz Cortex-A75 & 6x1,6 GHz Cortex-A55",3 GB,Li-Po 5250 mAh,,
ZTE Axon 30S,Giá Liên Hệ,https://cellphones.com.vn/nubia-zte-axon-30s.html,6.9 inches,AMOLED,"Camera chính góc rộng: 64 MP, f/1.8  Cảm biến độ sâu: 2 MP, f/2.4 Camera macro: 5 MP, f/2.4  Camera góc siêu rộng: 8 MP, f/2.2, 120˚","Camera góc rộng: 16 MP, f/2.5, dưới màn hình",Qualcomm SM8250-AC Snapdragon 870 5G (7 nm),Có,128 GB,2 SIM (Nano-SIM),Android 12,2460x1080 pixels,"AMOLED, 1 tỉ màu, 120Hz","1x3,2 GHz Kryo 585 & 3x2,42 GHz Kryo 585 & 4x1,80 GHz Kryo 585",8 GB,4200 mAh,,
Oppo Reno8 4G,Giá Liên Hệ,https://cellphones.com.vn/oppo-reno-8-50226.html,6.4 inches,AMOLED,"Camera góc rộng: 50 MP, f/1.8, 23mm  1 / 1.56 "", 1.0µm, đa hướng PDAF  Camera góc siêu rộng:8 MP, f/2.2, 16mm, 112˚, 1 / 4.0"", 1.12µm  Camera macro: 2 MP, f /2.4,","Camera góc rộng: 32 MP, f / 2.4, 23mm, 1 / 2.74 "", 0.8µm",Mật độ MediaTek 1300 (6 nm),Có,128 GB,2 SIM (Nano-SIM),Android 12,1080 x 2400 pixels (FullHD+),Kính cường lực Corning Gorilla Glass 5,"1x3,0 GHz Cortex-A78 & 3x2,6 GHz Cortex-A78 & 4x2,0 GHz Cortex-A55",8 GB,Li-Po 4500 mAh,,
OPPO Reno13F 4G 12GB - 256GB,Giá Liên Hệ,https://cellphones.com.vn/dien-thoai-oppo-reno13f-4g-12gb-256gb.html,,,,,,,256 GB,,,,,,12 GB,,,
Vivo X Fold Plus,Giá Liên Hệ,https://cellphones.com.vn/vivo-x-fold-plus.html,8.3 inches,AMOLED,Camera chính 50MP  Camera tele: 12MP với zoom quang học 2x  Camera siêu rộng: 48MP  Camera kính tiềm vọng: 8MP.,16MP,Snapdragon 8+ Gen 1,,256 GB,,,,120Hz,,12 GB,4.730 mAh,,
Huawei Nova 10z,Giá Liên Hệ,https://cellphones.com.vn/huawei-nova-10z.html,6.6 inches,IPS LCD,"Camera góc rộng: 64 MP, f/1.9, PDAF Camera góc cực rộng: 8 MP, f/2.4  Camera macro: 2 MP, f/2.4, PDAF","Camera góc rộng: 16 MP, f/2.0",,Không,128 GB,2 SIM (Nano-SIM),HarmonyOS 2.0,1080 x 2400 pixels (FullHD+),,,,Li-Po 4000 mAh,,
Tecno Pop 6 Pro,Giá Liên Hệ,https://cellphones.com.vn/tecno-pop-6-pro.html,6.6 inches,IPS LCD,"8 MP, f/2.0, QVGA",5 MP,Mediatek MT6761 Helio A22 (12 nm),Không,32 GB,2 SIM (Nano-SIM),Android 12,720 x 1612 (HD+),,Lõi tứ 2.0 GHz Cortex-A53,2 GB,5000 mAh,,
Xiaomi Redmi Note 11SE,Giá Liên Hệ,https://cellphones.com.vn/xiaomi-redmi-note-11se.html,6.43 inches,AMOLED,"Camera góc rộng:  64MP, f/1.9  Camera góc siêu rộng: 8MP, f/2.2, 118 ° FOV  Máy ảnh macro: 2MP, f/2.4  Cảm biến độ sâu: 2MP, f/2.4","13MP, f/2,45",MediaTek Helio G95,Không,64 GB,2 SIM (Nano-SIM),Android 11,1080 x 2400 pixels (FullHD+),"HBM 700 nits (typ), độ sáng tối đa 1100 nits (typ), 409 PPI, DCI-P3, Bảo vệ kính Corning®Gorilla®",,6 GB,5000mAh,,
Vivo iQOO 9T,Giá Liên Hệ,https://cellphones.com.vn/vivo-iqoo-9t.html,6.78 inches,AMOLED,"Camera góc rộng: 50 MP, f/1.8, 1 / 1.57 "", 1.0µm, PDAF, OIS  Tele: 12 MP, f/2.0, 47 mm PDAF, zoom quang 2x   Camera cực kỳ rộng: 13 MP, f / 2.2, 16 mm, 120˚","Camera góc rộng: 16 MP, f / 2.5,",Qualcomm SM8475 Snapdragon 8+ thế hệ 1 (4 nm),Có,128 GB,2 SIM (Nano-SIM),Android 12,1080 x 2400 pixels (FullHD+),Kính cường lực Corning Gorilla Glass 5  Hỗ trợ Monster Touch,"1x3,19 GHz Cortex-X2 & 3x2,75 GHz Cortex-A710 & 4x1.80 GHz Cortex-A510",8 GB,Li-Po 4700 mAh,,
Redmi 11A,Giá Liên Hệ,https://cellphones.com.vn/redmi-11a.html,6.53 inches,IPS LCD,"Camera chính góc rộng: 48 MP, f/1.8. Cảm biến độ sâu: 2MP, f/2.4.  Camera góc siêu rộng: 8 MP, f/2.2  Camera macro: 2 MP, f/2.4.",13 MP,Helio G35,Không,64 GB,,,1080 x 2340 pixels (FullHD+),,,4 GB,6.000 mAh,,
OPPO A57e,Giá Liên Hệ,https://cellphones.com.vn/oppo-a57e.html,6.56 inches,IPS LCD,"Camera góc rộng: 13 MP, f/2.2, AF Camera góc sâu: 2 MP, f/2.4","Camera góc rộng: 8 MP, f/2.0,",MediaTek MT6765G Helio G35 (12 nm),Không,64 GB,2 SIM (Nano-SIM),Android 12,720 x 1612 (HD+),"IPS LCD, 600 nits","4x2,3 GHz Cortex-A53 & 4x1,8 GHz Cortex-A53",4 GB,5000 mAh,,
OPPO Reno13F 5G 8GB-128GB,Giá Liên Hệ,https://cellphones.com.vn/dien-thoai-oppo-reno13f-5g-8gb-128gb.html,,,,,,,128 GB,,,,,,8 GB,,,
OPPO Reno13F 5G 8GB-256GB,Giá Liên Hệ,https://cellphones.com.vn/dien-thoai-oppo-reno13f-5g-8gb-256gb.html,,,,,,,256 GB,,,,,,8 GB,,,
Xiaomi Redmi 11 Pro,Giá Liên Hệ,https://cellphones.com.vn/xiaomi-redmi-11-pro.html,,IPS LCD,Camera chính: 50MP  Cảm biến độ sâu: 2MP,5MP,MediaTek Dimensity 700,,128 GB,,Android 12,1080 x 2408 pixels,90Hz,,6 GB,5000mAh,,
Xiaomi POCO C50,Giá Liên Hệ,https://cellphones.com.vn/xiaomi-poco-c50.html,6.7 inches,IPS LCD,"Camera chính: 50MP,  f/1.8  Camera chiều sâu: 2 MP, f/2.4",5 MP,Snapdragon 680,Không,64 GB,,,,,,4 GB,5000 mAh,,
Nubia Z40S Pro,Giá Liên Hệ,https://cellphones.com.vn/nubia-z40s-pro.html,6.66 inches,AMOLED,"Camera chính: 64MP, f/1.6, 35 mm, 1/1.7"", PDAF, OIS  Camera tele: 8 MP, f/3.4, 125 mm, 1/4.0"", PDAF, OIS, zoom quang 5x  Camera góc siêu rộng: 50MP, f/ 2.2, 14mm, 116˚, AF","Camera góc rộng: 16 MP, f/2.5",Snapdragon 8+ Gen 1 (4 nm),Có,128 GB,2 SIM (Nano-SIM),Android 12,1080 x 2400 pixels (FullHD+),"1 tỷ màu, tần số quét 144Hz, HDR10+, 1000 nits",1x3.19 GHz Cortex-X2 & 3x2.75 GHz Cortex-A710 & 4x1.80 GHz Cortex-A510,8 GB,5000 mAh,,
Honor 80 Pro Plus,Giá Liên Hệ,https://cellphones.com.vn/honor-80-pro-plus.html,,AMOLED,200 MP,,Snapdragon 8 Gen 1,,,,,,,,12 GB,,,
Masstel Izi 10,Giá Liên Hệ,https://cellphones.com.vn/masstel-izi-10.html,1.77 inches,,,,Unisoc UMS9117,,128 MB,2 SIM (Nano-SIM),,128 x 160 pixels,,,,1000 mAh,,
Samsung Galaxy M23,Giá Liên Hệ,https://cellphones.com.vn/samsung-galaxy-m23.html,6.6 inches,TFT LCD,50.0 MP + 8.0 MP + 2.0 MP,"8.0 MP, F2.2",,Có,128 GB,2 SIM (Nano-SIM),"Android 12, One UI 4.1",1080 x 2408 pixels,,Octa-core (2.2 GHz & 1.8 GHz),4 GB,Li-Po 5000 mAh,,
Xiaomi 12 Lite,Giá Liên Hệ,https://cellphones.com.vn/xiaomi-12-lite.html,6.55 inches,AMOLED,"Camera góc rộng: 108 MP, f/1.9, PDAF Camera góc siêu rộng: 8 MP, f/2.2, 120˚ Camera macro: 2 MP, f/2.4","Camera góc rộng: 32 MP, f/2.5",Snapdragon 778G 5G 6 nm,Có,128 GB,2 SIM (Nano-SIM),"Android 12, MIUI 13",1080 x 2400 pixels (FullHD+),"120 Hz, Dolby Vision®, HDR10+, Corning® Gorilla® Glass 5, TrueColor","4x2,4 GHz Kryo 670 & 4x1,8 GHz Kryo 670",6 GB,Li-Po 4300 mAh,,
Huawei Nova 7 SE,Giá Liên Hệ,https://cellphones.com.vn/huawei-nova-7-se.html,6.5 inches,"LTPS IPS LCD, 16 triệu màu","64 MP, f/1.8, 26mm (wide), PDAF 8 MP, f/2.4, 17mm (ultrawide) 2 MP, f/2.4, (macro) 2 MP, f/2.4, (depth)","16 MP, f/2.0, (wide)",Kirin 820 5G (7nm),Không,128 GB,2 SIM (Nano-SIM),"Android 10, EMUI 10.1, no Google Play Services",1080 x 2400 pixels (FullHD+),,Octa-core (1x2.36 GHz Cortex-A76 & 3x2.22 GHz Cortex-A76 & 4x1.84 GHz Cortex-A55),8 GB,"Li-Po 4000 mAh, Fast charging 40W, Reverse charging 5W",,"Cảm biến vân tay, cảm biến tiệm cận, gia tốc kế, la bàn, con quay hồi chuyển"
Oppo F17,Giá Liên Hệ,https://cellphones.com.vn/oppo-f17.html,6.44 inches,"Super AMOLED, 16 triệu màu.","16 MP, f/2.2, (wide), 1/3.06"", PDAF 8 MP, f/2.2, 119˚ (ultrawide), 1/4.0"", 1.12µm 2 MP, f/2.4, (macro) 2 MP, f/2.4, (depth)","16 MP, f/2.0, (wide), 1/3.1""",Qualcomm SM6115 Snapdragon 662 (11 nm),Không,128 GB,2 SIM (Nano-SIM),"Android 10, ColorOS 7.2",1080 x 2400 pixels (FullHD+),,Octa-core (4x2.0 GHz Kryo 260 Gold & 4x1.8 GHz Kryo 260 Silver),4 GB,"Li-Po 4000 mAh, sạc nhanh 30W, VOOC 4.0",,"Cảm biến vân tay, cảm biến tiệm cận, gia tốc kế, la bàn, con quay hồi chuyển"
Oppo Reno4 SE,Giá Liên Hệ,https://cellphones.com.vn/oppo-reno-4-se.html,6.4 inches,"Super AMOLED, 16 triệu màu, Corning Gorilla Glass 3+, 430 nits","48 MP, f/1.7, 26mm (wide), 1/2.0"", 0.8µm, PDAF 8 MP, f/2.2, 119˚ (ultrawide), 1/4.0"", 1.12µm 2 MP, f/2.4, (depth)","32 MP, f/2.4, 26mm (wide), 1/2.8"", 0.8µm",MediaTek MT6873 Dimensity 800 5G (7 nm),,128 GB,2 SIM (Nano-SIM),"Android 10, ColorOS 7.2",1176 x 2400 pixel,,Octa-core (4x2.0 GHz Cortex-A76 & 4x2.0 GHz Cortex-A55),6 GB,"Li-Po 4300 mAh, Fast charging 65W, SuperVOOC 2.0",,"Cảm biến vân tay, cảm biến tiệm cận, gia tốc kế, la bàn, con quay hồi chuyển"
Vivo Y32t,Giá Liên Hệ,https://cellphones.com.vn/vivo-y32t.html,6.51 inches,IPS LCD,Camera kép: Chính 13 MP + macro 2 MP.,8 MP,Helio G70,Không,128 GB,,,,,,8 GB,5.000 mAh,,
Oppo A32,Giá Liên Hệ,https://cellphones.com.vn/oppo-a32.html,6.5 inches,"IPS LCD, 16 triệu màu","13 MP, (wide), PDAF 2 MP, f/2.4, (macro) 2 MP, f/2.4, (depth)","16 MP, f/2.0, (wide), 1/3.06"", 1.0µm",Qualcomm SM4250 Snapdragon 460 (11 nm),,64 GB,2 SIM (Nano-SIM),Android 10; ColorOS 7.2,720 x 1600 pixel,,Octa-core 1.8 GHz Kryo 240,4 GB,5000 mAh,,"Cảm biến vân tay, cảm biến tiệm cận, gia tốc kế, la bàn, con quay hồi chuyển"
Vivo Y52t,Giá Liên Hệ,https://cellphones.com.vn/vivo-y52t.html,6.51 inches,IPS LCD,"Camera góc rộng: 13 MP, f/2.2, 26mm, PDAF  Máy ảnh Macro: 2 MP, f/2 .4","Camera góc rộng: 8 MP, f/2.0",MediaTek MT6833 Mật độ 700 (7 nm),Không,128 GB,2 SIM (Nano-SIM),Android 12,720 x 1600 pixel,,"2x2,2 GHz Cortex-A76 & 6x2,0 GHz Cortex-A55",8 GB,5000 mAh,,
Realme GT Neo 2,Giá Liên Hệ,https://cellphones.com.vn/realme-gt-neo-2.html,6.62 inches,Super AMOLED,"Camera góc rộng: 64 MP, f/1.8 PDAF  Camera góc siêu rộng: 8 MP, f/2.3,  Camera cận cảnh: 2 MP, f/2.4, (macro)","16 MP, f/2.5",SM8250-AC Snapdragon 870 5G (7 nm),Có,128 GB,2 SIM (Nano-SIM),"Android 11, Realme UI 2.0",1080 x 2400 pixels (FullHD+),120Hz,1x3.2 GHz Kryo 585 & 3x2.42 GHz Kryo 585 & 4x1.80 GHz Kryo 585,8 GB,Li-Po 5000 mAh,,
Realme Narzo 50i,Giá Liên Hệ,https://cellphones.com.vn/realme-narzo-50i.html,,,,8 MP,,,64 GB,,,,,,4 GB,5000 mAh,,
Samsung Galaxy M53 5G,Giá Liên Hệ,https://cellphones.com.vn/samsung-galaxy-m53.html,6.7 inches,AMOLED,"Chính 64 MP & Phụ 12 MP, 8 MP, 5 MP",32 MP,Dimensity 900,Có,128 GB,2 SIM (Nano-SIM),,,,,8 GB,5000 mAh,,
Realme X7 Pro,Giá Liên Hệ,https://cellphones.com.vn/realme-x7-pro.html,6.55 inches,"AMOLED capacitive touchscreen, 16M colors, 120Hz","64 MP, f/1.8, 26mm (wide), 1/1.72"", 0.8µm, PDAF 8 MP, f/2.3, 119˚, 16mm (ultrawide), 1/4.0"", 1.12µm 2 MP, f/2.4, (macro) 2 MP, f/2.4, (depth)","32 MP, f/2.2, (wide), 1/2.8"", 0.8µm",Mediatek Dimensity 1000+ (7nm),Có,256 GB,2 SIM (Nano-SIM),"Android 10, Realme UI",1080 x 2400 pixels (FullHD+),,Octa-core (4x2.6 GHz Cortex-A77 & 4x2.0 GHz Cortex-A55),8 GB,"Li-Po 4500 mAh, Fast charging 65W",,"Cảm biến vân tay, cảm biến tiệm cận, gia tốc kế, la bàn, con quay hồi chuyển"
Vsmart Joy 2 Plus 2GB,1.990.000đ,https://cellphones.com.vn/vsmart-joy-2-plus-ram-2gb.html,6.2 inches,LCD HD+,13MP - 5MP,8MP,,,32 GB,,,,,,2 GB,4500 mAh,,
Vivo Y75s,Giá Liên Hệ,https://cellphones.com.vn/vivo-y75s.html,6.58 inches,IPS LCD,"Camera góc rộng: 64 MP, f/1.8, PDAF Camera góc siêu rộng: 8 MP, f/2.2, 120˚  Camera macro; 2 MP, f/2.4","Camera góc rộng: 8 MP, f/2.0",MediaTek MT6833 Dimensity 700 (7 nm),Không,256 GB,2 SIM (Nano-SIM),Android 11,1080 x 2408 pixels,,"2x2,2 GHz Cortex-A76 & 6x2,0 GHz Cortex-A55",8 GB,5000 mAh,,
Xiaomi Poco C40,Giá Liên Hệ,https://cellphones.com.vn/xiaomi-poco-c40.html,6.7 inches,IPS LCD,"50 MP, f/1.8, 26mm (wide), PDAF  2 MP, f/2.4, (depth)","5 MP, f/2.0",Qualcomm SM6225 Snapdragon 680 4G (6 nm),Có,32 GB,2 SIM (Nano-SIM),"Android 11, MIUI 13",720 x 1650 pixels,,Octa-core (4x2.4 GHz Kryo 265 Gold & 4x1.9 GHz Kryo 265 Silver),3 GB,Li-Po 6000 mAh,,
vivo X Fold,Giá Liên Hệ,https://cellphones.com.vn/vivo-x-fold.html,8.03 inches,LTPO AMOLED,"Camera góc rộng: 50 MP, f/1.8, 1.0µm, Laser AF, OIS  Kính viễn vọng: 8 MP, f/3.4, 125mm, PDAF, OIS  Camera tele: 12MP, f/2.0, 47mm  Camera góc siêu rộng: 48MP, f/2.2, 14mm, 114˚","Camera góc rộng: 16 MP, f/2.5",Qualcomm SM8450 Snapdragon 8 Gen 1 (4 nm),Có,256 GB,Nano-SIM,Android 12,1916 x 2160 pixels,"Tần số quét 120Hz, HDR10+Màn hình phụ: AMOLED, 120Hz, 6.53 inches, 1080 x 2520 pixels, 21:9 ratio",1x3.00 GHz Cortex-X2 & 3x2.50 GHz Cortex-A710 & 4x1.80 GHz Cortex-A510,12 GB,4600mAh,,
Realme GT 2,Giá Liên Hệ,https://cellphones.com.vn/realme-gt-2.html,6.62 inches,AMOLED,"Chính 50 MP & Phụ 8 MP, 2 MP",16 MP,Snapdragon 888,Có,256 GB,2 SIM (Nano-SIM),,,,,12 GB,5.000 mAh,,
Xiaomi 12 Ultra,Giá Liên Hệ,https://cellphones.com.vn/xiaomi-mi-12-ultra.html,6.9 inches,Super AMOLED,"Chính 50 MP & Phụ 48 MP, 20 MP, 12 MP",Chính 32 MP & Phụ 8 MP,Snapdragon 895 8 nhân,Có,128 GB,2 SIM (Nano-SIM),Android 11,1440 x 2560 pixels,,Snapdragon 895 8 nhân,8 GB,5000 mAh,,
Huawei P30,17.990.000đ,https://cellphones.com.vn/huawei-p30-1.html,6.1 inches,"OLED, cảm ứng điện dung 16.7 triệu màu","40 MP, 16 MP và 8 MP (3 camera)",32 MP,HiSilicon Kirin 980,Có,128 GB,2 SIM (Nano-SIM),Android v9.0 (Pie),1080 x 2340 pixels (FullHD+),,"8 nhân (2 nhân Cortex-A76 2,6GHz+ 2 nhân Cortex-A76 1,92GHz + 4 nhân Cortex-A55 1,8GHz)",8 GB,3650 mAh,,"Cảm biến ánh sáng xung quanh, Cảm biến vân tay trên màn hình, Con quay hồi chuyển, La bàn, Cảm biến tiệm cận, Cảm biến trọng lực, Cảm biến Hall, Cảm biến hồng ngoại, Cảm biến nhiệt độ màu"
Oppo F11 Pro 128GB,8.490.000đ,https://cellphones.com.vn/oppo-f11-pro-128-gb.html,,,,,,,,,,,,,,,,
Xiaomi Civi,Giá Liên Hệ,https://cellphones.com.vn/xiaomi-civi.html,,,,,Snapdragon 778G 5G 8 nhân,,128 GB,,Android 11,,,,4 GB,4500 mAh,,
Huawei P30 Lite,7.490.000đ,https://cellphones.com.vn/huawei-p30-lite-1.html,6.15 inches,IPS LCD,24MP + 8MP + 2MP,32MP,Kirin 710,Có,128 GB,2 SIM (Nano-SIM),Android v9.0 (Pie),1080 x 2312 pixels (FullHD+),,"8 nhân (4 x Cortex-A73 2,2GHz + 4 x Cortex-A53 1,7GHz)",6 GB,4300 mAh,,"Cảm biến trọng lực, Cảm biến ánh sáng môi trường, Cảm biến tiệm cận, Con quay hồi chuyển, La bàn, Cảm biến vân tay"
Realme X3 Pro,Giá Liên Hệ,https://cellphones.com.vn/realme-x3-pro.html,6.6 inches,"IPS LCD capacitive touchscreen, 16M colors, Corning Gorilla Glass 5, 120Hz refresh rate","64 MP, f/1.8, 26mm (wide), 1/1.72"", 0.8µm, PDAF 8 MP, f/3.4, 124mm (periscope telephoto), PDAF, OIS, 5x optical zoom 8 MP, f/2.3, 119˚, 16mm (ultrawide), 1/4.0"", 1.12µm 2 MP, f/2.4, (macro)","32 MP, f/2.5, 26mm (wide), 1/2.8"", 0.8µm 8 MP, f/2.2, 105˚ (ultrawide), 1/4.0"", 1.12µm",Qualcomm SM8150 Snapdragon 855+ (7 nm),,256 GB,2 SIM (Nano-SIM),"Android 10, Realme UI",1080 x 2400 pixels (FullHD+),,Octa-core (1x2.96 GHz Kryo 485 & 3x2.42 GHz Kryo 485 & 4x1.78 GHz Kryo 485),12 GB,"Li-Po 4200 mAh battery, Fast charging 30W",,
vivo iQOO Z6x,Giá Liên Hệ,https://cellphones.com.vn/vivo-iqoo-z6x.html,6.58 inches,IPS LCD,"Camera góc rộng: 50 MP, f/1.8, 26mm, PDAF  Camera macro: 2 MP, f/2.4","Camera góc rộng: 8 MP, f/2.0",MediaTek MT6833P Mật độ 810 (6 nm),Không,128 GB,2 SIM (Nano-SIM),Android 11,1080 x 2408 pixels,,"2x2,4 GHz Cortex-A76 & 6x2,0 GHz Cortex-A55",6 GB,Li-Po 6000 mAh,,
Xiaomi Redmi 9 Activ,Giá Liên Hệ,https://cellphones.com.vn/xiaomi-redmi-9-activ.html,6.53 inches,,"13MP, f/2.2 2  2MP, f/2.4","5MP, f/2.2",MediaTek Helio G35,,64 GB,2 SIM (Nano-SIM),Android 11,720 x 1600 pixel,"NTSC 70% , 400 nit (typ)","2.3GHz, 8x A53, Octa-core CPU",4 GB,5000mAh,,
Vsmart Joy 2 Plus 2GB,1.990.000đ,https://cellphones.com.vn/vsmart-joy-2-plus-ram-2gb.html,6.2 inches,LCD HD+,13MP - 5MP,8MP,,,32 GB,,,,,,2 GB,4500 mAh,,
vivo S15,Giá Liên Hệ,https://cellphones.com.vn/vivo-s15.html,6.62 inches,AMOLED,"64 MP, f/1.9, 25mm (Camera góc rộng), 1/1.72"", PDAF, OIS8 MP, f/2.2, 16mm, 120˚ (Camera góc siêu rộng)2 MP, f/2.4, (Camera Macro)","32 MP, f/2.0, (Camera góc rộng)",Qualcomm SM8250-AC Snapdragon 870 5G (7 nm),Có,128 GB,2 SIM (Nano-SIM),"Android 12, Origin OS Ocean",1080 x 2400 pixels (FullHD+),AMOLED 120Hz  HDR10+  1300 nits,Octa-core (1x3.2 GHz Kryo 585 & 3x2.42 GHz Kryo 585 & 4x1.80 GHz Kryo 585),8 GB,Li-Po 4500 mAh (Không thể tháo rời),,
Vivo Y73t,Giá Liên Hệ,https://cellphones.com.vn/vivo-y73t.html,6.58 inches,IPS LCD,"Camera góc rộng: 50MP, f/1.8, 26mm, PDAF  Camera Macro: 2 MP, f/2.4","Camera góc rộng: 8 MP, f/2.0",MediaTek MT6833 Mật độ 700 (7 nm),Không,128 GB,2 SIM (Nano-SIM),Android 11,1080 x 2408 pixels,,"2x2,2 GHz Cortex-A76 & 6x2,0 GHz Cortex-A55",8 GB,6000 mAh,,
Realme Note 9 Prime,Giá Liên Hệ,https://cellphones.com.vn/realme-note-9-prime.html,,,,,,,64 GB,,Android 11,,,,4 GB,,,
Samsung Galaxy A50s,6.990.000đ,https://cellphones.com.vn/samsung-galaxy-a50s.html,6.4 inches,Super AMOLED,"Chính 48 MP & Phụ 8 MP, 5 MP",32 MP,Exynos 9610 8 nhân 64-bit,,64 GB,2 SIM (Nano-SIM),Android v9.0 (Pie),1080 x 2340 pixels (FullHD+),,4 nhân 2.3 GHz và 4 nhân 1.7 GHz,4 GB,Pin chuẩn Li-Po 4000 mAh,,- Bảo mật vân tay dưới màn hình- Công nghệ nhận diện khuôn mặt- Công nghệ Neuro Game Booster tối ưu hóa khi chơi game
Oppo A77 5G,Giá Liên Hệ,https://cellphones.com.vn/oppo-a77.html,6.56 inches,IPS LCD,"Camera gốc rộng: 48 MP, f/1.7  Camera gốc sâu: 2 MP, f/2.4,","Camera gốc rộng: 8 MP, f/2.0",MediaTek Dimensity 810 5G 8 nhân,Có,128 GB,2 SIM (Nano-SIM),"Android 12, ColorOS 12.1",720 x 1612 (HD+),"90Hz, 480 nits (typ)","2x2,4 GHz Cortex-A76 & 6x2,0 GHz Cortex-A55",6 GB,Li-Po 5000 mAh,,
Vsmart Joy 3 2GB,2.090.000đ,https://cellphones.com.vn/vsmart-joy-3.html,6.5 inches,IPS LCD,"Chính: 13 MP  Phụ :8 MP, 2MP",8 MP,Qualcomm Snapdragon 632,,32 GB,2 SIM (Nano-SIM),Android 9,720 x 1600 pixel,,Kryo 250,2 GB,Li-Po 5000 mAh,,"Cảm biến vân tay, cảm biến tiệm cận, cảm biến gia tốc, la bàn, con quay hồi chuyển"
Oppo A92,5.740.000đ,https://cellphones.com.vn/oppo-a92.html,6.5 inches,IPS LCD,"Camera chính: 48 MP, f/1.7, (wide), 1/2.0"", 0.8µm, PDAF Camera siêu rộng: 8 MP, f/2.2, 119° (ultrawide), 1/4.0"", 1.12µm Camera xoá phông: 2 MP, f/2.4, (depth) Camera B/W: 2 MP B/W, f/2.4","16 MP, f/2.0, (wide), 1/3.1, 1.0µm",Qualcomm SM6125 Snapdragon 665 (11 nm),Không,128 GB,2 SIM (Nano-SIM),"Android 10, ColorOS 7.1",1080 x 2400 pixels (FullHD+),,Octa-core (4x2.0 GHz Kryo 260 Gold & 4x1.8 GHz Kryo 260 Silver),8 GB,"Li-Po 5000 mAh, Fast charging 18W",,"Cảm biến vân tay, cảm biến tiệm cận, gia tốc kế, la bàn, con quay hồi chuyển"
Realme V13,Giá Liên Hệ,https://cellphones.com.vn/realme-v13.html,6.52 inches,IPS LCD,16 MP,64 MP + 8 MP + 2 MP,MediaTek Dimensity 800U MT6853V,Không,64 GB,2 SIM (Nano-SIM),Android 10,1080 x 2400 pixels (FullHD+),,,6 GB,4310 mAh,,
Bphone B40,Giá Liên Hệ,https://cellphones.com.vn/bphone-4.html,,Đang cập nhật,Đang cập nhật,Đang cập nhật,Đang cập nhật,,64 GB,2 SIM (Nano-SIM),Đang cập nhật,,,Đang cập nhật,4 GB,Đang cập nhật,,Đang cập nhật
Oppo F17 Pro,Giá Liên Hệ,https://cellphones.com.vn/oppo-f17-pro.html,6.4 inches,"Super AMOLED, 16 triệu màu, Corning Gorilla Glass 3+, độ sáng 430 nits","48 MP, f/1.8, 26mm (wide), 1/2.0"", 0.8µm, PDAF 8 MP, f/2.2, 119˚ (ultrawide), 1/4.0"", 1.12µm 2 MP, f/2.4, (depth) 2 MP, f/2.4, (depth)","16 MP, f/2.4, (wide), 1/3"", 1.0µm",Mediatek Helio P95 (12 nm),Không,128 GB,2 SIM (Nano-SIM),"Android 10, ColorOS 7.2",1080 x 2400 pixels (FullHD+),,Octa-core (2x2.2 GHz Cortex-A75 & 6x2.0 GHz Cortex-A55),8 GB,"Li-Po 4015 mAh, sạc nhanh 30W, VOOC 4.0",,"Cảm biến vân tay, cảm biến tiệm cận, gia tốc kế, la bàn, con quay hồi chuyển"
Xiaomi Redmi 13X,Giá Liên Hệ,https://cellphones.com.vn/dien-thoai-xiaomi-redmi-13x.html,6.79 inches,IPS LCD,Chính 108 MP & Phụ 2 MP,13 MP,MediaTek Helio G91 Ultra 8 nhân,,128 GB,2 Nano-SIM,Xiaomi HyperOS (Android 14),1080x2460 pixels,Tần số quét 90 HzĐộ sáng tối đa 550 nitsKính cường lực Corning Gorilla Glass 3,2 nhân 2.0 GHz & 6 nhân 1.8 GHz,6 GB,5030 mAh,,
Realme X7 Pro,Giá Liên Hệ,https://cellphones.com.vn/realme-x7-pro.html,6.55 inches,"AMOLED capacitive touchscreen, 16M colors, 120Hz","64 MP, f/1.8, 26mm (wide), 1/1.72"", 0.8µm, PDAF 8 MP, f/2.3, 119˚, 16mm (ultrawide), 1/4.0"", 1.12µm 2 MP, f/2.4, (macro) 2 MP, f/2.4, (depth)","32 MP, f/2.2, (wide), 1/2.8"", 0.8µm",Mediatek Dimensity 1000+ (7nm),Có,256 GB,2 SIM (Nano-SIM),"Android 10, Realme UI",1080 x 2400 pixels (FullHD+),,Octa-core (4x2.6 GHz Cortex-A77 & 4x2.0 GHz Cortex-A55),8 GB,"Li-Po 4500 mAh, Fast charging 65W",,"Cảm biến vân tay, cảm biến tiệm cận, gia tốc kế, la bàn, con quay hồi chuyển"
Nokia X21 5G,Giá Liên Hệ,https://cellphones.com.vn/nokia-x21.html,6.7 inches,OLED,Camera chính 64 MP  Ống kính siêu rộng 13 MP  Ống kính ToF,16 MP,Snapdragon 695,Không,128 GB,,,1920 x 1080 pixels (FullHD),"Màn hình OLED, 120Hz",,6 GB,5.000mAh,,
Vivo Y75s,Giá Liên Hệ,https://cellphones.com.vn/vivo-y75s.html,6.58 inches,IPS LCD,"Camera góc rộng: 64 MP, f/1.8, PDAF Camera góc siêu rộng: 8 MP, f/2.2, 120˚  Camera macro; 2 MP, f/2.4","Camera góc rộng: 8 MP, f/2.0",MediaTek MT6833 Dimensity 700 (7 nm),Không,256 GB,2 SIM (Nano-SIM),Android 11,1080 x 2408 pixels,,"2x2,2 GHz Cortex-A76 & 6x2,0 GHz Cortex-A55",8 GB,5000 mAh,,
Xiaomi 12 Ultra,Giá Liên Hệ,https://cellphones.com.vn/xiaomi-mi-12-ultra.html,6.9 inches,Super AMOLED,"Chính 50 MP & Phụ 48 MP, 20 MP, 12 MP",Chính 32 MP & Phụ 8 MP,Snapdragon 895 8 nhân,Có,128 GB,2 SIM (Nano-SIM),Android 11,1440 x 2560 pixels,,Snapdragon 895 8 nhân,8 GB,5000 mAh,,
Redmi Note 11 SE,Giá Liên Hệ,https://cellphones.com.vn/redmi-note-11-se.html,6.43 inches,IPS LCD,"Camera góc rộng: 64 MP, f/1.9, PDAF  Camera macro: 2 MP, f/2.4  Camera góc siêu rộng: 8MP, f/2.2, 118 ° FOV  Cảm biến độ sâu: 2MP, f/2.4","Camera góc rộng: 13 MP, f/2.45, 1 / 4.0 "", 1.12µm",MediaTek Helio G95,Có,64 GB,2 SIM (Nano-SIM),Android 11,1080 x 2400 pixels (FullHD+),"IPS LCD, 90Hz, 400 nits (typ)","2x2,2 GHz Cortex-A76 & 6x2,0 GHz Cortex-A55",6 GB,5000 mAh,,
Realme V3,Giá Liên Hệ,https://cellphones.com.vn/realme-v3.html,6.5 inches,"IPS LCD capacitive touchscreen, 16M colors","13 MP, f/2.2, 26mm (wide), PDAF 2 MP, f/2.4, (macro) 2 MP, f/2.4, (depth)","8 MP, f/2.0, 26mm (wide)",MediaTek Dimensity 720 5G (7 nm),Không,64 GB,2 SIM (Nano-SIM),"Android 10, realme UI",720 x 1600 pixel,,Octa-core (2x2.0 GHz Cortex-A76 & 6x2.0 GHz Cortex-A55),6 GB,"Li-Po 5000 mAh, Fast charging 18W",,"Cảm biến vân tay, cảm biến tiệm cận, gia tốc kế, la bàn, con quay hồi chuyển"
Oppo F19s,Giá Liên Hệ,https://cellphones.com.vn/oppo-f19s.html,6.43 inches,AMOLED,"Camera góc rộng: 48 MP, f/1.7, PDAF  Camera cận cảnh: 2 MP, f/2.4  Camera cảm biến độ sâu: 2 MP, f/2.4","16 MP, f/2.4",Qualcomm SM6115 Snapdragon 662 (11 nm),,128 GB,2 SIM (Nano-SIM),"Android 11, ColorOS 11.1",1080 x 2400 pixels (FullHD+),,4x2.0 GHz Kryo 260 Gold & 4x1.8 GHz Kryo 260 Silver,6 GB,Li-Po 5000 mAh,,
Xiaomi 12S Ultra,Giá Liên Hệ,https://cellphones.com.vn/xiaomi-12s-ultra.html,6.73 inches,AMOLED,"Camera góc rộng:  50.3 MP, f/1.9, PDAF, OIS   Tele kính tiềm vọng: 48 MP, f / 4.1, PDAF, OIS, zoom quang 5x Camera góc siêu rộng: 48 MP, f / 2.2","Camera góc rộng: 32 MP, f/2.5",Snapdragon 8+ gen 1 (4 nm),Có,256 GB,2 SIM (Nano-SIM),"Android 12, MIUI 13",1440 x 3200 pixels (QHD+),"Corning Gorilla Glass Victus, HDR10+, Dolby Vision","1x3,19 GHz Cortex-X2 & 3x2,75 GHz Cortex-A710 & 4x1.80 GHz Cortex-A510",8 GB,Li-Po 4860 mAh,,
Realme V13,Giá Liên Hệ,https://cellphones.com.vn/realme-v13.html,6.52 inches,IPS LCD,16 MP,64 MP + 8 MP + 2 MP,MediaTek Dimensity 800U MT6853V,Không,64 GB,2 SIM (Nano-SIM),Android 10,1080 x 2400 pixels (FullHD+),,,6 GB,4310 mAh,,
Samsung Galaxy M51,Giá Liên Hệ,https://cellphones.com.vn/samsung-galaxy-m51.html,6.66 inches,"IPS LCD capacitive touchscreen, 16M colors, Corning Gorilla Glass 3","64 MP, f/2.0, 26mm (wide), 1/1.72"", 0.8µm, PDAF 12 MP, f/2.2, (ultrawide) 5 MP, f/2.2, (depth)","32 MP, f/2.0, 26mm (wide), 1/2.8"", 0.8µm",Qualcomm SDM730 Snapdragon 730 (8 nm),,128 GB,2 SIM (Nano-SIM),"Android 10, One UI 2.0",1080 x 2340 pixels (FullHD+),,Octa-core (2x2.2 GHz Kryo 470 Gold & 6x1.8 GHz Kryo 470 Silver),6 GB,"Li-Po 7000 mAh, Fast charging 25W",,"Cảm biến vân tay, cảm biến tiệm cận, gia tốc kế, la bàn, con quay hồi chuyển"
OPPO K9x,Giá Liên Hệ,https://cellphones.com.vn/oppo-k9x.html,6.5 inches,IPS LCD,"Camera chính64 MP, f/1.8, PDAF  Camera góc siêu rộng: 8 MP, f/2.2  Camera chân dung: 2 MP, f/2.4","16 MP, f/2.4",MediaTek Dimensity 810 5G (6 nm),Không,128 GB,2 SIM (Nano-SIM),"Android 11, ColorOS 11.X",1080 x 2400 pixels (FullHD+),90Hz,,6 GB,Li-Po 5000 mAh,,
Xiaomi 11i HyperCharge,Giá Liên Hệ,https://cellphones.com.vn/xiaomi-11i-hypercharge.html,6.66 inches,AMOLED,"Camera góc rộng: 108 MP, f/1.9, PDAF  Camera góc siêu rộng: 8 MP, 120˚ Camera tele: 2 MP, f/2.4",16 MP,MediaTek Dimensity 920 5G (6 nm),Không,128 GB,2 SIM (Nano-SIM),"Android 11, MIUI 12.5",1080 x 2400 pixels (FullHD+),"120Hz, HDR10, Corning Gorilla Glass 5",2x2.5 GHz Cortex-A78 & 6x2.0 GHz Cortex-A55,6 GB,Li-Po 4500 mAh,,
Vivo Y21T,Giá Liên Hệ,https://cellphones.com.vn/vivo-y21t.html,5.5 inches,,50MP + 2MP + 2MP,,,Không,128 GB,,"Android 11, Funtouch OS 12",,,,6 GB,"5,000 mAh",,
vivo X200 Ultra,Giá Liên Hệ,https://cellphones.com.vn/dien-thoai-vivo-x200-ultra.html,6.82 inches,AMOLED,"Camera chính: 50MP, f/1.7Camera telephoto: 200MP, f/2.3Camera góc siêu rộng: 50MP, f/2.0",50MP,Snapdragon 8 Elite,,256 GB,,Android 15,3168 x 1440 pixel,"Tần số quét 120Hz, Độ sáng 4500 nits, Dolby Vision, HDR Vivid",,12 GB,"6,000mAh",,
Samsung Galaxy S 2019,20.990.000đ,https://cellphones.com.vn/samsung-galaxy-s-2019.html,6.1 inches,,3 Camera,,Exynos,,128 GB,,9.0 (Pie),,,,,3.500mAh,,
Huawei P30,17.990.000đ,https://cellphones.com.vn/huawei-p30-1.html,6.1 inches,"OLED, cảm ứng điện dung 16.7 triệu màu","40 MP, 16 MP và 8 MP (3 camera)",32 MP,HiSilicon Kirin 980,Có,128 GB,2 SIM (Nano-SIM),Android v9.0 (Pie),1080 x 2340 pixels (FullHD+),,"8 nhân (2 nhân Cortex-A76 2,6GHz+ 2 nhân Cortex-A76 1,92GHz + 4 nhân Cortex-A55 1,8GHz)",8 GB,3650 mAh,,"Cảm biến ánh sáng xung quanh, Cảm biến vân tay trên màn hình, Con quay hồi chuyển, La bàn, Cảm biến tiệm cận, Cảm biến trọng lực, Cảm biến Hall, Cảm biến hồng ngoại, Cảm biến nhiệt độ màu"
Vsmart Joy 3 2GB,2.090.000đ,https://cellphones.com.vn/vsmart-joy-3.html,6.5 inches,IPS LCD,"Chính: 13 MP  Phụ :8 MP, 2MP",8 MP,Qualcomm Snapdragon 632,,32 GB,2 SIM (Nano-SIM),Android 9,720 x 1600 pixel,,Kryo 250,2 GB,Li-Po 5000 mAh,,"Cảm biến vân tay, cảm biến tiệm cận, cảm biến gia tốc, la bàn, con quay hồi chuyển"
Xiaomi Redmi 13X,Giá Liên Hệ,https://cellphones.com.vn/dien-thoai-xiaomi-redmi-13x.html,6.79 inches,IPS LCD,Chính 108 MP & Phụ 2 MP,13 MP,MediaTek Helio G91 Ultra 8 nhân,,128 GB,2 Nano-SIM,Xiaomi HyperOS (Android 14),1080x2460 pixels,Tần số quét 90 HzĐộ sáng tối đa 550 nitsKính cường lực Corning Gorilla Glass 3,2 nhân 2.0 GHz & 6 nhân 1.8 GHz,6 GB,5030 mAh,,
Vivo X70T Pro,Giá Liên Hệ,https://cellphones.com.vn/vivo-x70t-pro.html,6.44 inches,AMOLED,,32 MP,MediaTek Dimensity 1200,,128 GB,2 SIM (Nano-SIM),Android 11,1080 x 2400 pixels (FullHD+),"HDR10+, 120Hz",,8 GB,5.000 mAh,,
vivo iQOO Z6x,Giá Liên Hệ,https://cellphones.com.vn/vivo-iqoo-z6x.html,6.58 inches,IPS LCD,"Camera góc rộng: 50 MP, f/1.8, 26mm, PDAF  Camera macro: 2 MP, f/2.4","Camera góc rộng: 8 MP, f/2.0",MediaTek MT6833P Mật độ 810 (6 nm),Không,128 GB,2 SIM (Nano-SIM),Android 11,1080 x 2408 pixels,,"2x2,4 GHz Cortex-A76 & 6x2,0 GHz Cortex-A55",6 GB,Li-Po 6000 mAh,,
Xiaomi Mi 10T Lite,Giá Liên Hệ,https://cellphones.com.vn/xiaomi-mi-10t-lite.html,6.66 inches,"IPS LCD, 16 triệu màu, 120Hz, 450nits","64 MP, f/1.9, 26mm (wide), 1/1.72"", 0.8µm, PDAF 8 MP, f/2.2, 120˚ (ultrawide), 1/4.0"", 1.12µm 2 MP, f/2.4, (macro) 2 MP, f/2.4, (depth)","16 MP, f/2.5, 25mm (wide), 1/3.06"" 1.0µm",Qualcomm SM7225 Snapdragon 750 5G (8 nm),Có,128 GB,2 SIM (Nano-SIM),"Android 10, MIUI 12",1176 x 2400 pixel,,Octa-core (2x2.2 GHz Kryo 570 & 6x1.8 GHz Kryo 570),6 GB,"Li-Po 4820 mAh, sạc nhanh 33W",,"Cảm biến vân tay, cảm biến tiệm cận, gia tốc kế, la bàn, con quay hồi chuyển"
Oppo F17 Pro,Giá Liên Hệ,https://cellphones.com.vn/oppo-f17-pro.html,6.4 inches,"Super AMOLED, 16 triệu màu, Corning Gorilla Glass 3+, độ sáng 430 nits","48 MP, f/1.8, 26mm (wide), 1/2.0"", 0.8µm, PDAF 8 MP, f/2.2, 119˚ (ultrawide), 1/4.0"", 1.12µm 2 MP, f/2.4, (depth) 2 MP, f/2.4, (depth)","16 MP, f/2.4, (wide), 1/3"", 1.0µm",Mediatek Helio P95 (12 nm),Không,128 GB,2 SIM (Nano-SIM),"Android 10, ColorOS 7.2",1080 x 2400 pixels (FullHD+),,Octa-core (2x2.2 GHz Cortex-A75 & 6x2.0 GHz Cortex-A55),8 GB,"Li-Po 4015 mAh, sạc nhanh 30W, VOOC 4.0",,"Cảm biến vân tay, cảm biến tiệm cận, gia tốc kế, la bàn, con quay hồi chuyển"
vivo S15,Giá Liên Hệ,https://cellphones.com.vn/vivo-s15.html,6.62 inches,AMOLED,"64 MP, f/1.9, 25mm (Camera góc rộng), 1/1.72"", PDAF, OIS8 MP, f/2.2, 16mm, 120˚ (Camera góc siêu rộng)2 MP, f/2.4, (Camera Macro)","32 MP, f/2.0, (Camera góc rộng)",Qualcomm SM8250-AC Snapdragon 870 5G (7 nm),Có,128 GB,2 SIM (Nano-SIM),"Android 12, Origin OS Ocean",1080 x 2400 pixels (FullHD+),AMOLED 120Hz  HDR10+  1300 nits,Octa-core (1x3.2 GHz Kryo 585 & 3x2.42 GHz Kryo 585 & 4x1.80 GHz Kryo 585),8 GB,Li-Po 4500 mAh (Không thể tháo rời),,
Tecno POP 6 Go 4G,Giá Liên Hệ,https://cellphones.com.vn/tecno-pop-6-go-4g.html,6.0 inches,IPS LCD,5 MP,5 MP,,,32 GB,,Android 12 Go Edition.,480 x 960 pixel,,,2 GB,4000 mAh,,
Tecno Spark 8P,Giá Liên Hệ,https://cellphones.com.vn/tecno-spark-8p.html,6.6 inches,IPS LCD,50 MP + 2MP + 8MP,Camera góc rộng: 8 MP,Bộ xử lý Octa-core,Không,64 GB,2 SIM (Nano-SIM),"Android 11, HIOS 7.6",1080 x 2408 pixels,,,4 GB,"Li-Po 5000 mAh, không thể tháo rời",,
Tecno Pova Neo 2,Giá Liên Hệ,https://cellphones.com.vn/tecno-pova-neo-2.html,6.82 inches,IPS LCD,"Camera góc rộng: 16 MP,, AF",8 MP,MediaTek Helio G85 (12nm),Có,64 GB,2 SIM (Nano-SIM),Android 12,720 x 1640 pixels,"IPS LCD, 90Hz","2x2,0 GHz Cortex-A75 & 6x1,8 GHz Cortex-A55",4 GB,7000 mAh,,
Tecno Camon 19 Pro,Giá Liên Hệ,https://cellphones.com.vn/tecno-camon-19-pro.html,6.8 inches,IPS LCD,"Camera góc rộng: 64MP, f/1.6, 26mm, 0.8µm, PDAF, Laser AF, OIS  Camera tele: 50 MP, f/2.0, 50mm, 0.64µm, PDAF, zoom 2x  Camera độ sâu: 2MP, f/2.4,","Camera góc rộng: 32MP, f/2.4, 26mm, 1 / 3.4 "", 0.8µm",Mediatek MT6781 Helio G96 (12 nm),Có,128 GB,2 SIM (Nano-SIM),Android 12,2460x1080 pixels,,"2x2,05 GHz Cortex-A76 & 6x2,0 GHz Cortex-A55",8 GB,5000  mAh,,
Nubia Red Magic 7S,Giá Liên Hệ,https://cellphones.com.vn/nubia-red-magic-7s.html,6.8 inches,OLED,"Camera góc rộng: 64 MP, f/1.8, 26mm , PDAF  Camera góc siêu rộng: 8 MP, f/2.0, 120˚, 13mm    Macro: 2 MP, f/2.4,","Camera góc rộng: 8 MP, f/2.0",Qualcomm SM8450 Snapdragon 8+ Gen 1 (4 nm),Có,128 GB,2 SIM (Nano-SIM),"Android 12, Redmagic 5.1",1080 x 2400 pixels (FullHD+),Corning Gorilla Glass 5,1x3.19 GHz & 3x2.75 GHz & 4x1.80 GHz,8 GB,Li-Po 4500 mAh,,
masstel izi 230,Giá Liên Hệ,https://cellphones.com.vn/masstel-izi-230.html,2.4 inches,TFT LCD,"0.08 MP, Có quay phim",,SC6531E,,,,,240 x 320 pixels,"Mặt kính cong 2.5D,  kiểu dáng tai thỏ",,,1700 mAh,,
OnePlus 11 Pro,Giá Liên Hệ,https://cellphones.com.vn/oneplus-11-pro.html,6.55 inches,OLED,32 MP,,Snapdragon 8 Gen 2,Có,128 GB,,Android 12,,Tần số quét lên đến 144 Hz  kính cường lực Corning Gorilla 6,,8 GB,5.000 mAh,,
OnePlus 10,Giá Liên Hệ,https://cellphones.com.vn/oneplus-10.html,,,,,,Có,,,,,,,,,,
OnePlus Ace,Giá Liên Hệ,https://cellphones.com.vn/oneplus-ace.html,6.7 inches,OLED,"50 MP, f/1.9, 24mm (Rộng) 8 MP, f/2.2, 16mm, 120˚ (Siêu rộng)2 MP, f/2.4, (macro)","16 MP, f/2.4, 26mm (Rộng)",MediaTek Dimensity 8100 Max,Có,128 GB,2 SIM (Nano-SIM),"Android 12, ColorOS 12.1",1080 x 2412 pixels,1B màu  120Hz  HDR10+  500 nits (typ)  800 nits (HBM)  950 nits (peak),Octa-core (4x2.85 GHz Cortex-A78 & 4x2.0 GHz Cortex-A55),8 GB,Li-Po 4500 mAh,,
OnePlus Nord 2 CE,Giá Liên Hệ,https://cellphones.com.vn/oneplus-nord-2-ce.html,6.43 inches,AMOLED,"Camera chính góc rộng: 64 MP, f/1.8, PDAF  Camera góc siêu rộng: 8 MP, f/2.2  Camera macro: 2 MP, f/2.4","16 MP, f/2.4",MediaTek MT6877 Dimensity 900 5G (6 nm),Không,128 GB,2 SIM (Nano-SIM),"Android 12, OxygenOS 12",1080 x 2400 pixels (FullHD+),"90Hz, 20:9, Corning Gorilla Glass 5",2x2.4 GHz Cortex-A78 & 6x2.0 GHz Cortex-A55,8 GB,Li-Po 4500 mAh,,
Nothing Phone 3,Giá Liên Hệ,https://cellphones.com.vn/dien-thoai-nothing-phone-3.html,6.77 inches,AMOLED,"50MP, ƒ/1.88 + 8MP, ƒ/2.2 (Góc siêu rộng) + 50M, ƒ/2.55 (tele)","50MP, ƒ/2.2",Qualcomm SD7635 Snapdragon 7s gen3,Có,256 GB,2 Nano-SIM,Nothing OS 3.1 (Based on Android 15),1080 x 2392 pixels,"120Hz, 387 ppi, 3000nit, 1.07 tỷ màu, 10 bits, NTSC 105%, DCI-P3 100%, độ tương phản 1,000,000：1, HDR10+",,8 GB,5000mAh,,
Oppo Reno5 Lite,Giá Liên Hệ,https://cellphones.com.vn/oppo-reno-5-lite.html,6.43 inches,AMOLED,48 MP + 8 MP + 2 MP + 2 MP,32 MP,Mediatek MT6779V Helio P95 (12 nm),Có,128 GB,2 SIM (Nano-SIM),"Android 11, ColorOS 11.1",1080 x 2400 pixels (FullHD+),,Octa-core,8 GB,Li-Po 4310 mAh,,
OPPO Reno13F 4G - 8GB-128GB,Giá Liên Hệ,https://cellphones.com.vn/dien-thoai-oppo-reno13f-4g-8gb-128gb.html,6.67 inches,AMOLED,"Camera chính: 50MP, F/1.8 Camera góc rộng: 8MP, F/2.2 Camera marco: 2MP, F/2.4","32MP, f/2.4","MediaTek Helio G100, tối đa 2.2GHz",Có,128 GB,2 Nano-SIM,"ColorOS 15, nền tảng Android 15",1080 x 2400 pixels (FullHD+),"120Hz, Kính cường lực AGC DT Star21200 nits16 triệu màu",,8 GB,5800mAh (Typ),,
OPPO Reno13F 4G 12GB-512GB,Giá Liên Hệ,https://cellphones.com.vn/dien-thoai-oppo-reno13f-4g-12gb-512gb.html,,,,,,,512 GB,,,,,,12 GB,,,
Samsung Galaxy A13 6GB 128GB,Giá Liên Hệ,https://cellphones.com.vn/samsung-galaxy-a13-6gb.html,6.6 inches,IPS LCD,50MP + 5MP + 2MP + 2MP,8MP,Exynos 850 8 nhân,Không,128 GB,Nano-SIM,Android 12,720 x 1600 pixel,"Tần số quét 60 Hz, Kính cường lực Corning Gorilla Glass 5",2.0 GHz,6 GB,Li-Po 5000 mAh,,
Huawei Y6S 2019,Giá Liên Hệ,https://cellphones.com.vn/huawei-y6-s-2019.html,6.1 inches,,,,,Có,32 GB,,9,,,,,,,Cảm biến vân tay
Samsung Galaxy A23 6GB 128GB,Giá Liên Hệ,https://cellphones.com.vn/samsung-galaxy-a23-6gb.html,6.6 inches,TFT LCD,50MP + 5MP + 2MP + 2MP,8MP,Snapdragon 680 (SM6225),,128 GB,,Android 11,,"1080 pixels FHD+, 90 Hz TFT",,6 GB,5.000 mAh,,
Huawei Nova 9 SE,Giá Liên Hệ,https://cellphones.com.vn/huawei-nova-9-se.html,6.78 inches,IPS LCD,"108 MP, f/1.9, (wide), 1/1.52"", 0.7µm, PDAF  8 MP, f/2.2, 112˚ (ultrawide)  2 MP, f/2.4, (macro)  2 MP, f/2.4, (depth)","16 MP, f/2.2, 22mm (wide)",Qualcomm SM6225 Snapdragon 680 4G (6 nm),Có,128 GB,2 SIM (Nano-SIM),"Android 11, EMUI 12  Không có dịch vụ của Google Play",1080 x 2388 pixels,"IPS LCD, 90Hz",Octa-core (4x2.4 GHz Kryo 265 Gold & 4x1.9 GHz Kryo 265 Silver),8 GB,Li-Po 4000 mAh,,
Samsung Galaxy M21s,Giá Liên Hệ,https://cellphones.com.vn/samsung-galaxy-m21s.html,6.4 inches,"Super AMOLED, 420 nits (typ), Corning Gorilla Glass 3","64 MP, (wide), PDAF 8 MP, f/2.2, 12mm (ultrawide), 1/4.0"", 1.12µm 5 MP, f/2.2, (depth)",32 MP,Exynos 9611 (10nm),,128 GB,2 SIM (Nano-SIM),"Android 10, One UI 2.5",1080 x 2340 pixels (FullHD+),,Octa-core (4x2.3 GHz Cortex-A73 & 4x1.7 GHz Cortex-A53),6 GB,"Li-Po 6000 mAh, sạc nhanh 15W",,"Cảm biến vân tay, cảm biến tiệm cận, gia tốc kế, la bàn, con quay hồi chuyển"
Nokia 7.2,6.190.000đ,https://cellphones.com.vn/nokia-72.html,6.3 inches,IPS LCD,"Chính 48 MP & Phụ 8 MP, 5 MP",20 MP,Qualcomm Snapdragon 660 8 nhân,Có,64 GB,2 SIM (Nano-SIM),Android 9.0 (Pie),1080 x 2340 pixels (FullHD+),HDR10Corning Gorilla Glass 3,4 nhân 2.2 GHz & 4 nhân 1.8 GHz,4 GB,Pin chuẩn Li-Ion 3500 mAh,,
Huawei P50 Pro+,Giá Liên Hệ,https://cellphones.com.vn/huawei-p50-pro-plus.html,6.3 inches,OLED,,,,Có,256 GB,2 SIM (Nano-SIM),"Android 10, EMUI 11, không có Dịch vụ của Google Play",1080 x 2340 pixels (FullHD+),,,8 GB,Li-Po,,
Redmi Note 11 Prime 5G,Giá Liên Hệ,https://cellphones.com.vn/redmi-note-11-prime-5g.html,6.58 inches,IPS LCD,"Camera chính góc rộng: 50 MP, f/1.8, PDAF Cảm biến độ sâu: 2 MP, f/2.4","8 MP, f/2.2",MediaTek 700,Có,64 GB,2 SIM (Nano-SIM),Android 12,1080 x 2400 pixels (FullHD+),"IPS LCD, 90Hz  Kính cường lực Corning Gorilla Glass 3","2x2,2 GHz Cortex-A76 & 6x2,0 GHz Cortex-A55",4 GB,5000mAh,,
Redmi K50i 5G,Giá Liên Hệ,https://cellphones.com.vn/xiaomi-redmi-k50i.html,6.6 inches,IPS LCD,"Camera góc rộng: 64 MP, PDAF  Camera góc cực rộng: 8 MP, 120˚   Macro:2 MP",Camera góc rộng: 16 MP,Mật độ MediaTek 8100 (5 nm),Có,128 GB,2 SIM (Nano-SIM),"Android 12, MIUI 13",2460x1080 pixels,"HDR10, Dolby Vision, 650 nits (typ)","4x2,85 GHz Cortex-A78 & 4x2,0 GHz Cortex-A55",6 GB,Li-Po 4400 mAh,,
Xiaomi Redmi Note 9 Pro,5.750.000đ,https://cellphones.com.vn/xiaomi-redmi-note-9-pro.html,6.66 inches,IPS LCD,"64 MP, f/1.9, 26mm (wide), 1/1.72"", 0.8µm, PDAF8 MP, f/2.2, 13mm (ultrawide), 1/4.0"", 1.12µm5 MP, f/2.4, (macro), 1.12µm2 MP, f/2.4, (depth)","16 MP, f/2.5, (wide), 1.0µm",Qualcomm SM7125 Snapdragon 720G (8 nm),Có,64 GB,2 SIM (Nano-SIM),Android 10.0; MIUI 11,1080 x 2400 pixels (FullHD+),Corning Gorilla Glass 5,Octa-core (2x2.3 GHz Kryo 465 Gold & 6x1.8 GHz Kryo 465 Silver),6 GB,"Li-Po 5020 mAh battery, Fast charging 30W",,"Cảm biến vân tay, cảm biến tiệm cận, gia tốc kế, la bàn, con quay hồi chuyển"
Vsmart Live 6GB,3.790.000đ,https://cellphones.com.vn/vsmart-live-ram-6gb.html,6.2 inches,AMOLED,"Chính 48 MP & Phụ 8 MP, 5 MP",20MP,Snapdragon 675 8 nhân 64-bit,,64 GB,2 SIM (Nano-SIM),Android 9.0 (Pie),1080 x 2232 pixels (FullHD+),,2 nhân 2.0 Ghz & 6 nhân 1.8 Ghz,6 GB,4000 mAh,,Cảm biến vân tay dưới màn hình
Samsung Galaxy A70,9.290.000đ,https://cellphones.com.vn/samsung-galaxy-a70.html,6.7 inches,"Super AMOLED 16 triệu màu, cảm ứng điện dung",32MP (f1.7) + 8MP (f2.2) + 5MP (f2.2),"32 MP, HDR, Đèn Flash trợ sáng, Tự động lấy nét, Quay video Full HD, Chế độ làm đẹp, Nhận diện khuôn mặt",Snapdragon 675,,128 GB,Nano-SIM,Android 9 Pie,1080 x 2340 pixels (FullHD+),,8 Nhân,6 GB,"4,500mAh",,
Redmi A1+,Giá Liên Hệ,https://cellphones.com.vn/redmi-a1-plus.html,6.52 inches,IPS LCD,8 MP,"5 MP, f/2.4",Mediatek MT6761 Helio A22 (12 nm),Không,32 GB,2 SIM (Nano-SIM),Android 12,720 x 1600 pixel,"IPS LCD, 400 nits (typ), 60 Hz",2.0 GHz Cortex-A53,4 GB,5000 mAh,,
Xiaomi Redmi K50 Ultra,Giá Liên Hệ,https://cellphones.com.vn/xiaomi-redmi-k50-ultra.html,6.66 inches,OLED,"Camera gốc rộng: 50 MP, f/1.9 Camera gốc siêu rộng: 8 MP, f/2.2, 120˚ Camera macro: 2 MP, f/2.4","20 MP, f/2.4",Snapdragon 8+ gen 1 (4 nm),Có,128 GB,2 SIM (Nano-SIM),"Android 12, MIUI 13",1080 x 2400 pixels (FullHD+),"OLED, 1B màu, 120Hz, HDR10 +, 800 nits (HBM)","1x3,19 GHz Cortex-X2 & 3x2,75 GHz Cortex-A710 & 4x1.80 GHz Cortex-A510",8 GB,Li-Po 5000 mAh,,
Vivo X60 Pro+,Giá Liên Hệ,https://cellphones.com.vn/vivo-x60-pro-plus.html,6.56 inches,AMOLED,50 MP + 8 MP + 32 MP + 48 MP,32 MP,Qualcomm SM8350 Snapdragon 888 (5 nm),Có,128 GB,,"Android 11, OriginOS 1.0",1080 x 1620 pixels (FullHD+),120Hz HDR10+Độ sáng 1300 nits,8 nhân: 1x2.84 GHz Kryo 680 & 3x2.42 GHz Kryo 680 & 4x1.80 GHz Kryo 680,8 GB,Li-Po 4200 mAh,,
Xiaomi Mi 11X,Giá Liên Hệ,https://cellphones.com.vn/xiaomi-mi-11x.html,6.66 inches,Super AMOLED,"Ống kính góc rộng 48 MP, f/1.8  Ống kính góc siêu rộng 8 MP, f/2.2  Ống kính macro 5 MP, f/2.4","20 MP, f/2.5",Snapdragon 870 5G (7 nm),Không,128 GB,2 SIM (Nano-SIM),"Android 11, MIUI 12",1080 x 2400 pixels (FullHD+),Tần số quét 120Hz  Hỗ trợ HDR10+  Độ sáng 1300 nits,Octa-core (1x3.2 GHz Kryo 585 & 3x2.42 GHz Kryo 585 & 4x1.80 GHz Kryo 585),6 GB,4520 mAh,,
iPhone 15 Pro Max 2TB | Chính hãng VN/A,Giá Liên Hệ,https://cellphones.com.vn/iphone-15-pro-max-2tb-68865.html,6.7 inches,Super Retina XDR OLED,"Camera chính: 48MP, ƒ/1.78Camera góc siêu rộng: 12 MP, 13 mm, ƒ/2.2Camera Tele: 12 MP, 77 mm, ƒ/2.8",,A17 Pro,Có,1 TB,,,2796 x 1290-pixel,,CPU 6 lõi mới với 2 lõi hiệu năng và 4 lõi hiệu suất,,,,
Vivo S15e,Giá Liên Hệ,https://cellphones.com.vn/vivo-s15e.html,6.4 inches,AMOLED,"50 MP, f/1.8, 26mm (wide), PDAF13 MP, f/2.2, (ultrawide)2 MP, f/2.4, (macro)","50 MP, f/2.0, (wide), AF",Exynos 1080 (5 nm),Có,128 GB,2 SIM (Nano-SIM),"Android 12, Origin OS Ocean",1080 x 2400 pixels (FullHD+),"90Hz, HDR10+",Octa-core (1x2.8 GHz Cortex-A78 & 3x2.6 GHz Cortex-A78 & 4x2.0 GHz Cortex-A55),8 GB,Li-Po 4700 mAh,,
Xiaomi Redmi Note 11T 5G,Giá Liên Hệ,https://cellphones.com.vn/xiaomi-redmi-note-11t.html,6.6 inches,IPS LCD,"Camera góc rộng: 50 MP, f/1.8, PDAF  Camera góc siêu rộng: 8 MP, f/2.2, 119˚",16MP，1.0 μm，f/2.45,MediaTek Dimensity 810,Không,64 GB,2 SIM (Nano-SIM),"MIUI 12.5, Android 11",1080 x 2400 pixels (FullHD+),"Corning® Gorilla® Glass 3, 90Hz",2x2.4 GHz Cortex-A76 & 6x2.0 GHz Cortex-A55,6 GB,5000mAh,,
Samsung Galaxy M42,Giá Liên Hệ,https://cellphones.com.vn/samsung-galaxy-m42.html,6.4 inches,IPS LCD,64 MP + 8 MP + 2 MP,32 MP,Qualcomm Snapdragon 730,Có,128 GB,2 SIM (Nano-SIM),Android 10,,,Octa core,6 GB,Li-ion 6000 mAh,,
Vivo T2x,Giá Liên Hệ,https://cellphones.com.vn/vivo-t2x.html,6.58 inches,IPS LCD,"Camera góc rộng: 50 MP, f/1.8, 26mm, PDAF Camera macro: 2 MP, f/2.4","Camera gốc rộng: 16 MP, f / 2.0",Mediatek Dimensity 1300 (6 nm),Có,128 GB,2 SIM (Nano-SIM),Android 12,1080 x 2408 pixels,"Tốc độ làm tươi 144 Hz, 650 nits","1x3,0 GHz Cortex-A78 & 3x2,6 GHz Cortex-A78 & 4x2,0 GHz Cortex-A55",6 GB,6000 mAh,,
ROG Phone 6 Pro,Giá Liên Hệ,https://cellphones.com.vn/asus-rog-phone-6-pro.html,6.78 inches,AMOLED,64 MP,,Snapdragon 8+ Gen 1,,128 GB,,Android 12,,165 Hz,,8 GB,6.000 mAh,,
Samsung Galaxy XCover6 Pro,Giá Liên Hệ,https://cellphones.com.vn/samsung-galaxy-xcover6-pro.html,6.6 inches,IPS LCD,"Camera gốc rộng: 50 MP, f/1.8, PDAF Camera gốc siêu rộng: 8 MP, f/2.2, 123˚","Camera gốc rộng: 13 MP, f/2.0",Snapdragon 778G 5G (6 nm),Có,128 GB,,"Android 12, One UI 4.1",1080 x 2408 pixels,,"4x2,4 GHz Kryo 670 & 4x1,8 GHz Kryo 670",6 GB,Li-Po 4050 mAh,,
Nokia G400,Giá Liên Hệ,https://cellphones.com.vn/nokia-g400.html,,,48MP,,Snapdragon 480 5G,Có,128 GB,,,,120Hz,,4 GB,,,
Xiaomi Redmi 11,Giá Liên Hệ,https://cellphones.com.vn/xiaomi-redmi-11.html,6.58 inches,IPS LCD,"Camera góc rộng: 50 MP, f/1.8, PDAF Camera đo chiều sâu: 2MP, f/2.4","5 MP, f/2.0",Mediatek MT6833 Dimensity 700 (7 nm),Có,64 GB,2 SIM (Nano-SIM),Android 11,1080 x 2408 pixels,Tần số quét 90Hz,2x2.2 GHz Cortex-A76 & 6x2.0 GHz Cortex-A55,4 GB,5.000 mAh,,
Realme Narzo 9i,Giá Liên Hệ,https://cellphones.com.vn/realme-narzo-9i.html,6.6 inches,,50 MP + 8 MP + 2 MP,16GB,Qualcomm Snapdragon 680,Có,64 GB,2 SIM (Nano-SIM),,,90 Hz,,4 GB,5.000 mAh,,
Vivo Y21e,Giá Liên Hệ,https://cellphones.com.vn/vivo-y21e.html,6.51 inches,IPS LCD,13MP (f /2.2) + 2MP (f /2.4),8MP f/1.8,Snapdragon™ 680 Mobile Platform (6nm),Không,64 GB,2 SIM (Nano-SIM),Funtouch OS 12,1600 x 720 pixels (HD+),,Octa-Core 2.4Ghz,3 GB,5000mAh (TYP),,
Oppo A52,4.990.000đ,https://cellphones.com.vn/oppo-a52.html,6.5 inches,"LTPS IPS LCD, 16 triệu màu","12 MP, f/1.7, (wide), 1/2.8"", 1.25µm, PDAF 8 MP, f/2.2, 119˚ (ultrawide), 1/4.0"", 1.12µm 2 MP, f/2.4, (macro) 2 MP, f/2.4, (depth)","16 MP, f/2.0, (wide), 1/3.06"", 1.0µm - Global",Qualcomm SM6125 Snapdragon 665 (11 nm),,128 GB,2 SIM (Nano-SIM),"Android 10, ColorOS 7.1",1176 x 2400 pixel,,Octa-core (4x2.0 GHz Kryo 260 Gold & 4x1.8 GHz Kryo 260 Silver),6 GB,"Li-Po 5000 mAh, sạc nhanh 18W",,"Cảm biến vân tay, cảm biến tiệm cận, gia tốc kế, la bàn, con quay hồi chuyển"
Xiaomi Civi 2,Giá Liên Hệ,https://cellphones.com.vn/xiaomi-civi-2.html,,OLED,"Chính 64 MP & Phụ 8 MP, 2 MP",32 MP,Snapdragon 778G+ 5G 8 nhân,,128 GB,,Android 12,,,,8 GB,4500 mAh55 W,,
Oppo K9s,Giá Liên Hệ,https://cellphones.com.vn/oppo-k9s.html,6.59 inches,IPS LCD,"Camera góc rộng: 64 MP, f/1.8, PDAF  Camera góc siêu rộng: 8 MP, f/2.2  Camera macro: 2 MP, f/2.4","16 MP, f/2.4",Snapdragon 778G 5G (6 nm),,128 GB,2 SIM (Nano-SIM),"Android 11, ColorOS 11.3",,,4x2.4 GHz Kryo 670 & 4x1.9 GHz Kryo 670,4 GB,Li-Po 5000 mAh,,
Xiaomi 14 12GB 512GB,Giá Liên Hệ,https://cellphones.com.vn/xiaomi-14-12gb-512gb.html,6.36 inches,LTPO OLED,"Camera góc rộng: 50 MP, f/1.6, 23mm, 1/1.31"", 1.2µm, dual pixel PDAF, Laser AF, OISCamera tele: 50 MP, f/2.0, 75mm, PDAF (10cm - ∞), OIS, 3.2x optical zoomCamera góc siêu rộng: 50 MP, f/2.2, 14mm, 115˚",Camera góc rộng: 32 MP,Qualcomm Snapdragon 8 Gen 3 (4 nm),Có,512 GB,2 Nano SIM hoặc 1 Nano + 1 eSIM,Android 14,,"Tần số quét 120Hz, 68 tỷ màu , Dolby Vision, HDR10+, 3000 nits (peak)",1x3.3 GHz Cortex-X4 & 5x3.2 GHz Cortex-A720 & 2x2.3 GHz Cortex-A520,12 GB,4610mAh,,
ASUS ZenFone Max Pro M2 3GB,5.290.000đ,https://cellphones.com.vn/asus-zenfone-max-pro-m2-3-gb-ram-chinh-hang.html,6.3 inches,IPS FHD+,"12 MP, f/1.8, 1/2.9"", 1.25μm, PDAF5 MP, f/2.4, 1.12µm, depth sensor","13MP, f/2.0, 1.12µm",Snapdragon 660 AIE 14nm,,32 GB,2 SIM (Nano-SIM),Android 8.1 (Oreo),1080 x 2280 pixels (FullHD+),,Octa-core (4x2.2 GHz Kryo 260 & 4x1.8 GHz Kryo 260),,5000mAh,,"Cảm biến vân tay trên mặt sau (mở khóa trong 0,3 giây, hỗ trợ 5 vân tay), Nhận dạng vân tay ướt, Cảm biến gia tốc, La bàn điện tử, Cảm biến tiệm cận, Cảm biến ánh sáng môi trường, Con quay hồi chuyển"
Samsung Galaxy S8 Chính hãng,15.990.000đ,https://cellphones.com.vn/galaxy-s8-cty.html,5.8 inches,"Cảm ứng điện dung Super AMOLED, 16 triệu màu","12 MP (f/1.7, 26mm, 1/2.5"", 1.4 µm, Dual Pixel PDAF), tự động lấy nét nhận diện theo giai đoạn, OIS, LED flash","8 MP (f/1.7, 25mm, 1/3.6"", 1.22 µm), tự động lấy nét, 1440p@30fps, gọi video kép, HDR tự dộng",Samsung Exynos 9 Octa 8895,,64 GB,2 SIM (Nano-SIM),7.0 (Nougat),1440 x 2960 pixels (QHD+),,4x 2.3 GHz Exynos M2 Mongoose & 4x 1.7 GHz ARM Cortex-A53,,Li-ion 3000 mAh,,"Mống mắt, vân tay, gia tốc, con quay quy hồi, khoảng cách, la bàn, phong vũ biểu, nhịp tim, SpO2"
OPPO Find X8 mini,Giá Liên Hệ,https://cellphones.com.vn/dien-thoai-oppo-find-x8-mini.html,6.3 inches,OLED,"Camera chính: 50 megapixel, f/1.8Camera góc rộng: 50 megapixel, f/2.0Camera tele: 50 megapixel, f/2.8",,Dimensity 9400,,256 GB,,ColorOS 15,,"Độ phân giải 1.5K, Tần tần số quét thích ứng 1-120Hz","Tến trình 3nm, có 8 nhân với xung nhịp tối đa lên tới 3.62GHz",12 GB,"5,600mAh",,
Oppo A31,4.190.000đ,https://cellphones.com.vn/oppo-a31-2020.html,6.5 inches,"IPS LCD, 16 triệu màu","Chính 12 MP & Phụ 2 MP, 2 MP",8 MP,MediaTek Helio P35 8 nhân,,128 GB,2 SIM (Nano-SIM),Android 9.0 (Pie); ColorOS 6.1,720 x 1600 pixel,,4 nhân 2.3 GHz & 4 nhân 1.8 GHz,4 GB,Li-Po 4230 mAh,,"- Mở khóa bằng vân tay  -  Mở khoá khuôn mặt   - Cảm biến tiệm cận, ánh sáng, cảm ứng từ ,gia tốc  - Con quay hồi chuyển, máy đếm bước"
Xiaomi Redmi 10 Prime,Giá Liên Hệ,https://cellphones.com.vn/xiaomi-redmi-10-prime.html,6.5 inches,,"Chính 50 MP & Phụ 8 MP, 2 MP",8MP,MediaTek Helio G88 8 nhân,,128 GB,,,,,,6 GB,5000 mAh,,
Vivo Y74s,Giá Liên Hệ,https://cellphones.com.vn/vivo-y74s.html,6.58 inches,IPS LCD,"Camera góc rộng: 50 MP, f/1.8, 26mm, PDAF  Camera macro: 2 MP, f/2.4","8 MP, f/2.0",MediaTek Dimensity 810 5G 8 nhân,Không,256 GB,2 SIM (Nano-SIM),"Android 11, OriginOS",1080 x 2408 pixels,,2 nhân 2.4 GHz & 6 nhân 2 GHz,8 GB,4100mAh,,
Realme C30,Giá Liên Hệ,https://cellphones.com.vn/realme-c30.html,6.5 inches,IPS LCD,"8 MP, f/2.0","5 MP, f/2.2",Unisoc Tiger T612 (12 nm),Không,32 GB,2 SIM (Nano-SIM),"Android 11, Realme UI Go",720 x 1600 pixel,400 nits,2x1.8 GHz Cortex-A75 & 6x1.8 GHz Cortex-A55,2 GB,5.000 mAh,,
Huawei Enjoy 20,Giá Liên Hệ,https://cellphones.com.vn/huawei-enjoy-20.html,6.5 inches,"LTPS IPS LCD capacitive touchscreen, 16M colors","64 MP, f/1.8, 26mm (wide), PDAF 8 MP, f/2.4, 17mm (ultrawide) 2 MP, f/2.4, (macro) 2 MP, f/2.4, (depth)","16 MP, f/2.0, (wide)",Kirin 820 5G (7nm),Không,128 GB,2 SIM (Nano-SIM),"Android 10, EMUI 10.1, no Google Play Services",1080 x 2400 pixels (FullHD+),,Octa-core (1x2.36 GHz Cortex-A76 & 3x2.22 GHz Cortex-A76 & 4x1.84 GHz Cortex-A55),8 GB,Li-Po 4000 mAh,,"Cảm biến vân tay, cảm biến gia tốc, con quay hồi chuyển, cảm biến tiệm cận, la bàn, cảm biến áp kế"
Huawei Enjoy 20 Pro,Giá Liên Hệ,https://cellphones.com.vn/huawei-enjoy-20-pro.html,6.5 inches,"IPS LCD capacitive touchscreen, 16M colors","48 MP, f/1.8, 26mm (wide), 1/2.0"", 0.8µm, PDAF 8 MP, f/2.4, 120˚ (ultrawide) 2 MP, f/2.4, (macro)","16 MP, f/2.0",MediaTek MT6873V Dimensity 800 5G (7 nm),Không,128 GB,2 SIM (Nano-SIM),"Android 10, EMUI 10.1, no Google Play Services",1080 x 2400 pixels (FullHD+),,Octa-core (4x2.0 GHz Cortex-A76 & 4x2.0 GHz Cortex-A55),8 GB,Li-Po 4000 mAh battery,,"Cảm biến vân tay, cảm biến gia tốc, con quay hồi chuyển, cảm biến tiệm cận, la bàn, cảm biến áp kế"
Huawei Mate X2,Giá Liên Hệ,https://cellphones.com.vn/huawei-mate-x2.html,8.0 inches,OLED,"Camera góc rộng: 50MP, f/1.9, OIS  Camera góc siêu rộng: 16MP, f/2.2  Camera chụp xa: 12MP, f/2.4, zoom quang 3x, OIS Camera góc siêu rộng: 8 MP","Camera góc rộng: 16MP,  f/2.2",HUAWEI Kirin 9000,Có,256 GB,2 SIM (Nano-SIM),Android 10,,"Màn hình bên trong: 8 inches , OLED, tốc độ làm mới 90 Hz,  413 ppi  Màn hình bên ngoài: 6.45 inches , OLED, tốc độ làm mới 90 Hz,  456 ppi","1 x Cortex-A77@3,13 GHz + 3 x Cortex-A77@2,54 GHz + 4 x Cortex-A55@2,05 GHz",8 GB,4500 mAh,,
Apple iPhone 5S 16GB,Giá Liên Hệ,https://cellphones.com.vn/iphone-5s-16-gb.html,4.0 inches,,"8 MP (f/2.2, 29mm, 1/3"", 1.5 µm), tự động lấy nét, LED flash kép (2 tone)","1.2 MP (f/2.4, 31mm), 720p@30fps, nhận diện khuôn mặt, HDR, FaceTime",Apple A7 APL0698,,16 GB,Nano-SIM,11,640 x 1136 pixels,,2x 1.3 GHz Cyclone (nền tảng ARM v8),,Li-Po 1560 mAh,,
Xiaomi 12X,Giá Liên Hệ,https://cellphones.com.vn/xiaomi-12x.html,6.28 inches,OLED,"Camera góc rộng: 50 MP, f/1.9, PDAF, OIS  Camera góc siêu rộng: 13 MP, f/2.4, 123  Camera tele: 5 MP, AF",32 MP,Qualcomm Snapdragon ™ 870,Có,128 GB,2 SIM (Nano-SIM),"Android 12, MIUI 13",1080 x 2400 pixels (FullHD+),"1 tỉ màu, tần số quét 120Hz, Dolby Vision, HDR10+, 1100 nits (độ sáng tối đa), Corning Gorilla Glass Victus",1x3.2 GHz Kryo 585 & 3x2.42 GHz Kryo 585 & 4x1.80 GHz Kryo 585,8 GB,Li-Po 4500 mAh,,
Oppo A52,4.990.000đ,https://cellphones.com.vn/oppo-a52.html,6.5 inches,"LTPS IPS LCD, 16 triệu màu","12 MP, f/1.7, (wide), 1/2.8"", 1.25µm, PDAF 8 MP, f/2.2, 119˚ (ultrawide), 1/4.0"", 1.12µm 2 MP, f/2.4, (macro) 2 MP, f/2.4, (depth)","16 MP, f/2.0, (wide), 1/3.06"", 1.0µm - Global",Qualcomm SM6125 Snapdragon 665 (11 nm),,128 GB,2 SIM (Nano-SIM),"Android 10, ColorOS 7.1",1176 x 2400 pixel,,Octa-core (4x2.0 GHz Kryo 260 Gold & 4x1.8 GHz Kryo 260 Silver),6 GB,"Li-Po 5000 mAh, sạc nhanh 18W",,"Cảm biến vân tay, cảm biến tiệm cận, gia tốc kế, la bàn, con quay hồi chuyển"
Huawei Mate X2,Giá Liên Hệ,https://cellphones.com.vn/huawei-mate-x2.html,8.0 inches,OLED,"Camera góc rộng: 50MP, f/1.9, OIS  Camera góc siêu rộng: 16MP, f/2.2  Camera chụp xa: 12MP, f/2.4, zoom quang 3x, OIS Camera góc siêu rộng: 8 MP","Camera góc rộng: 16MP,  f/2.2",HUAWEI Kirin 9000,Có,256 GB,2 SIM (Nano-SIM),Android 10,,"Màn hình bên trong: 8 inches , OLED, tốc độ làm mới 90 Hz,  413 ppi  Màn hình bên ngoài: 6.45 inches , OLED, tốc độ làm mới 90 Hz,  456 ppi","1 x Cortex-A77@3,13 GHz + 3 x Cortex-A77@2,54 GHz + 4 x Cortex-A55@2,05 GHz",8 GB,4500 mAh,,
Redmi K50i 5G,Giá Liên Hệ,https://cellphones.com.vn/xiaomi-redmi-k50i.html,6.6 inches,IPS LCD,"Camera góc rộng: 64 MP, PDAF  Camera góc cực rộng: 8 MP, 120˚   Macro:2 MP",Camera góc rộng: 16 MP,Mật độ MediaTek 8100 (5 nm),Có,128 GB,2 SIM (Nano-SIM),"Android 12, MIUI 13",2460x1080 pixels,"HDR10, Dolby Vision, 650 nits (typ)","4x2,85 GHz Cortex-A78 & 4x2,0 GHz Cortex-A55",6 GB,Li-Po 4400 mAh,,
Xiaomi 12X,Giá Liên Hệ,https://cellphones.com.vn/xiaomi-12x.html,6.28 inches,OLED,"Camera góc rộng: 50 MP, f/1.9, PDAF, OIS  Camera góc siêu rộng: 13 MP, f/2.4, 123  Camera tele: 5 MP, AF",32 MP,Qualcomm Snapdragon ™ 870,Có,128 GB,2 SIM (Nano-SIM),"Android 12, MIUI 13",1080 x 2400 pixels (FullHD+),"1 tỉ màu, tần số quét 120Hz, Dolby Vision, HDR10+, 1100 nits (độ sáng tối đa), Corning Gorilla Glass Victus",1x3.2 GHz Kryo 585 & 3x2.42 GHz Kryo 585 & 4x1.80 GHz Kryo 585,8 GB,Li-Po 4500 mAh,,
Xiaomi Civi 2,Giá Liên Hệ,https://cellphones.com.vn/xiaomi-civi-2.html,,OLED,"Chính 64 MP & Phụ 8 MP, 2 MP",32 MP,Snapdragon 778G+ 5G 8 nhân,,128 GB,,Android 12,,,,8 GB,4500 mAh55 W,,
Vivo Y74s,Giá Liên Hệ,https://cellphones.com.vn/vivo-y74s.html,6.58 inches,IPS LCD,"Camera góc rộng: 50 MP, f/1.8, 26mm, PDAF  Camera macro: 2 MP, f/2.4","8 MP, f/2.0",MediaTek Dimensity 810 5G 8 nhân,Không,256 GB,2 SIM (Nano-SIM),"Android 11, OriginOS",1080 x 2408 pixels,,2 nhân 2.4 GHz & 6 nhân 2 GHz,8 GB,4100mAh,,
Xiaomi Mi 11X,Giá Liên Hệ,https://cellphones.com.vn/xiaomi-mi-11x.html,6.66 inches,Super AMOLED,"Ống kính góc rộng 48 MP, f/1.8  Ống kính góc siêu rộng 8 MP, f/2.2  Ống kính macro 5 MP, f/2.4","20 MP, f/2.5",Snapdragon 870 5G (7 nm),Không,128 GB,2 SIM (Nano-SIM),"Android 11, MIUI 12",1080 x 2400 pixels (FullHD+),Tần số quét 120Hz  Hỗ trợ HDR10+  Độ sáng 1300 nits,Octa-core (1x3.2 GHz Kryo 585 & 3x2.42 GHz Kryo 585 & 4x1.80 GHz Kryo 585),6 GB,4520 mAh,,
Nubia Red Magic 7 Pro,Giá Liên Hệ,https://cellphones.com.vn/nubia-red-magic-7-pro.html,6.8 inches,AMOLED,"Camera góc rộng: 64 MP, f /1.8  Camera góc siêu rộng: 8 MP, f /2.2  Camera macro: 2 MP, f / 2.4,","Camera góc rộng: 16 MP, f / 2.0",Qualcomm SM8450 Snapdragon 8 gen 1 (4 nm),Có,256 GB,2 SIM (Nano-SIM),"Android 12, Redmagic 5.0",1080 x 2400 pixels (FullHD+),Corning Gorilla Glass 5,1x3.00 GHz Cortex-X2 & 3x2.50 GHz Cortex-A710 & 4x1.80 GHz Cortex-A510,16 GB,Li-Po 5000 mAh,,
Tecno Spark 9,Giá Liên Hệ,https://cellphones.com.vn/tecno-spark-9.html,6.6 inches,IPS LCD,"Camera góc rộng: 13 MP, f / 1.9, 27 mm,  AF",Camera góc rộng: 8 MP,Mediatek MT6765V / CB Helio G37 (12 nm),Không,64 GB,2 SIM (Nano-SIM),"Android 12, HIOS 8.6",720 x 1600 pixel,,"4x2,3 GHz Cortex-A53 & 4x1,8 GHz Cortex-A53",3 GB,"Li-Po 5000 mAh, không thể tháo rời",,
Tecno Pop 5 Pro,Giá Liên Hệ,https://cellphones.com.vn/tecno-pop-5-pro.html,6.52 inches,IPS LCD,"8MP, QVGA","5 MP, f/2.0",Mediatek MT6761 Helio A22 (12 nm),Không,32 GB,2 SIM (Nano-SIM),Android 11,720 x 1600 pixel,,Lõi tứ 2.0 GHz Cortex-A53,3 GB,6000 mAh,,
Honor X8 5G,Giá Liên Hệ,https://cellphones.com.vn/honor-x8.html,6.7 inches,IPS LCD,"Camera góc rộng:  64 MP, f/1.8, PDAF  Camera góc siêu rộng: 5 MP, f/2.2  Camera macro: 2 MP, f/2.4  Camera góc sâu: 2 MP, f/2.4","16 MP, f/2.5",Qualcomm SM6225 Snapdragon 680 4G (6 nm),Có,128 GB,Nano-SIM,Android 11,1080 x 2388 pixels,,"4x2,4 GHz Kryo 265 Gold & 4x1,9 GHz Kryo 265 Silver",6 GB,"Li-Po 4000 mAh, không thể tháo rời",,
OnePlus 10R,Giá Liên Hệ,https://cellphones.com.vn/oneplus-10r.html,,,,,,Có,,,,,,,,,,
OnePlus 10 Ultra,Giá Liên Hệ,https://cellphones.com.vn/oneplus-10-ultra.html,,,,,,,,,,,,,,,,
Infinix Smart 9 3GB 64GB,Giá Liên Hệ,https://cellphones.com.vn/dien-thoai-infinix-smart-9.html,6.7 inches,IPS LCD,"13 MP, f/1.9, 27mm (rộng), AF","8 MP, f/2.0, (rộng)",Mediatek Helio G81,Không,64 GB,2 Nano-SIM,"Android 14, XOS 14",720 x 1600 pixel,"120Hz, 500 nits, Tỷ lệ 20:9, 262 ppi",Octa-core (2x2.0 GHz Cortex-A75 & 6x1.7 GHz Cortex-A55),3 GB,5000mAh,,
Masstel Izi 20,Giá Liên Hệ,https://cellphones.com.vn/masstel-izi-20.html,1.77 inches,TFT LCD,0.08 MP,,Unisoc UMS9117,,128 MB,2 SIM (Nano-SIM),,128 x 160 pixels,Mặt kính cong 2.5D,,,1700 mAh,,
Masstel Izi 55,Giá Liên Hệ,https://cellphones.com.vn/masstel-izi-55.html,2.4 inches,TFT LCD,,,Unisoc UIS8910,,,2 SIM (Nano-SIM),,240 x 320 pixels,Mặt kính cong 2.5D,,,1800 mAh,,
OnePlus Nord 2T,Giá Liên Hệ,https://cellphones.com.vn/oneplus-nord-2t.html,6.43 inches,AMOLED,"Camera chính 50 MP, camera 8 MP và camera phụ 2 MP",,Dimensity 1300,Có,,,"OxygenOS 12, Android 12",,,,,4.500 mAh,,
OnePlus Ace Pro,Giá Liên Hệ,https://cellphones.com.vn/oneplus-ace-pro.html,6.7 inches,AMOLED,Camera chính: 50MP  Camera góc siêu rộng: 8MP  camera macro: 2MP,32 MP,Snapdragon 8+ Gen 1,Có,,,,,,,8 GB,4.800 mAh,,
Xiaomi 17 Ultra 5G 16GB 512GB,31.470.000đ,https://cellphones.com.vn/dien-thoai-xiaomi-17-ultra.html,6.9 inches,LTPO AMOLED,Camera chính: 200 MPGóc siêu rộng: 50 MP,50 MP,Qualcomm Snapdragon 8 Elite Gen 5,Có,512 GB,2 Nano-SIM,Android 16 với HyperOS,,Độ phân giải màn hình: 2608 × 1200 pixelsĐộ sáng tối đa 3500 nits,8 nhân,16 GB,6000 mAh,,
Điện thoại iPhone 16 Pro Max 256GB,30.990.000đ,https://cellphones.com.vn/iphone-16-pro-max.html,6.9 inches,Super Retina XDR OLED,"Camera chính: 48MP, f/1.78, 24mm, 2µm, chống rung quang học dịch chuyển cảm biến thế hệ thứ hai, Focus Pixels 100%Telephoto 2x 12MP: 52 mm, ƒ/1.6 Camera góc siêu rộng: 48MP, 13 mm,ƒ/2.2 và trường ảnh 120°, Hybrid Focus Pixels, ảnh có độ phân giải","12MP, ƒ/1.9, Tự động lấy nét theo pha Focus Pixels",Apple A18 Pro,Có,256 GB,Sim kép (nano-Sim và e-Sim) - Hỗ trợ 2 e-Sim,iOS 18,2868 x 1320 pixels,Dynamic IslandMàn hình Luôn Bật Công nghệ ProMotion với tốc độ làm mới thích ứng lên đến 120Hz Màn hình HDR True Tone Dải màu rộng (P3) Haptic Touch Tỷ lệ tương phản 2.000.000:1,CPU 6 lõi mới với 2 lõi hiệu năng và 4 lõi hiệu suất,8 GB,,Tương Thích Với Thiết Bị Trợ Thính,
iPhone 16 Pro Max 1TB | Chính hãng VN/A,42.990.000đ,https://cellphones.com.vn/iphone-16-pro-max-1tb.html,6.9 inches,Super Retina XDR OLED,"Camera chính: 48MP, f/1.78, 24mm, 2µm, chống rung quang học dịch chuyển cảm biến thế hệ thứ hai, Focus Pixels 100%Telephoto 2x 12MP: 52 mm, ƒ/1.6 Camera góc siêu rộng: 48MP, 13 mm,ƒ/2.2 và trường ảnh 120°, Hybrid Focus Pixels, ảnh có độ phân giải","12MP, ƒ/1.9, Tự động lấy nét theo pha Focus Pixels",Apple A18 Pro,Có,1 TB,Sim kép (nano-Sim và e-Sim) - Hỗ trợ 2 e-Sim,iOS 18,2868 x 1320 pixels,Dynamic IslandMàn hình Luôn Bật Công nghệ ProMotion với tốc độ làm mới thích ứng lên đến 120Hz Màn hình HDR True Tone Dải màu rộng (P3) Haptic Touch Tỷ lệ tương phản 2.000.000:1,CPU 6 lõi mới với 2 lõi hiệu năng và 4 lõi hiệu suất,,,Tương Thích Với Thiết Bị Trợ Thính,
Xiaomi 15T Pro 5G 12GB 512GB,15.990.000đ,https://cellphones.com.vn/dien-thoai-xiaomi-15t-pro-5g.html,6.83 inches,AMOLED,"Chính: 50MP, f/1.62, OIS, cảm biến Light Fusion 900Tele: 50MP, f/3.0, OIS, Samsung JN5, Zoom 5x, 10x lossless, Ultra Zoom 20xSiêu rộng: 12MP, f/2.2, 120° FOV","32MP, f/2.2, tiêu cự 21mm",MediaTek Dimensity 9400+,,512 GB,,Xiaomi HyperOS 2,,"Độ sáng tối đa 3200 nits, 447ppi, 68 tỷ màu, DCI-P3, HDR10+, Dolby Vision®, DC dimming, TÜV Rheinland",,12 GB,5500mAh,,
Điện thoại Nubia Z70 Ultra 5G 12GB 256GB,16.990.000đ,https://cellphones.com.vn/dien-thoai-zte-z70-ultra-12gb-256gb.html,6.85 inches,AMOLED,50MP+64MP+50MP,16MP,Snapdragon 8 Elite (3 nm),Có,256 GB,2 Nano-SIM,Android 15,,Độ phân giải màn hình: 2688 x 1216 pixelsTần số 144Hz,,12 GB,6150 mAh,,
Samsung Galaxy S24 Ultra 12GB 256GB,25.290.000đ,https://cellphones.com.vn/samsung-galaxy-s24-ultra.html,6.8 inches,Dynamic AMOLED 2X,"Camera chính: 200MP, Laser AF, OIS Camera: 50MP,  PDAF, OIS, zoom quang học 5xCamera tele: 10MPCamera góc siêu rộng: 12 MP, f/2.2, 13mm, 120˚","12 MP, f/2.2",Snapdragon 8 Gen 3 For Galaxy,Có,256 GB,SIM 1 + SIM 2 / SIM 1 + eSIM / 2 eSIM,"Android 14, One UI 6.1",1440 x 3120 pixels,"Độ sáng cao nhất 2,600 nits, 120Hz, Corning® Gorilla® Armor®, 16 triệu màu","3.39GHz,3.1GHz,2.9GHz,2.2GHz",12 GB,"5,000mAh",Bút SPEN - tích hợp sẵn lên máy,
OPPO Find X9 12GB 256GB,21.990.000đ,https://cellphones.com.vn/dien-thoai-oppo-find-x9.html,6.59 inches,AMOLED,50MP OIS (Chính) + 50MP OIS (Tele) + 50MP (Góc rộng) + 2MP (Mono),32MP f/2.4,Dimensity 9500 5G,Có,256 GB,Dual nano-SIM hoặc 1 nano-SIM + 1 eSIM,ColorOS 16.0,1256 x 2760 pixels,"Tần số quét 120Hz, Cảm ứng 240Hz, 1.07 tỷ màu (10-bit), 100% DCI-P3, Độ sáng 1800nits",8 nhân,12 GB,7025mAh (Typ),,
iPhone 15 Plus 128GB | Chính hãng VN/A,17.690.000đ,https://cellphones.com.vn/iphone-15-plus.html,6.7 inches,Super Retina XDR OLED,Chính 48 MP & Phụ 12 MP,"12MP, ƒ/1.9",Apple A16 Bionic,Có,128 GB,2 SIM (nano‑SIM và eSIM),iOS 17,2796 x 1290-pixel,Dynamic Island HDR display True Tone Wide color (P3) Tần số quét 60 HzHaptic TouchLớp phủ oleophobia chống dấu vân tayĐộ sáng tối đa: 2000 nits Mật độ điểm ảnh 460 ppi,CPU 6 lõi với 2 lõi hiệu năng và 4 lõi tiết kiệm điện,6 GB,4383 mAh,,
Xiaomi 15 5G 12GB 512GB,19.290.000đ,https://cellphones.com.vn/dien-thoai-xiaomi-15-12gb-512gb.html,6.36 inches,CrystalRes AMOLED,"Camera chính Leica: 50MP, ƒ/1.62, OIS, Tiêu cự tương đương 23mmCamera tele Leica: 50MP, ƒ/2.0, OISCamera góc siêu rộng Leica: 50MP, ƒ/2.2, 115°","Camera trước: 32MP, ƒ/2.0, 90°,  Tiêu cự 21mm",Snapdragon 8 Elite (Tiến trình sản xuất 3nm),Có,512 GB,Sim kép (nano-Sim và e-Sim) - Hỗ trợ 2 e-Sim,Xiaomi HyperOS 2,2670 x 1200 pixels,"Độ sáng 3200 nitsTự động tinh chỉnh tần số quét 1-120Hz Tốc độ phản hồi cảm ứng lên đến 300HzHỗ trợ 68 tỷ màuDải màu DCI-P3Hỗ trợ Dolby Vision, HDR10+, HDR10Độ sáng DCCông nghệ cảm ứng ướt","2 x Lõi Prime, tốc độ tối đa 4,32GHz6 x Lõi hiệu suất, lên đến 3,53GHz",12 GB,5240 mAh,,
iPhone 12 Pro Max 128GB I Chính hãng VN/A,23.490.000đ,https://cellphones.com.vn/iphone-12-pro-max.html,6.7 inches,OLED,"Camera chính: 12 MP, f/1.6, 26mm, 1.4µm, dual pixel PDAF, OIS Camera tele: 12 MP, f/2.0, 52mm, 1/3.4"", 1.0µm, PDAF, OIS, 2x optical zoom Camera góc siêu rộng: 12 MP, f/2.4, 120˚, 13mm, 1/3.6"" Cảm biến: TOF 3D LiDAR scanner","12 MP, f/2.2, 23mm (wide), 1/3.6"" SL 3D, (depth/biometrics sensor)",Apple A14 Bionic (5 nm),Có,128 GB,2 SIM (nano‑SIM và eSIM),iOS 14.1 hoặc cao hơn (Tùy vào phiên bản phát hành),1284 x 2778 pixels,HDR10Dolby VisionTrue-toneĐộ sáng 800 nits,Hexa-core,6 GB,"Li-Ion, sạc nhanh 20W, sạc không dây 15W, USB Power Delivery 2.0",,"Face ID, cảm biến gia tốc, cảm biến tiệm cận, con quay hồi chuyển, cảm biên sáng"
iPhone 11 64GB | Chính hãng VN/A,7.490.000đ,https://cellphones.com.vn/iphone-11.html,6.1 inches,IPS LCD,Camera kép 12MP:- Camera góc rộng: ƒ/1.8 aperture- Camera siêu rộng: ƒ/2.4 aperture,"12 MP, ƒ/2.2 aperture",A13 Bionic,Có,64 GB,Nano-SIM + eSIM,iOS 13 hoặc cao hơn (Tùy vào phiên bản phát hành),1792 x 828 pixel,True-tone,Hexa-core,4 GB,3110 mAh,,"FaceID, Con quay hồi chuyển, Gia tốc kế, Cảm biến tiệm cận, Cảm biến ánh sáng xung quanh"
OPPO Reno12 F 5G 8GB 256GB,7.120.000đ,https://cellphones.com.vn/dien-thoai-oppo-reno12-f.html,6.7 inches,AMOLED,50MP  Camera góc rộng: 8MP Camera xóa phông: 2MP,32MP,MediaTek Dimensity 6300,Có,256 GB,,Android 14,,Tần số quét 120Hz,,8 GB,5000 mAh,,
HONOR Win RT,Giá Liên Hệ,https://cellphones.com.vn/dien-thoai-honor-win-rt.html,6.83 inches,TFT LCD,Camera chính: 50 MPCamera telephoto: 50 MPCamera góc siêu rộng: 12 MP,50 MP,Snapdragon 8 Elite,Có,,2 Nano-SIM,MagicOS 10 (dựa trên Android 16),,"Độ phân giải màn hình: FHD+ 1272*2800True 1,07 tỷ màu, gam màu rộng DCI-P3Độ sáng đỉnh tối đa: 6000nitsĐộ sáng đỉnh toàn cầu: 2000nitsĐộ sáng tối thiểu: 1nitHỗ trợ đa chạm, lên đến 10 chạm","Tám lõi, 2×Prime 4.32GHz+6×Hiệu suất 3.53GHz",,10.000 mAh,,
iPhone 16 Pro 1TB | Chính hãng VN/A,35.990.000đ,https://cellphones.com.vn/iphone-16-pro-1tb.html,6.3 inches,Super Retina XDR OLED,"Camera chính: 48MP, f/1.78, 24mm, chống rung quang học dịch chuyển cảm biến thế hệ thứ hai, Focus Pixels 100%, hỗ trợ ảnh có độ phân giải siêu caoHỗ trợ Telephoto 2x 12MP: 52 mm, ƒ/1.6 Camera góc siêu rộng: 48MP, 13 mm, ƒ/2.2 và trường ảnh 120°, H","12MP, ƒ/1.9, Tự động lấy nét theo pha Focus Pixels",Apple A18 Pro,Có,1 TB,Sim kép (nano-Sim và e-Sim) - Hỗ trợ 2 e-Sim,iOS 18,2622 x 1206  pixels,Dynamic IslandMàn hình HDRTrue ToneDải màu rộng (P3)Haptic TouchTỷ lệ tương phản 2.000.000:1Độ sáng tối đa 1000 nit460 ppiLớp phủ kháng dầu chống in dấu vân tayHỗ trợ hiển thị đồng thời nhiều ngôn ngữ và ký tự,CPU 6 lõi mới với 2 lõi hiệu năng và 4 lõi tiết kiệm điện,,,Tương Thích Với Thiết Bị Trợ Thính,
Samsung Galaxy A55 5G 8GB 128GB,7.590.000đ,https://cellphones.com.vn/samsung-galaxy-a55.html,6.6 inches,Super AMOLED,Camera chính: 50 MP OIS+HDR  Camera góc rộng: 12MP Camera macro: 5MP,32 MP,Exynos 1480 4nm 2.4GHz,Có,128 GB,2 SIM (Nano-SIM),Android 14,1080 x 2340 pixels (FullHD+),"Tần số quét 120Hz, 1000nits96% DCI-P3, 1000 nits, Gorilla Glass 7+",4 nhân 2.7 GHz & 4 nhân 2.0 GHz,8 GB,5000 mAh,,
Samsung Galaxy M55 5G 8GB 256GB,6.990.000đ,https://cellphones.com.vn/dien-thoai-samsung-galaxy-m55-5g-8gb-256gb.html,6.7 inches,Super AMOLED Plus,"Camera góc rộng: 50 MP, f/1.8, 1/1.56"", 1.0µm, PDAF, OIS  Camera góc siêu rộng: 8 MP, f/2.2, 123˚ Camera macro: 2 MP, f/2.4","Camera góc rộng: 50 MP, f/2.4",Qualcomm Snapdragon 7 Gen 1 (4 nm),Có,256 GB,2 SIM (Nano-SIM),Android 14,1080 x 2400 pixels (FullHD+),"Tần số quét 120Hz, 1000 nits",1x2.4 GHz Cortex-A710 & 3x2.36 GHz Cortex-A710 & 4x1.8 GHz Cortex-A510,8 GB,5000 mAh,,
vivo iQOO Z9 Turbo,Giá Liên Hệ,https://cellphones.com.vn/dien-thoai-vivo-qioo-z9-turbo.html,6.72 inches,OLED,Chống rung quang học (OIS) và camera góc siêu rộng 8MP,16MP,Snapdragon 8s Gen 3,Có,256 GB,,Android 14,,"Độ phân giải 1.5K, độ sáng 4500 nits, tần số quét 144Hz",,12 GB,6000 mAh,,
iPhone 14 Pro Max 256GB | Chính hãng VN/A,27.990.000đ,https://cellphones.com.vn/iphone-14-pro-max-256gb.html,6.7 inches,Super Retina XDR OLED,"Camera chính: 48 MP, f/1.8, 24mm, OIS  Camera góc siêu rộng: 12 MP, f/2.2, 13mm, 120˚ Camera tele: 12 MP, f/2.8, 77mm, OIS, 3x optical zoom","Camera selfie: 12 MP, f/1.9, 23mm, PDAF",Apple A16 Bionic 6 nhân,Có,256 GB,2 SIM (nano‑SIM và eSIM),iOS 16,2796 x 1290-pixel,"120Hz, Always-On display, HDR, True Tone, Haptic Touch, 2,000,000:1, 2000 nitsKính cường lực Ceramic Shield",3.46 GHz,6 GB,4323 mAh,,
Itel RS4 12GB 256GB NFC,3.390.000đ,https://cellphones.com.vn/dien-thoai-itel-rs4-12gb-256gb.html,6.56 inches,IPS LCD,"Camera góc rộng: 50 MP, f/1.6, AF",8 MP,Mediatek Helio G99 Ultimate,Có,256 GB,2 Nano-SIM,Android 13,720 x 1612 (HD+),Tần số quét 120HzTỷ lệ 20:9 (mật độ ~ 269 ppi),2x2.2 GHz Cortex-A76 & 6x2.0 GHz Cortex-A55,12 GB,"5,000 mAh",,
HONOR 600 Pro 5G 12GB 256GB,Giá Liên Hệ,https://cellphones.com.vn/dien-thoai-honor-600-pro.html,6.57 inches,,,,,,256 GB,,,,,,12 GB,9000mAh,,
Redmi Turbo 5 Max,Giá Liên Hệ,https://cellphones.com.vn/dien-thoai-xiaomi-redmi-turbo-5-max.html,,OLED,50MP OIS + 8MP,,Dimensity 9500s,,,,Android 16,,,,16 GB,9000 mAh,,
OPPO Find N3 Flip 12GB 256GB,13.990.000đ,https://cellphones.com.vn/oppo-find-n3-flip.html,6.8 inches,AMOLED,"Camera chính: 50 MP, f/1.8, OIS  Camera góc rộng: 48 MP,  f/2.2 Tele: 32 MP,  f/2.0","32 MP, f/2.4, FOV 90°, ống kính 5P; Hỗ trợ AF",MediaTek Dimensity 9200,Có,256 GB,2 SIM (Nano-SIM),Android 13,1080 x 2520 pixels,"Màn hình chính: 6.8 inch, FHD+ (1080 x 2520 Pixels), tần số quét 120 Hz, 1.07 tỷ màu,1600 nits, Kính siêu mỏng Schott UTG Màn hình phụ: 3.26 inch, AMOLED, 720 × 382 pixels, 16.7 triệu màu, độ sáng 900 nits, Kính cường lực GG7","1 nhân 3.05 GHz, 3 nhân 2.85 GHz & 4 nhân 1.8 GHz",12 GB,Li-Po 4300 mAh,,
Xiaomi Redmi 14C 4GB 128GB,2.850.000đ,https://cellphones.com.vn/dien-thoai-xiaomi-redmi-14c.html,6.88 inches,,"50MP, Ống kính -5P, f/1.8",13MP - f/2.0,MediaTek Helio G81-Ultra,,128 GB,2 SIM (Nano-SIM),,720 x 1640 pixels,"Tốc độ làm mới lên tới 120Hz Độ sáng: 450 nits (typ), 600 nits (HBM)",,4 GB,5160mAh,,
Nubia V70 Max 6GB 128GB,2.590.000đ,https://cellphones.com.vn/dien-thoai-nubia-v70-max-6gb-128gb.html,6.9 inches,IPS LCD,"50 MP, ƒ/1.82.0 MP",8.0 MP,Unisoc T606,Có,128 GB,2 Nano-SIM,Android 15,720 x 1640 pixels,"120Hz, 254 ppi",,6 GB,6000 mAh,,
Nubia V80 Max 8GB 128GB,3.890.000đ,https://cellphones.com.vn/dien-thoai-nubia-v80-max-8gb-128gb.html,6.9 inches,IPS LCD,50 MP + 2 MP + 0.08 MP,16 MP,Unisoc T7250,Có,128 GB,2 Nano-SIM,,,"Tần số quét 120Hz,",,8 GB,6000 mAh,,
HONOR Power 2,Giá Liên Hệ,https://cellphones.com.vn/dien-thoai-honor-power-2.html,6.79 inches,AMOLED,Camera kép 50 MP + 5 MP góc siêu rộng,16 MP,MediaTek Dimensity 8500 Elite,Có,,2 Nano-SIM,MagicOS 10 (dựa trên Android 16),,"Độ phân giải màn hình: 2640*1200 điểm ảnhGam màu rộng DCI-P3, 1,07 tỷ màuĐộ sáng cực đại HDR: 8000nitsĐộ sáng đỉnh toàn cầu: 1800nitsHỗ trợ đa chạm, lên đến 10 chạm","Tám lõi, 1x A725 @3.4GHz+3x A725 @3.2GHz+4x A725 @2.2GHz",,10080mAh,,
Xiaomi Redmi Note 12 Pro 4G,Giá Liên Hệ,https://cellphones.com.vn/xiaomi-redmi-note-12-pro-56074.html,6.66 inches,AMOLED,"Camera góc rộng: 50MP, f/1.9, 24mm, 1/1.56"", 1.0µm, PDAF, OIS  Camera góc siêu rộng: 8 MP, f/1.9, 119˚, 1/4"", 1.12µm  Camera macro: 2 MP, f/2.4","Camera góc rộng: 16 MP, 1/3.06"", 1.0µm",MediaTek 1080 (6nm),Có,128 GB,2 SIM (Nano-SIM),Android 12,1080 x 2400 pixels (FullHD+),"Tần số quét: 120Hz  Dolby Vision, HDR10+, 500 nit, 900 nit","2x2,6 GHz Cortex-A78 & 6x2,0 GHz Cortex-A55",6 GB,5000 mAh,,
Xiaomi Redmi Note 12 Turbo,Giá Liên Hệ,https://cellphones.com.vn/redmi-note-12-turbo.html,6.67 inches,OLED,"Camera góc rộng: 64 MP, 1/2"", 0.7µm, PDAF, OIS Camera góc siêu rộng: 8MP, f/2.2, 120˚, 1/4"", 1.12µmCamera Macro: 2 MP, f/2.4",Camera góc rộng: 16 MP,Snapdragon 7+ Gen 2 (4 nm),Có,256 GB,2 SIM (Nano-SIM),Android 13,1080 x 2400 pixels (FullHD+),"Tần số quét 120Hz, 68 tỷ màu, Dolby Vision, HDR10+, 1000 nits",1x2.91 GHz Cortex-A710 & 3x2.49 GHz Cortex-A710 & 4x1.8 GHz Cortex-A510,8 GB,5000 mAh,,
iPhone 12 64GB | Chính hãng VN/A,7.990.000đ,https://cellphones.com.vn/iphone-12.html,6.1 inches,OLED,"12 MP, f/1.6, 26mm (wide), 1.4µm, dual pixel PDAF, OIS 12 MP, f/2.4, 120˚, 13mm (ultrawide), 1/3.6""","12 MP, f/2.2, 23mm (wide), 1/3.6"" SL 3D, (depth/biometrics sensor)",Apple A14 Bionic (5 nm),Có,64 GB,2 SIM (nano‑SIM và eSIM),iOS 14.1 hoặc cao hơn (Tùy vào phiên bản phát hành),1170 x 2532 pixels,HDR10Dolby VisionTrue-tone,Hexa-core,4 GB,"Li-Ion, sạc nhanh 20W, sạc không dây 15W, USB Power Delivery 2.0",,"Face ID, cảm biến gia tốc, cảm biến tiệm cận, con quay hồi chuyển, cảm biên sáng"
Xiaomi Redmi Turbo 4,Giá Liên Hệ,https://cellphones.com.vn/dien-thoai-xiaomi-redmi-turbo-4.html,,,,,,,,,,,,,,,,
Xiaomi POCO F8 Ultra 12GB 256GB,Giá Liên Hệ,https://cellphones.com.vn/dien-thoai-xiaomi-poco-f8-ultra.html,6.9 inches,AMOLED,"Camera chính 50MP, f/1,67Camera tele kính tiềm vọng 50MP, f/3,0Camera siêu rộng 50MP, f/2.4",32MP,Snapdragon® 8 Elite Gen 5,Có,256 GB,2 Nano SIM hoặc 2 eSIM hoặc 1 Nano SIM + 1 eSIM,Xiaomi HyperOS 3,,"Độ phân giải: 2608*1200Tỷ lệ tương phản: 5.000.000:1Tốc độ làm mới: Lên đến 120HzĐộ sáng cao nhất: 3500 nitĐộ sáng HBM: 2000 nitsĐộ sáng điển hình: 600 nitsĐộ sâu màu 12 bit, 68 tỷ màu, DCI-P3","8 lõi, 2 x Prime Core, lên đến 4,6GHz6 x Performance Core, lên đến 3,6GHz",12 GB,6500mAh,,
Huawei Mate XT Ultimate,Giá Liên Hệ,https://cellphones.com.vn/dien-thoai-huawei-mate-xt-ultimate.html,10.2 inches,LTPO OLED,50 MP + 12 MP + 12 MP,8 MP,Kirin 9010 (7 nm),Không,256 GB,2 Nano-SIM,HarmonyOS 4.2 (China),,"10.2 inch, Tri-foldable LTPO OLED, 1B màu, 120Hz, 2232 x 3184 pixels (~381 ppi density)",,16 GB,5600 mAh,,
vivo iQOO Z9,Giá Liên Hệ,https://cellphones.com.vn/dien-thoai-vivo-qioo-z9.html,6.78 inches,AMOLED,Cảm biến chính 50MP Máy ảnh độ sâu 2MP,16MP,Snapdragon 7 Gen 3,Không,128 GB,,Android 14,,"Độ phân giải 1.5K, độ sáng 4,500 nits, tần số quét 144Hz",,8 GB,6000 mAh,,
Xiaomi Poco F7 Pro,Giá Liên Hệ,https://cellphones.com.vn/dien-thoai-xiaomi-poco-f7-pro.html,6.67 inches,AMOLED,"Camera góc rộng: 50 MP, f/1.6Camera góc siêu rộng: 8 MP, f/2.2",20 MP,Qualcomm SM8650-AB Snapdragon 8 Gen 3 (4 nm),Có,256 GB,2 Nano-SIM,"Android 15, HyperOS 2",3200 x 1440 pixel,"68B colors, 120Hz, Dolby Vision, HDR10+, 1800 nits (HBM), 3200 nits (peak), Corning Gorilla Glass 7i",Octa-core (1x3.3 GHz Cortex-X4 & 3x3.2 GHz Cortex-A720 & 2x3.0 GHz Cortex-A720 & 2x2.3 GHz Cortex-A520),12 GB,6000 mAh,,
Huawei P60 Pro,Giá Liên Hệ,https://cellphones.com.vn/huawei-p60-pro.html,6.66 inches,OLED,"Camera góc rộng: 48MP, f/1.4, PDAF, Laser AF, OIS  Camera kính viễn vọng: 48MP, f/2.1, PDAF, OIS  Camera góc siêu rộng: 13MP, f/2.2","Camera góc rộng: 13MP, f/2.4, AF",Snapdragon 8+ Gen 1 4G,Có,256 GB,2 SIM (Nano-SIM),HarmonyOS 3.0,,"Tốc độ làm mới 120Hz, 1.07  tỷ màu",1 × Cortex-X2@3.2 GHz + 3 × Cortex-A710@2.75 GHz + 4 × Cortex-A510@2.0 GHz,8 GB,4815 mAh,,
Benco S1 Pro 8GB 256GB,4.290.000đ,https://cellphones.com.vn/dien-thoai-benco-s1-pro.html,6.8 inches,,64MP,16MP,Unisoc T616,Không,256 GB,2 SIM (Nano-SIM),Android 13,1080 x 2640 pixels,,,8GB + Mở rộng 8GB,5000mAh,,
Nubia Red Magic 9 Pro,Giá Liên Hệ,https://cellphones.com.vn/dien-thoai-nubia-red-magic-9-pro.html,6.8 inches,AMOLED,"Camera góc rộng: 50 MP, 1/1.57"", 1.0µm, PDAF, OISCamera siêu góc rộng: 50 MP, 1/2.76"", 0.64µm Camera macro:2 MP, f/2.4","Camera góc rộng: 16 MP, f/2.0,, 1.12µm, under display",Qualcomm SM8650-AB Snapdragon 8 Gen 3 (4 nm),Có,256 GB,2 SIM (Nano-SIM),Android 14,1116 x 2480 pixels,"1 tỷ màu, 120Hz, 1600 nits",1x3.3 GHz Cortex-X4 & 5x3.2 GHz Cortex-A720 & 2x2.3 GHz Cortex-A520,8 GB,6500 mAh,,
Honor Magic 5 Pro,Giá Liên Hệ,https://cellphones.com.vn/honor-magic-5-pro.html,6.8 inches,LTPO OLED,"Camera chính: 50 MP, f/1.6Camera tele: 50 MP, f/2.0Camera góc siêu rộng: 50 MP, f/3.0Camera selfie: 12 MP, f/2.4",12.5 MP,Snapdragon 8+ Gen 3,Có,256 GB,,,1312 x 2848 pixels,"Tần số quét 120 Hz, 1.800 nits",,8 GB,5.100  mAh,,
Xiaomi 15 Pro,Giá Liên Hệ,https://cellphones.com.vn/dien-thoai-xiaomi-15-pro.html,6.73 inches,,,,Snapdragon® 7s Gen 3,,256 GB,,,,,,8 GB,,,
Điện thoại Xiaomi 17 Pro Max,Giá Liên Hệ,https://cellphones.com.vn/dien-thoai-xiaomi-17-pro-max.html,,,,,,,,,,,,,,,,
Honor Magic 6 Pro,Giá Liên Hệ,https://cellphones.com.vn/dien-thoai-honor-magic-6-pro-77856.html,6.8 inches,OLED,"Camera chính: 50 MP, f/1.4Camera góc siêu rộng: 50 MP, f/2.0Camera Telephoto tiềm vọng: 180MP, f/2.6, Zoom quang 2,5x, Zoom kỹ thuật số 100x, OIS","50MP, f/2.0  Camera độ sâu 3D",Snapdragon 8 Gen 3,Có,512 GB,2 SIM (Nano-SIM),Android 14,,1.07 tỷ màu,1×Cortex-X4 3.3GHz+3×Cortex-A720 3.2GHz+2×Cortex-A720 3.0GHz+2×Cortex-A520 2.3GHz,12 GB,5600 mAh,,
Google Pixel 9 Pro,Giá Liên Hệ,https://cellphones.com.vn/dien-thoai-google-pixel-9-pro.html,6.3 inches,LTPO OLED,"Góc rộng 50 MP,ƒ/1.68 Góc siêu rộng 48 MP, f/1.7  với Lấy nét Macro Ống kính tele 48 MP, f/2.8,  5x","42 MP, ƒ/2.2",Google Tensor G4,Có,128 GB,2 SIM (nano‑SIM và eSIM),Android 14,,"Tỷ lệ khung hình 20:9, 495 PPI, Kính bảo vệ Corning® Gorilla® Glass Victus® 2,  2,000 nits, Hỗ trợ HDR, 16 triệu màu, 1280 x 2856",,16 GB,"4,700 mAh",,
Honor Magic 5,Giá Liên Hệ,https://cellphones.com.vn/honor-magic-5.html,6.73 inches,OLED,"Camera chính góc rộng: 54MP, f/1.9  Camera chính góc siêu rộng: 50MP, f/2.0  Camera Telephoto: 32MP, f/2.4, 2.5x Optical Zoom, 50x Digital Zoom, OIS",12MP,Snapdragon 8 Gen 2,Có,256 GB,2 SIM (Nano-SIM),Android 13,,1.07 tỷ màu,1×Cortex-X3 3.19GHz+2×Cortex-A715 2.8GHz+2×Cortex-A710 2.8GHz+3×Cortex-A510 2.0GHz,12 GB,5100 mAh,,
Google Pixel 8 Pro,Giá Liên Hệ,https://cellphones.com.vn/google-pixel-8-pro.html,6.7 inches,OLED,"Camera chính độ phân giải: 50MP, f/1.7, 25mm, công nghệ gộp điểm ảnh, PDAF, lấy nét laze nhiều vùng, chống rung OISCamera tele: 48MP, f/2.8, công nghệ dual pixel PDAF, hỗ trợ chống rung OIS, zoom quang 5x","10,5 MP",Google Tensor G3 tiến trình 4nm,Có,128 GB,2 SIM (Nano-SIM),Android 14,,"Tần số quét 120Hz, HDR10+",,8 GB,"5,050 mAh",,
Google Pixel 9,Giá Liên Hệ,https://cellphones.com.vn/dien-thoai-google-pixel-9.html,6.3 inches,OLED,"Camera góc rộng: 50MP, f/1.68  Camera macro: 48 MP, f/1.7","10.5 MP, f/2.2",Google Tensor G4,Có,128 GB,2 SIM (nano‑SIM và eSIM),Android 14,1080 x 2412 pixels,"Tỷ lệ khung hình 20:9, 422 PPI, Kính bảo vệ Corning® Gorilla® Glass Victus® 2,  1,800 nits, Hỗ trợ HDR, 16 triệu màu",,12 GB,"4,700 mAh",,
Xiaomi 17T Pro 5G 12GB 512GB,Giá Liên Hệ,https://cellphones.com.vn/dien-thoai-xiaomi-17t-pro.html,,,,,,,,,,,,,,,,
OPPO A56,Giá Liên Hệ,https://cellphones.com.vn/oppo-a56.html,6.5 inches,IPS LCD,"Camera góc rộng: 13MP, f/2.2, 25mm, 1/3.06"", 1.12µm, PDAF  Camera đo độ sâu: 2MP, f/2.4","Camera góc rộng: 8MP, f/2.0",Mediatek MT6833 Dimensity 700 (7 nm),Không,128 GB,2 SIM (Nano-SIM),Android 11,720 x 1600 pixel,Độ sáng 480 nits  Kính cường lực Corning Gorilla Glass 3,2x2.2 GHz Cortex-A76 & 6x2.0 GHz Cortex-A55,4 GB,5000 mAh,,
Infinix GT 20 Pro 12GB 256GB,Giá Liên Hệ,https://cellphones.com.vn/dien-thoai-infinix-gt-20-pro.html,6.78 inches,AMOLED,108MP+2MP+2MP,32 MP,Dimensity 8200 Ultimate (4 nm),Có,256 GB,,,,,,12 GB,5000mAh,,
Xiaomi Redmi K70,Giá Liên Hệ,https://cellphones.com.vn/xiaomi-redmi-k70.html,6.67 inches,OLED,"Camera góc rộng: 64 MP, f/1.8, PDAF, OIS Camera góc siêu rộng: 8 MP, f/2.2, 120˚ Camera macro: 2 MP, f/2.4","Camera góc rộng: 16 MP, f/2.5, HDR",Qualcomm SM8550-AB Snapdragon 8 Gen 2 (4 nm),Có,128 GB,2 SIM (Nano-SIM),"Android 13, MIUI 14",1440 x 3200 pixels (QHD+),"68 tỷ màu, 120Hz, Dolby Vision, HDR10+, 1400 nits (tối đa), tỷ lệ 20:9",8 nhân (1x3.2 GHz & 2x2.8 GHz & 2x2.8 GHz & 3x2.0 GHz),8 GB,5500 mAh,,
Xiaomi 17 5G,Giá Liên Hệ,https://cellphones.com.vn/dien-thoai-xiaomi-17-5g.html,,,,,,,,,,,,,,,,
POCO F6,Giá Liên Hệ,https://cellphones.com.vn/dien-thoai-xiaomi-poco-f6.html,6.67 inches,AMOLED,"50MP, ƒ/1.59Góc siêu rộng 8MP","20MP, ƒ/2.2",Flagship Snapdragon 8s Gen 3,Có,256 GB,1 Nano SIM + 1 eSIM hoặc 2 eSIM,Xiaomi HyperOS,2712 x 1220 pixels,"Tần số 120HzĐộ sáng 2400 nitsTỷ lệ tương phản 5,000,000:1PPI 446100% DCI-P368 tỷ màuCorning® Gorilla® Glass Victus®Dolby VisionHDR 10+","Octa-core processor, up to 3.0GHz, 1x X4@3.0GHz+4x A720@2.8GHz+3x A520@2.0GHz",8 GB,5000mAh,,
TECNO Pova 8 8GB 128GB,Giá Liên Hệ,https://cellphones.com.vn/dien-thoai-tecno-pova-8.html,,,,,,,128 GB,,,,,,4 GB,,,
Nothing Phone 2,Giá Liên Hệ,https://cellphones.com.vn/nothing-phone-2.html,6.55 inches,OLED,"Camera góc rộng: 108 MP, f/1.9, 24mm, PDAF, OISCamera góc siêu rộng: 20 MP, f/2.2, 114˚Camera macro: 2 MP f/2.2",16 MP,Snapdragon 8 Gen 2 (4 nm),Có,256 GB,2 SIM (Nano-SIM),Android 13,1080 x 2400 pixels (FullHD+),"Tần số quét 120Hz1 tỷ màu, HDR10+, 500 nits (typ), 950 nits (tối đa)Corning Gorilla Glass 6",1x3.2 GHz & 2x2.8 GHz & 2x2.8 GHz & 3x2.0 GHz,8 GB,5000 mAh,,
Huawei Mate X6,Giá Liên Hệ,https://cellphones.com.vn/dien-thoai-huawei-mate-x6.html,,LTPO OLED,Camera chính: 50 MP hỗ trợ khẩu độ thay đổi f/1.4 - f/4.0 và chống rung quang học OISCamera góc siêu rộng 40 MP Camera tele macro 48 MP hỗ trợ zoom quang 4X.,Camera màn hình ngoài 8 MP  Camera màn hình trong 8 MP,Snapdragon 8 Gen 2,,256 GB,,,,"Màn hình ngoài: OLED LTPO 6.45 inch, 2.440 x 1.080 pixels, 120 Hz, 2.500 nitsMàn hình trong: OLED LTPO 7.93 inch, 2.440 x 2.240 pixels, tần số quét 120 Hz và độ sáng tối đa 1.800 nits",,12 GB,5100 mAh,,
realme GT Neo 5,Giá Liên Hệ,https://cellphones.com.vn/realme-gt-neo-5.html,6.74 inches,AMOLED,"Camera chính Sony IMX 890 OIS: 50MP, f/1.88Camera góc siêu rộng: 8MP, 112°Camera tele: 2MP, f/3.3","Camera góc rộng: 16MP, f/2.45",Chip Snapdragon® 8+ 5G,Có,256 GB,2 SIM (Nano-SIM),Android 13,1240 x 2772 pixels,"144Hz, 1,07 tỷ màu, Độ bão hòa màu: DCI-P3 100%",Octa-core (1x3.19 GHz Cortex-X2 & 3x2.75 GHz Cortex-A710 & 4x1.80 GHz Cortex-A510),16 GB,5000 mAh,,
Infinix HOT 50i 4GB 128GB,Giá Liên Hệ,https://cellphones.com.vn/dien-thoai-infinix-hot-50i.html,6.7 inches,LCD,"Cảm biến chính: 48 MP, f/1.79","8MP, f/2.0",MediaTek Helio G81,,128 GB,2 Nano-SIM,Android 14 Go,1600 x 720 pixels (HD+),Tỷ lệ khung hình 20:9 Tốc độ làm mới 120Hz,,4 GB,"5,000mAh",,
OPPO Find X7 Pro,Giá Liên Hệ,https://cellphones.com.vn/oppo-find-x7-pro.html,6.7 inches,LTPO OLED,50 MP + 50 MP + 13 MP,32 MP,Snapdragon 8+ Gen 3,Có,256 GB,,,1440 x 3216 pixels (QHD+),Tần số quét 120 Hz,,12 GB,5.200 mAh,,
Realme V30,Giá Liên Hệ,https://cellphones.com.vn/realme-v30.html,6.51 inches,,13 MP,5 MP,,Không,64 GB,,Android 13,720 x 1600 pixel,,,4 GB,5.000 mAh,,
Huawei Mate 60 Pro,Giá Liên Hệ,https://cellphones.com.vn/huawei-mate-60-pro.html,6.82 inches,LTPO OLED,"Camera góc rộng: 50 MP, f/1.4-f/4.0, 24mm, PDAF, Laser AF, OISCamera Tele kính tiềm vọng: 48 MP, f/3.5, 90mm, PDAF, OIS, zoom quang 3,5xCamera góc siêu rộng: 12 MP, f/2.2, 13mm, 120˚, PDAF","Camera góc rộng: 13 MP, f/2.4, 18mm",Kirin 9000S (7 nm),Có,256 GB,2 SIM (Nano-SIM),HarmonyOS 4.0 (China),,"Tần số quét 120Hz, 1,07 tỷ màu, gam màu rộng P3Huawei Kunlun Glass 2",1x2.62 GHz Cortex-A720 & 3x2.15 GHz Cortex-A720 & 4x1.53GHz Cortex-A510,12 GB,5000 mAh,,
Sharp Aquos R8,Giá Liên Hệ,https://cellphones.com.vn/sharp-aquos-r8.html,6.6 inches,OLED,Camera siêu rộng: 13MP,8MP,Snapdragon 8 Gen 2,Có,256 GB,,Android 13,1080 x 2340 pixels (FullHD+),"2000 nits, tần số quét 240Hz",,8 GB,4570 mAh,,
Điện thoại Xiaomi 17 Pro,Giá Liên Hệ,https://cellphones.com.vn/dien-thoai-xiaomi-17-pro.html,,,,,,,,,,,,,,,,
Meizu 20,Giá Liên Hệ,https://cellphones.com.vn/meizu-20.html,6.55 inches,OLED,"Camera góc rộng: 50 MP, f/1.9, 24mm, 1/1.56"", PDAF, OISCamera góc siêu rộng: 16 MP, f/2.4, 16mm, 122˚ 5 MP, f/2.4","Camera góc rộng: 32 MP, f/2.5",Snapdragon 8 Gen 2 (4 nm),Có,128 GB,2 SIM (Nano-SIM),Flyme 10,1080 x 2408 pixels,"1 tỷ màu, Tần số quét 144Hz, 500 nits",1x3.2 GHz Cortex-X3 & 2x2.8 GHz Cortex-A715 & 2x2.8 GHz Cortex-A710 & 3x2.0 GHz Cortex-A510,12 GB,4700 mAh,,
Xiaomi POCO F5 Pro,Giá Liên Hệ,https://cellphones.com.vn/xiaomi-poco-f5-pro.html,6.66 inches,Super AMOLED,"Camera góc rộng: 48 MP,  f/1.8  Camera góc siêu rộng: 8 MP, f/2.2   Camera macro: 5 MP.",20 MP,Snapdragon 870,Có,64 GB,,Android 13,1080 x 2400 pixels (FullHD+),Tần số quét 120 Hz,,6 GB,4.520 mAh,,
Xiaomi Redmi K70 Pro,Giá Liên Hệ,https://cellphones.com.vn/xiaomi-redmi-k70-pro.html,,,,,Snapdragon 8 Gen 3,Có,128 GB,,,,,,8 GB,"5,120 mAh",,
Masstel izi T2 4G,500.000đ,https://cellphones.com.vn/dien-thoai-masstel-izi-t2.html,2.4 inches,,,,Unisoc T107,,128 MB,2 SIM (Nano-SIM),,240 x 320 pixels,"16.7 triệu màu,  Kính nhựa,  Chuẩn màn hình QVGA",,48MB,1800 mAh,,
Xiaomi Mix Fold 3,Giá Liên Hệ,https://cellphones.com.vn/xiaomi-mix-fold-3.html,6.4 inches,AMOLED,Camera chính: 200 MP  Camera tele: 32 MP  Camera góc siêu rộng: 12 MP,32 MP,Snapdragon 8+ Gen 2,Có,256 GB,,,,Tần số quét 120 Hz,,12 GB,4.600 mAh,,
OnePlus Nord N30,Giá Liên Hệ,https://cellphones.com.vn/oneplus-nord-n30.html,6.72 inches,IPS LCD,"Camera góc rộng: 108 MP, f/1.8, 1/1.67"", 0.64µm, PDAF Camera macro: 2 MP, f/2.4Camera đo đậu sâu: 2 MP, f/2.4","Camera góc rộng: 16 MP, f/2.4, 1.0µm",Snapdragon 695 5G (6 nm),Có,128 GB,Nano-SIM,Android 13,1080 x 2400 pixels (FullHD+),"Tốc độ làm mới 120 Hz, 550 nits, Corning Gorilla Glass",2x2.2 GHz Kryo 660 Gold & 6x1.7 GHz Kryo 660 Silver,8 GB,5.000 mAh,,
Honor 200 Pro,Giá Liên Hệ,https://cellphones.com.vn/dien-thoai-honor-200-pro.html,6.7 inches,OLED,"50MP, f/1.9 và hỗ trợ chống rung quang học (OIS)Camera telephoto 50MP với khả năng zoom quang học 2.5x, khẩu độ f/2.4 và hỗ trợ OIS12MP",50MP,Snapdragon 8s Gen 3,Có,256 GB,,Android 14,,Tần số quét 120Hz,,12 GB,5200 mAh,,
Samsung Galaxy M44,Giá Liên Hệ,https://cellphones.com.vn/samsung-galaxy-m44.html,6.58 inches,PLS TFT LCD,Camera chính: 50 MP Camera cảm biến đo chiều sâu: 2 MP Camera macro: 2 MP,13 MP,Snapdragon 888,,128 GB,,Android 13,1080 x 2408 pixels,Tần số quét 120Hz,,6 GB,5.000 mAh,,
Leitz Phone 1,Giá Liên Hệ,https://cellphones.com.vn/leitz-phone.html,6.6 inches,OLED,"20MP, f/1.9","12.6MP, f/2.3",Snapdragon 888,Có,256 GB,,Android 11,,Tốc độ làm mới 240Hz,2.8 GHz + 1.8 GHz,12 GB,"5,000 mAh",,
Redmi K60 Pro 5G,Giá Liên Hệ,https://cellphones.com.vn/xiaomi-redmi-k60-pro.html,6.66 inches,OLED,"Camera góc rộng: 54MP, f/1.9, 1/1.49"", 1.0µm, PDAF, OIS  Camera góc siêu rộng: 8MP, 118˚, 1/4"", 1.12µm  Camera macro: 2 MP, f/2.4","Camera góc rộng: 16 MP, 1/3.06"", 1.0µm",Snapdragon 8 Gen 2 (4 nm),Có,128 GB,2 SIM (Nano-SIM),Android 13,1440 x 3200 pixels (QHD+),Kính cường lực Corning Gorilla Glass Victus  Tần số quét 120Hz  Dolby Vision  HDR10+  Độ sáng 1400 nits  68 tỷ màu,1x3.2 GHz Cortex-X3 & 2x2.8 GHz Cortex-A715 & 2x2.8 GHz Cortex-A710 & 3x2.0 GHz Cortex-A510,8 GB,5000 mAh,,
OPPO Find X8 Pro 5G 16GB 512GB,Giá Liên Hệ,https://cellphones.com.vn/dien-thoai-oppo-find-x8-pro.html,6.78 inches,AMOLED,Camera chính: 50 MP OISCamera góc siêu rộng 50 MPCamera tele kính tiềm vọng 50 MP hỗ trợ zoom quang 3X Camera tele kính tiềm vọng zoom quang 6X.,32 MP,MediaTek Dimensity 9400,,512 GB,,Android 15,,"Tần số quét 120 Hz, 4.500 nits",,16 GB,5910 mAh,,
huawei p60 art,Giá Liên Hệ,https://cellphones.com.vn/huawei-p60-art.html,6.67 inches,LTPO OLED,"Camera góc rộng:48 MP, f/1.4, OIS  Camera góc siêu rộng: 40 MP, f/2.2 Camera Telephoto: 48 MP, f/2.1, OIS","Camera góc rộng: 13 MP, f/2.4",Snapdragon 8+ Gen 1 4G,Có,512 GB,2 SIM (Nano-SIM),EMUI 13.1,,"Tần số quét 120Hz, 1.07 tỷ màu,",1x3.19 GHz Cortex-X2 & 3x2.75 GHz Cortex-A710 & 4x2.0 GHz Cortex-A510,12 GB,5100 mAh,,
Xiaomi POCO M7,Giá Liên Hệ,https://cellphones.com.vn/dien-thoai-xiaomi-poco-m7.html,6.79 inches,,,,,Có,128 GB,,,,,,6 GB,,,
Google Pixel 6,Giá Liên Hệ,https://cellphones.com.vn/google-pixel-6.html,6.4 inches,AMOLED,"Camera góc rộng: 50 MP, f/1.9, 25mm, 1 / 1.31 "", 1.2µm, Dual Pixel PDAF, Laser AF, OIS  Camera siêu rộng: 12 MP, f/2.2, 17mm, 114˚, 1.25µm","Camera rộng: 8 MP, f/2.0, 24mm, 1.12µm",Google Tensor (5 nm),Có,128 GB,Nano-SIM + eSIM,Android 12,1080 x 2400 pixels (FullHD+),Kính cường lực Corning Gorilla Glass Victus  Màn hình luôn bật,"2x2,80 GHz Cortex-X1 & 2x2,25 GHz Cortex-A76 & 4x1.80 GHz Cortex-A55",8 GB,4614 mAh,,
Honor X8A,Giá Liên Hệ,https://cellphones.com.vn/honor-x8a.html,6.7 inches,IPS LCD,"Camera góc rộng: 100.0 MP, f/1.9 Camera góc siêu rộng: 5.0 MP, ƒ/2.2 Camera Macro: 2.0 MP, ƒ/2.4","16 MP, ƒ/2.5",MediaTek Helio G88,Có,128 GB,2 SIM (Nano-SIM),Android 12,1080 x 2376 pixels (FullHD+),"Tần số quét 90 Hz, 	393 ppi,16.7 triệu màu",2 x Cortex A75 2.0 GHz + 6 x Cortex A55 1.8 GHz,8 GB,4500 mAh,,
Xiaomi 17 5G 12GB 512GB,Giá Liên Hệ,https://cellphones.com.vn/dien-thoai-xiaomi-17-12gb-512gb.html,6.3 inches,LTPO AMOLED,"Camera góc rộng: 50 MP, f/1.7Camera tele: 50 MP, f/2.0Camera góc siêu rộng: 50 MP, f/2.4","50 MP, f/2.2",Qualcomm Snapdragon 8 Elite Gen 5 (3 nm),Có,512 GB,2 Nano-SIM,"Android 16, HyperOS 3.0",,"Độ phân giải màn hình: 1220 x 2656 pixelsTỷ lệ 19.5:9, mật độ điểm ảnh ~464 ppi68 tỷ màu, 120Hz, 2160Hz PWM, Dolby Vision, HDR Vivid, HDR10+, 3500 nits (peak)",8 nhân (2x4.6 GHz & 6x3.62 GHz),12 GB,7000 mAh,,
Xiaomi 17T 5G 12GB 512GB,Giá Liên Hệ,https://cellphones.com.vn/dien-thoai-xiaomi-17t.html,,,,,,,,,,,,,,,,
Xiaomi Redmi Note 13 Turbo,Giá Liên Hệ,https://cellphones.com.vn/dien-thoai-xiaomi-redmi-note-13-turbo.html,,AMOLED,64  MP + 32 MP + 5 MP,32 MP,MediaTek Dimensity 1000+,,512 GB,,,,Tần số quét 120 Hz,,12 GB,5.255 mAh,,
realme GT6 Pro,Giá Liên Hệ,https://cellphones.com.vn/dien-thoai-realme-gt6-pro.html,,,,,,Có,256 GB,,,,,,8 GB,,,
TECNO Spark 50 4GB 128GB,4.990.000đ,https://cellphones.com.vn/dien-thoai-tecno-spark-50.html,6.78 inches,LCD,50 MP,8 MP,,,128 GB,2 Nano-SIM,,,,,4 GB,6700 mAh,,
OPPO Find X7 5G 12GB 256GB,Giá Liên Hệ,https://cellphones.com.vn/oppo-find-x7.html,,,,,,,,,,,,,,,,
iQOO 11,Giá Liên Hệ,https://cellphones.com.vn/iqoo-11.html,6.78 inches,AMOLED,"Camera góc rộng: 50MP, f/1.9, 1 / 1.57 "", 1.0µm, PDAF, OIS  Camera tele: 12MP, f/2.0, 47 mm, 1 / 2.9"", PDAF, zoom quang 2x  Camera góc cực rộng; 13 MP, f/2.2 , 16mm, 120˚","Camera góc rộng: 16MP, f/2.5",Qualcomm SM8550 Snapdragon 8 thế hệ 2 (4 nm),Có,128 GB,2 SIM (Nano-SIM),Android 13,1440 x 3120 pixels,"Tần số quét 144Hz, HDR, 1500 nits","1x3,2 GHz Cortex-X3 & 2x2,8 GHz Cortex-A715  2x2,8 GHz Cortex-A710 & 3x2,0 GHz Cortex-A510",8 GB,5000 mAh,,
Google Pixel 9 Pro XL,Giá Liên Hệ,https://cellphones.com.vn/dien-thoai-google-pixel-9-pro-xl.html,6.8 inches,LTPO OLED,"Góc rộng 50 MP,ƒ/1.68 Góc siêu rộng 48 MP, f/1.7  với Lấy nét Macro Ống kính tele 48 MP, f/2.8,  5x","42 MP, ƒ/2.2",Google Tensor G4,Có,128 GB,2 SIM (nano‑SIM và eSIM),Android 14,,"Tỷ lệ khung hình 20:9, 495 PPI, Kính bảo vệ Corning® Gorilla® Glass Victus® 2,  2,000 nits, Hỗ trợ HDR, 16 triệu màu, 1344 x 2992",,16 GB,"5,060 mAh",,
realme C75X 8GB-128GB,Giá Liên Hệ,https://cellphones.com.vn/dien-thoai-realme-c75x.html,,,,,,,128 GB,,,,,,8 GB,,,
Điện thoại Xiaomi Poco F7,Giá Liên Hệ,https://cellphones.com.vn/dien-thoai-xiaomi-poco-f7.html,,,,,,,,,,,,,,,,
Google Pixel Fold,Giá Liên Hệ,https://cellphones.com.vn/google-pixel-fold.html,7.6 inches,OLED,"Camera góc rộng: 48 MP, f/1.7, 25mm, Dual Pixel PDAF, Laser AF, OISCamera Tele: 10.8 MP, f/3.1, 1.22µm, OIS, 5x optical zoomCamera góc siêu rộng: 10.8 MP, f/2.2, 121˚, 1/3"", 1.25µm","8 MP, f/2.0, 24mm (wide), 1/4"", 1.12µm Camera góc rộng: 9.5 MP, f/2.2, 24mm, 1.22µm, Dual Pixel PDAF",Google Tensor G2 (5 nm),Có,256 GB,2 SIM (nano‑SIM và eSIM),Android 13,,"Foldable OLED, tần số quét 120Hz, HDR10+, 1000 nits Màn hình phụ: 5.8 inches, 1080 x 2092 pixels, OLED, 120Hz, HDR, Corning Gorilla Glass Victus",2x2.85 GHz Cortex-X1 & 2x2.35 GHz Cortex-A78 & 4x1.80 GHz Cortex-A55,12 GB,4821 mAh,,
ZTE Nubia Z60 Ultra,Giá Liên Hệ,https://cellphones.com.vn/zte-nubia-z60-ultra.html,6.8 inches,AMOLED,"Camera chính: 50MP, Tele kính viễn vọng: 64 MP, f/3.3, PDAF, OIS, 3.3x optical zoom (vs. 26mm cam) Camera góc siêu rộng: 50MP,, f/1.8, AF",Camera góc rộng: 12 MP,Qualcomm SM8650-AB Snapdragon 8 Gen 3 (4 nm),Có,256 GB,2 SIM (Nano-SIM),"Android 14, MyOS 14",1116 x 2480 pixels,"1 tỷ màu, Tần số quét 120Hz, HDR10+, 1500 nits",1x3.3 GHz Cortex-X4 & 3x3.2 GHz Cortex-A720 & 2x3.0 GHz Cortex-A720 & 2x2.3 GHz Cortex-A520,8 GB,6000 mAh,,
Samsung Galaxy Tab S10 FE 5G,Giá Liên Hệ,https://cellphones.com.vn/dien-thoai-samsung-galaxy-tab-s10-fe-5g-99771.html,,,,,,,,,,,,,,,,
OPPO A2m,Giá Liên Hệ,https://cellphones.com.vn/oppo-a2m.html,6.56 inches,IPS LCD,"Camera chính: 13MP, f/2.2","5MP,  f/2.2",MediaTek Dimensity 6020 8 nhân,Không,256 GB,,Android 13,,"Tần số quét 90Hz, độ sáng 720 nits và có mật độ điểm ảnh 269 ppi",,12 GB,"5,000 mAh",,
Xiaomi Redmi Note 14 Pro 5G 8GB 256GB,Giá Liên Hệ,https://cellphones.com.vn/xiaomi-redmi-note-14-pro-5g-8gb-256gb.html,6.67 inches,AMOLED,"Chính 200 MP & Phụ 8 MP, 2 MP",20 MP,MediaTek Dimensity 7300-Ultra 8 nhân,Có,256 GB,2 Nano-SIM,Xiaomi HyperOS (Android 14),1220 x 2712 pixels,Tần số quét 120 HzĐộ sáng tối đa: 3000 nitsKính cường lực Corning Gorilla Glass Victus 2,4 nhân 2.5 GHz & 4 nhân 2 GHz,8 GB,5110 mAh,,
Realme GT Neo 6,Giá Liên Hệ,https://cellphones.com.vn/realme-gt-neo-6.html,6.71 inches,Super AMOLED,50 MP + 8 MP + 2 MP,16 MP,Snapdragon 8 Gen 2,Có,128 GB,,,,Tốc độ làm mới 120 Hz,,12 GB,5.000 mAh,,
Motorola Razr 40 Ultra,Giá Liên Hệ,https://cellphones.com.vn/motorola-razr-40-ultra.html,6.9 inches,LTPO AMOLED,"Camera góc rộng: 12 MP, f/1.5, 1/2.55"", 1.4µm, PDAF, OISCamera góc siêu rộng: 13 MP, f/2.2, 108˚, 1/3"", 1.12µm, AF","Camera góc rộng: 32 MP, f/2.4, 0.7µm",Snapdragon 8+ Gen 1 (4 nm),Có,256 GB,2 Nano SIM hoặc 1 Nano + 1 eSIM,Android 13,,"Tốc độ làm mới 165Hz, 1 tỷ màu, HDR10+, 1400 nits Màn hình phụ: 3.6 inches, 1056 x 1066 pixels, 413 ppi, Gorilla Glass Victus",1x3.19 GHz Cortex-X2 & 3x2.75 GHz Cortex-A710 & 4x1.80 GHz Cortex-A510,8 GB,3800 mAh,,
Samsung Galaxy M16 5G,Giá Liên Hệ,https://cellphones.com.vn/dien-thoai-samsung-galaxy-m16-5g.html,6.5 inches,,"48 MP & Phụ 5 MP, 2 MP, 2 MP","8 MP, f/2.0, (wide)",Exynos 2100,Không,128 GB,2 SIM (Nano-SIM),Android 11,720 x 1600 pixel,Mặt kính cong 2.5D,8 nhân 2.0 GHz,6 GB,7000 mAh,,
Google Pixel 5,Giá Liên Hệ,https://cellphones.com.vn/google-pixel-5.html,6.0 inches,OLED,"Camera góc rộng: 12,2MP, f/1.7, 27mm, 1 / 2.55 "", 1.4µm, PDAF pixel kép, OIS  Camera góc siêu rộng:  16 MP, f/2.2, 117˚, 1.0µm","Camera góc rộng: 8 MP, f/2.0, 24mm, 1 / 4.0 "", 1.12µm",Qualcomm SM7250 Snapdragon 765G 5G (7 nm),Có,128 GB,Nano-SIM + eSIM,Android 11,1080 x 2340 pixels (FullHD+),Kính cường lực Corning Gorilla Glass 6  Màn hình luôn bật,"1x2,4 GHz Kryo 475 Prime & 1x2,2 GHz Kryo 475 Gold & 6x1,8 GHz Kryo 475 Silver",8 GB,4080 mAh,,
OPPO Find X8 Ultra,Giá Liên Hệ,https://cellphones.com.vn/dien-thoai-oppo-find-x8-ultra.html,,,,,,,,,,,,,,,,
Vivo Y56,Giá Liên Hệ,https://cellphones.com.vn/vivo-y56.html,6.58 inches,IPS LCD,"Camera góc rộng: 50MP, f/1.8, 1/2.76"", 0.64µm, PDAF  Camera đo dộ sâu: 2MP, f/2.4","Camera góc rộng: 16MP, f/2.0",Dimensity 700 (7 nm),Không,128 GB,2 SIM (Nano-SIM),Android 13,1080 x 2408 pixels,,2x2.2 GHz Cortex-A76 & 6x2.0 GHz Cortex-A55,8 GB,5000 mAh,,
Samsung A56 5G 12GB - 256GB,Giá Liên Hệ,https://cellphones.com.vn/dien-thoai-samsung-galaxy-a56-12gb-256gb.html,,,,,,,256 GB,,,,,,12 GB,,,
Honor X9,Giá Liên Hệ,https://cellphones.com.vn/honor-x9.html,6.81 inches,IPS LCD,Camera chính 48 MP Camera macro: 2 MP Camera hỗ trợ đo độ sâu: 2 MP,16 MP,Snapdragon 695 5G,Có,,2 SIM (Nano-SIM),Android 11,1080 x 2388 pixels,Tốc độ làm mới 120 Hz,,,4.800 mAh,,
HTC Wildfire E3 Lite,Giá Liên Hệ,https://cellphones.com.vn/htc-wildfire-e3-lite.html,6.5 inches,,"Camera chính: 13 MP Camera đo chiều sâu: 2 MP, f/2.2","5 MP, f/2.0",Unisoc SC9863,Không,32 GB,2 SIM (Nano-SIM),Android 12,720 x 1600 pixel,Tốc độ làm tươi 60 Hz,4x A55 1.6 GHz + 4x A55 1.2 GHz,3 GB,5000 mAh,,
vivo iQOO Z9x,Giá Liên Hệ,https://cellphones.com.vn/dien-thoai-vivo-qioo-z9x.html,6.72 inches,LCD,Cảm biến chính 50MP Máy ảnh độ sâu 2MP,8MP,Snapdragon 6 Gen 1,Không,128 GB,,Android 14,,"Độ phân giải Full-HD+, độ sáng 1,000 nits, tần số quét 120Hz",,8 GB,6000 mAh,,
HONOR Magic V Flip 2,Giá Liên Hệ,https://cellphones.com.vn/dien-thoai-honor-magic-v-flip-2.html,6.82 inches,LTPO OLED,"Camera chính: 200MP, f/1.9Camera góc rộng: 50MP",50MP,Snapdragon 8 Gen 3,Có,1 TB,2 Nano SIM hoặc 2 eSIM hoặc 1 Nano SIM + 1 eSIM,MagicOS 9.0.1 (Android 15),,"2,868 x 1,232 pixel120Hz, 5,000 nits hiển thị rõ ràng cả ngoài trời",8 nhân,16 GB,5200 mAh,,
Oneplus Ace 2 Pro,Giá Liên Hệ,https://cellphones.com.vn/oneplus-ace-2-pro.html,6.74 inches,OLED,Camera chính 50 MP Camera góc siêu rộng 8MPCamera macro 2 MP,16MP,Snapdragon 8 Gen 2,Có,,,Android 13,,Tốc độ làm mới 120Hz,,16 GB,"5,000 mAh",,
Samsung Galaxy A16 5G 8GB 256GB,Giá Liên Hệ,https://cellphones.com.vn/dien-thoai-samsung-galaxy-a16-256gb.html,6.7 inches,Super AMOLED,"50MP, f/1.8 AF5MP, f/2.2","13MP, f/2.0",MediaTek Dimensity 6300(6nm),,256 GB,,,1080 x 2340 pixels (FullHD+),"Tần số quét 90Hz, Infinity-U",,8 GB,"5,000mAh",,
Vivo S1,Giá Liên Hệ,https://cellphones.com.vn/vivo-s1.html,6.38 inches,Super AMOLED,"Camera góc rộng: 16 MP, f/1.8, 1/2.8"", 1.12µm, PDAFCamera góc siêu rộng:8 MP, f/2.2, 13mm, 1/4.0"", 1.12µmCamera đo độ sâu: 2 MP, f/2.4","Camera góc rộng: 32 MP, f/2.0, 26mm, 1/2.8"", 0.8µm",Mediatek MT6768 Helio P65 (12nm),Không,64 GB,2 SIM (Nano-SIM),Android 9.0,1080 x 2340 pixels (FullHD+),Tốc độ làm mới 90 Hz,2x2.0 GHz Cortex-A75 & 6x1.7 GHz Cortex-A55,6 GB,4500 mAh,,
realme C75 (8GB-128GB),Giá Liên Hệ,https://cellphones.com.vn/dien-thoai-realme-c75.html,,,,,,,128 GB,,,,,,8 GB,,,
OPPO A58 8GB 256GB,Giá Liên Hệ,https://cellphones.com.vn/oppo-a58-256gb.html,6.56 inches,,Cảm biến chính 50MP  Cảm biến độ sâu 2MP,8MP,MediaTek Dimensity 700,Không,256 GB,,Android 12,720 x 1612 (HD+),"Mật độ điểm ảnh 269 ppi, 600 nits, tần số quét 90Hz",,8 GB,"5,000mAh",,
realme 10 Pro Plus,Giá Liên Hệ,https://cellphones.com.vn/realme-10-pro-plus.html,6.7 inches,Super AMOLED,"Camera góc rộng:  108 MP, PDAF, OIS  Camera góc siêu rộng: 8MP  Camera góc sâu: 2MP, f/2.4","Camera góc rộng: 16MP, f/2.4, 27mm, 1 / 3.09 "", 1.0µm",MediaTek Dimensity 1080 (6 nm),Có,64 GB,2 SIM (Nano-SIM),Android 12,1080 x 2400 pixels (FullHD+),"1B màu, Tần số quét 120Hz","2x2,6 GHz Cortex-A78 & 6x2,0 GHz Cortex-A55",6 GB,5.000 mAh,,
Realme GT3,Giá Liên Hệ,https://cellphones.com.vn/realme-gt3.html,6.74 inches,AMOLED,"Camera góc rộng: 50MP, f/1.9, 24mm, 1/1.56"", 1.0µm, PDAF, OIS  Camera góc siêu rộng: 8MP, f/2.2, 16mm, 112˚, 1/4.0"", 1.12µm  Microscope: 2 MP, f/3.3, 20mm","Camera góc rộng: 16MP, f/2.5, 25mm, 1/3.09"", 1.0µm",Qualcomm SM8475 Snapdragon 8+ Gen 1 (4 nm),Có,128 GB,2 SIM (Nano-SIM),Android 13,1240 x 2772 pixels,"1 tỷ màu, tần số quét 144Hz, HDR10+, 1400 nits",1x3.19 GHz Cortex-X2 & 3x2.75 GHz Cortex-A710 & 4x1.80 GHz Cortex-A510,8 GB,4600 mAh,,
Itel A70,Giá Liên Hệ,https://cellphones.com.vn/itel-a70.html,6.6 inches,,13MP,8MP,Unisoc T603 Octa-core,Không,128 GB,,Android 13 Go,720 x 1612 (HD+),"Tần số quét 120Hz, độ sáng tối đa 500nitsDynamic Bar",,4 GB,"5,000 mAh",,
Huawei Nova 11i,Giá Liên Hệ,https://cellphones.com.vn/huawei-nova-11i.html,6.8 inches,IPS LCD,"Cảm biến chính: 48 MP, f/1.8 Camera phụ: 2 MP, f/2.4","16 MP, f/2.2",Snapdragon 680,Không,128 GB,2 SIM (Nano-SIM),Android 12,1080 x 2388 pixels,"Tần số quét 90Hz, 16,7 triệu màu",4 × Cortex-A73 Based 2.4 GHz + 4 × Cortex-A53 Based 1.9 GHz,8 GB,"5,000 mAh",,
Vivo Y66,Giá Liên Hệ,https://cellphones.com.vn/vivo-y66.html,5.5 inches,IPS LCD,"13MP, f/2.2","16MP, f/2.0",,,32 GB,,Android 6.0,720 x 1280 pixels,,Octa-core 64-bit,3 GB,3000 mAh,,
Honor 200 Lite,Giá Liên Hệ,https://cellphones.com.vn/dien-thoai-honor-200-lite.html,6.7 inches,AMOLED,Cảm biến chính 108MPMáy ảnh siêu rộng 8MP Cảm biến macro 2MP,50MP,MediaTek Dimensity 6080,Có,256 GB,,Android 14,2412 x 1080 pixels,,,8 GB,4500 mAh,,
Nubia Neo 5 Max,Giá Liên Hệ,https://cellphones.com.vn/dien-thoai-nubia-neo-5-max.html,,,,,,,,,,,,,,,,
Honor X7,Giá Liên Hệ,https://cellphones.com.vn/honor-x7.html,6.74 inches,IPS LCD,Camera chính 48 MP Camera góc rộng: 5 MP Camera macro: 2 MP Camera hỗ trợ đo độ sâu: 2 MP,8.0 MP,Snapdragon 680,Không,128 GB,2 SIM (Nano-SIM),Android 11,720 x 1612 (HD+),,,4 GB,5.000 mAh,,
Meizu 20 Pro,Giá Liên Hệ,https://cellphones.com.vn/meizu-20-pro.html,6.81 inches,LTPO OLED,"Camera góc rộng: 50 MP, f/1.9, PDAF, OISCamera góc siêu rộng: 50 MP, f/2.2, 129˚  Camera Tele: 50 MP f/1.9, PDAF, optical zoom","Camera góc rộng: 32 MP, f/2.5",Snapdragon 8 Gen 2 (4 nm),Có,128 GB,2 SIM (Nano-SIM),Flyme 10,1440 x 3200 pixels (QHD+),"Tần số quét 120Hz, HDR10+, 500 nits",1x3.2 GHz Cortex-X3 & 2x2.8 GHz Cortex-A715 & 2x2.8 GHz Cortex-A710 & 3x2.0 GHz Cortex-A510,12 GB,5000 mAh,,
Google Pixel 3 XL,Giá Liên Hệ,https://cellphones.com.vn/google-pixel-3-xl.html,6.3 inches,OLED,"Camera góc rộng: 12,2MP, f/1.8, 28mm, 1 / 2.55 "", 1.4µm, PDAF pixel kép, OIS","Camera góc rộng: 8MP, f/1.8, 28 mm, PDAF Camera góc: 8 MP, f/2.2, 19 mm (siêu rộng), không có AF",Qualcomm SDM845 Snapdragon 845 (10 nm),Có,64 GB,Nano-SIM + eSIM,Android 9.0,1440 x 2960 pixels (QHD+),Kính cường lực Corning Gorilla Glass 5  Màn hình luôn bật,"4x2,5 GHz Kryo 385 Gold & 4x1,6 GHz Kryo 385 Silver",4 GB,3430 mAh,,
Xiaomi Redmi Note 12T Pro,Giá Liên Hệ,https://cellphones.com.vn/xiaomi-redmi-note-12t-pro.html,6.6 inches,IPS LCD,"Camera góc rộng: 64 MP, f/1.8, 23mm, 1/2"", 0.7µm, PDAFCamera góc siêu rộng:  8 MP, 120˚Camera macro: 2 MP",16 MP,Mediatek Dimensity 8200 Ultra (4 nm),Có,128 GB,2 SIM (Nano-SIM),Android 13,1080x2460 pixels,"Tốc độ làm mới 144 Hz, 1 tỷ màu, HDR10, Dolby Vision, 650 nits",1x3.1 GHz Cortex-A78 & 3x3.0 GHz Cortex-A78 & 4x2.0 GHz Cortex-A55,8 GB,5080 mAh,,
ZenFone 10,Giá Liên Hệ,https://cellphones.com.vn/asus-zenfone-10.html,6.3 inches,AMOLED,200 MP hỗ trợ OIS,16 MP,Snapdragon 8 Gen 2,Có,256 GB,,Android 13,,Tốc độ làm mới 120 Hz,,16 GB,5.000 mAh,,
Google Pixel 3,Giá Liên Hệ,https://cellphones.com.vn/google-pixel-3.html,5.5 inches,OLED,"Camera góc rộng: 12,2 MP, f/1.8, 28mm, 1 / 2.55 "", 1.4µm, PDAF pixel kép, OIS","Camera góc rộng: 8 MP, f/1.8, 28 mm, PDAF  Camera góc siêu rộng: 8 MP, f/2.2, 19 mm, không có AF",Qualcomm SDM845 Snapdragon 845 (10 nm),Có,64 GB,Nano-SIM + eSIM,"Android 9.0 (Pie), có thể nâng cấp lên Android 12",1080 x 2160 pixels (FullHD+),Kính cường lực Corning Gorilla Glass 5  Màn hình luôn bật,"4x2,5 GHz Kryo 385 Gold & 4x1,6 GHz Kryo 385 Silver",4 GB,2915 mAh,,
Xiaomi Redmi Note 14 Pro,Giá Liên Hệ,https://cellphones.com.vn/dien-thoai-xiaomi-redmi-note-14-pro.html,6.67 inches,AMOLED,"Chính 200 MP & Phụ 8 MP, 2 MP",32 MP,MediaTek Helio G100-Ultra 8 nhân,Có,256 GB,2 Nano-SIM,Xiaomi HyperOS (Android 14),1080 x 2400 pixels (FullHD+),"Tần số quét 120 Hz, 1800 nits, Kính cường lực Corning Gorilla Glass Victus 2",2 nhân 2.2 GHz & 6 nhân 2.0 GHz,8 GB,5500 mAh,,
Nothing Phone 3A Pro,Giá Liên Hệ,https://cellphones.com.vn/dien-thoai-nothing-phone-3a-pro.html,6.77 inches,AMOLED,"50MP, f/1.88, 1/1.56''8MP, f/2.2, 1/4''50MP, f/2.55, 1/1.953""","50MP, f/2.2, 1/2.76''",Qualcomm SM7635 Snapdragon 7s Gen 3 (4 nm),Có,256 GB,2 Nano-SIM,Nothing OS 3.1 (Based on Android 15),1080 x 2392 pixels,"120Hz, NTSC 105%, 387 ppi, 3000nit, 1.07 tỷ màu, DCI-P3 100%",,8 GB,5000mAh,,
Samsung Galaxy S24FE 5G 8GB 256GB,Giá Liên Hệ,https://cellphones.com.vn/dien-thoai-samsung-galaxy-s24-fe-256gb.html,6.7 inches,Dynamic AMOLED 2X,"50.0 MP, f/1.8  + 12.0 MP, f/2.2 + 8.0 MP, f/2.4Zoom quang học 3x, chất lượng Zoom quang học 2x","10.0 MP, f/2.4",Exynos 2400e (4nm),Có,256 GB,SIM 1 + SIM 2 / SIM 1 + eSIM / 2 eSIM,Android,1080 x 2340 pixels (FullHD+),"120Hz, 16 triệu màu, 1900 nitsKính cường lực Corning® Gorilla® Glass Victus®+","10 nhân 3.1GHz, 2.9GHz, 2.6GHz, 1.95GHz",8 GB,4700 mAh,,
iQOO Neo 7 Pro,Giá Liên Hệ,https://cellphones.com.vn/vivo-iqoo-neo-7-pro.html,6.78 inches,AMOLED,50 MPCamera góc siêu rộng 8 MPCamera macro: 2 MP,16 MP,Qualcomm Snapdragon 8+ Gen 1,Không,256 GB,,Android 13,,Tần số quét màn hình 120 Hz.,GPU Adreno 730,8 GB,5.000 mAh,,
Realme GT Neo 5 SE,Giá Liên Hệ,https://cellphones.com.vn/realme-gt-neo-5-se.html,6.74 inches,OLED,"Camera góc rộng: 64 MP, f/1.8, 25mm, 1/2"", PDAFCamera góc siêu rộng: 8MP, f/2.2, 16mm, 112˚, 1/4.0"", 1.12µmKính hiển vi: 2MP, f/3.3","Camera góc rộng: 16MP, f/2.5, 25mm, 1/3.09"", 1.0µm",Snapdragon 7+ Gen 2 (4 nm),Có,256 GB,2 SIM (Nano-SIM),Android 13,1240 x 2772 pixels,"Tần số quét 144Hz, 1 tỷ màu, 1400 nits",1x2.91 GHz Cortex-A710 & 3x2.49 GHz Cortex-A710 & 4x1.8 GHz Cortex-A510,8 GB,5500 mAh,,
OPPO Reno12 F 4G 8GB 256GB,Giá Liên Hệ,https://cellphones.com.vn/dien-thoai-oppo-reno-12f-4g.html,6.67 inches,AMOLED,Camera chính: 50MP; f/1.8; FOV 76°; ống kinh 5PGóc mở rộng: 8MP; f/2.2; FOV 112°; ống kính 5PMacro camera: 2MP; f/2.4; FOV 89°; ống kính 3P,32MP; f/2.4; FOV 82°; ống kính 5P lens,Qualcomm® KryoTM 685,,256 GB,2 Nano-SIM,Android 14,1080 x 2400 pixels (FullHD+),"Tỉ lệ màn hình  92.2%120HzChế độ sống động: độ phủ 100% DCI-P3 Chế độ bình thường: độ phủ 100% sRGB 16.7 triệu màu,  394PPI",8 nhân,8 GB,5000 mAh,,
Huawei Enjoy 60X,Giá Liên Hệ,https://cellphones.com.vn/huawei-enjoy-60x.html,6.95 inches,TFT LCD,"Camera góc rộng: 50 MP, 26mm, 1/1.8"", PDAFCamera đo độ sâu: 2 MP, f/2.4","Camera góc rộng: 8 MP, f/2.0",Snapdragon 680 4G (6 nm),Có,128 GB,2 SIM (Nano-SIM),HarmonyOS 3.0,1080 x 2376 pixels (FullHD+),Tần số quét 90Hz,4x2.4 GHz Kryo 265 Gold & 4x1.9 GHz Kryo 265 Silver,8 GB,7000 mAh,,
Google Pixel 9 Pro Fold,Giá Liên Hệ,https://cellphones.com.vn/dien-thoai-google-pixel-9-pro-fold.html,8.0 inches,LTPO OLED,"Góc rộng: 48 MP, f/1.7, 25mm, 1/2.0"", 0.8µm, dual pixel PDAF, OISCamera tele: 10.8 MP, f/3.1, 112mm , 1/3.2"", dual pixel PDAF, OIS, 5x optical zoomGóc siêu rộng: 10.5 MP, f/2.2, 127˚, 1/3.4"", PDAF","Màn trong: 10 MP, f/2.2, 23mm (góc rộng), 1/3.94"", PDAF Màn Ngoài: 10 MP, f/2.2, 23mm (góc rộng), 1/3.94"", PDAF",Google Tensor G4 (4 nm),Có,128 GB,2 SIM (nano‑SIM và eSIM),Android 14,1080 x 2412 pixels,"Màn chính: 8.0 inches, Foldable LTPO OLED, 120Hz, HDR10+, 1,800 nits (HBM), 1080 x 2424 OLED, 422 PPIMàn phụ: 6.3 inches, OLED, 120Hz, HDR, 1600 nits (HBM), 2076 x 2152, 373 PPI",,16 GB,4650 mAh,,
Xiaomi Redmi Note 14 Pro 8GB 128GB,Giá Liên Hệ,https://cellphones.com.vn/dien-thoai-xiaomi-redmi-note-14-pro-8gb-128gb.html,,,,,,,128 GB,,,,,,8 GB,,,
Google Pixel 6 Pro,Giá Liên Hệ,https://cellphones.com.vn/google-pixel-6-pro.html,6.7 inches,,"Camera góc rộng: 50MP, f/1.9, 25mm, Dual Pixel PDAF, Laser AF, OIS  Camera tele: 48MP, f/3.5, 104mm, 1/2"", 0.8µm, PDAF, OIS, zoom quang 4x  Camera siêu rộng: 12 MP, f/2.2, 17mm, 114˚, 1.25µm","Camera siêu rộng: 11.1 MP, f/2.2, 20mm, 1.22µm",Google Tensor (5 nm),Có,128 GB,Nano-SIM + eSIM,Android 12,1440 x 3120 pixels,Kính cường lực Corning Gorilla Glass Victus  Màn hình luôn bật,"2x2,80 GHz Cortex-X1 & 2x2,25 GHz Cortex-A76 & 4x1.80 GHz Cortex-A55",12 GB,5003 mAh,,
Xiaomi Redmi Note 14 8GB 128GB,Giá Liên Hệ,https://cellphones.com.vn/dien-thoai-xiaomi-redmi-note-14-8gb-128gb.html,,,,,,,128 GB,,,,,,8 GB,,,
Realme V30t,Giá Liên Hệ,https://cellphones.com.vn/realme-v30t.html,6.5 inches,IPS LCD,Camera chính: 13 MP  Camera macro: 2 MP,5 MP,Dimensity 700,Không,128 GB,,Android 12,,,,8 GB,5.000 mAh,,
ZTE Nubia Z50 Ultra,Giá Liên Hệ,https://cellphones.com.vn/zte-nubia-z50-ultra.html,6.8 inches,AMOLED,"Camera chính: 64MP, f/1.6, PDAF, Laser AF, OIS  Tele kính viễn vọng: 64MP, f/3.3, PDAF, OIS  Camera góc siêu rộng: 50 MP, f/2, 14mm, 116˚ , PDAF","Camera góc rộng: 50MP, f/2.X, 14mm, 116˚, PDAF",Snapdragon 8 Gen 2 (4 nm),Có,256 GB,2 SIM (Nano-SIM),Android 13,1116 x 2480 pixels,"1 tỷ màu, Tần số quét 120Hz, HDR10+, 1500 nits",1x3.2 GHz Cortex-X3 & 2x2.8 GHz Cortex-A715 & 2x2.8 GHz Cortex-A710 & 3x2.0 GHz Cortex-A510,8 GB,5000 mAh,,
vivo X100 Pro,Giá Liên Hệ,https://cellphones.com.vn/dien-thoai-vivo-x100-pro.html,6.78 inches,LTPO AMOLED,"Camera góc rộng: 50 MP, f/1.8,, PDAF, Laser AF, OIS Camera tele kính tiềm vọng: 50 MP, f/2.5, PDAF, OIS, zoom quang 4,3xCamera góc siêu rộng: 50 MP, f/2.0, 119˚","Camera góc rộng: 32 MP, f/2.0",Mediatek Dimensity 9300 (4 nm),Có,256 GB,2 SIM (Nano-SIM),Android 14,,"Tần số quét 120Hz,1B colors, 3000 nits",1x3.25 GHz Cortex-X4 & 3x2.85 GHz Cortex-X4 & 4x2.0 GHz Cortex-A720,12 GB,5400 mAh,,
OPPO Reno 11 A,Giá Liên Hệ,https://cellphones.com.vn/dien-thoai-oppo-reno-11-a.html,,,,,,,256 GB,,Android 14,,,,12 GB,5000mAh,,
Samsung Galaxy A55 5G 12GB 256GB,Giá Liên Hệ,https://cellphones.com.vn/dien-thoai-samsung-galaxy-a55-5g-12gb-256gb.html,6.6 inches,Super AMOLED,Camera chính: 50 MP OIS+HDR  Camera góc rộng: 12MP Camera macro: 5MP,32 MP,Exynos 1480 4nm 2.4GHz,Có,256 GB,2 SIM (Nano-SIM),Android 14,1080 x 2400 pixels (FullHD+),"Tần số quét 120Hz, 1000nits96% DCI-P3, 1000 nits, Gorilla Glass 7+",4 nhân 2.7 GHz & 4 nhân 2.0 GHz,12 GB,5000 mAh,,
Redmi Note 12T Pro,Giá Liên Hệ,https://cellphones.com.vn/redmi-note-12t-pro-64076.html,6.6 inches,IPS LCD,"Camera góc rộng: 64 MP, f/1.8, 23mm, 1/2"", 0.7µm, PDAFCamera góc siêu rộng:8 MP, 120˚Camera macro: 2 MP",16 MP,Mediatek Dimensity 8200 Ultra (4 nm),Có,128 GB,2 SIM (Nano-SIM),Android 13,1080x2460 pixels,"Tốc độ làm mới 144 Hz, 1 tỷ màu, HDR10, Dolby Vision, 650 nits",1x3.1 GHz Cortex-A78 & 3x3.0 GHz Cortex-A78 & 4x2.0 GHz Cortex-A55,8 GB,5080 mAh,,
OPPO A2,Giá Liên Hệ,https://cellphones.com.vn/oppo-a2.html,6.72 inches,IPS LCD,"Camera chính: 50 MP, f/1.8, PDAFCamera đo độ sâu: 2 MP, f/2.4","Camera gốc rộng: 8 MP, f/2.0",Mediatek Dimensity 6020 (7 nm),Không,256 GB,2 SIM (Nano-SIM),Android 13,1080 x 2400 pixels (FullHD+),"Tần số quét 90Hz, 680 nits",2x2.2 GHz Cortex-A76 & 6x2.0 GHz Cortex-A55,12 GB,5000 mAh,,
Xiaomi Redmi Note 14S,Giá Liên Hệ,https://cellphones.com.vn/dien-thoai-xiaomi-redmi-note-14s.html,6.67 inches,AMOLED,"Camera góc rộng: 200 MP, f/1.7Camera góc siêu rộng: 8 MP, f/2.2Camera macro: 2 MP, f/2.4","16 MP, f/2.4",Mediatek Helio G99 Ultra,Có,128 GB,2 Nano-SIM,"Android 15, HyperOS",1080 x 2400 pixels (FullHD+),"1B colors, 120Hz, 500 nits (typ), 1000 nits (HBM), 1300 nits (peak), Corning Gorilla Glass 5",Octa-core (2x2.2 GHz Cortex-A76 & 6x2.0 GHz Cortex-A55),8 GB,5000 mAh,,
Honor 90 Pro,Giá Liên Hệ,https://cellphones.com.vn/honor-90-pro.html,6.78 inches,AMOLED,"Camera góc rộng: 200 MP, f/1.9, 1/1.4"", 0.56µm, PDAFCamera chụp xa: 32 MP, f/2.4, PDAF, OIS, 2.5x optical zoomCamera góc siêu rộng: 12 MP, f/2.2, 112˚, AF","Camera góc siêu rộng: 50 MP, f/2.4, 100˚Camera đo chiều sâu: 2 MP, f/2.4",Snapdragon 8+ Gen 1 (4 nm),Có,256 GB,2 SIM (Nano-SIM),Android 13,,"1 tỷ màu, tần số quét 120Hz, 1600 nits, HDR",1x3.0 GHz Cortex-X2 & 3x2.5 GHz Cortex-A710 & 4x1.80 GHz Cortex-A510,12 GB,5000 mAh,,
HONOR 600 5G 8GB 256GB,Giá Liên Hệ,https://cellphones.com.vn/dien-thoai-honor-600.html,6.57 inches,,,,,,,,,,,,,Khoảng 9.000 mAh,,
OPPO A2x,Giá Liên Hệ,https://cellphones.com.vn/oppo-a2x.html,6.56 inches,IPS LCD,"Camera chính: 13 MP: ƒ/2.2, hỗ trợ lấy nét tự động AF, sử dụng động cơ lấy nét vòng hở","5 MP, ƒ/2.2",MediaTek Dimensity 6020 8 nhân,Không,128 GB,2 SIM (Nano-SIM),Android 13,720 x 1612 (HD+),"16,7 triệu màu, hỗ trợ gam màu rộng (P3), Độ sáng tối đa 720 nits Tần số quét 90Hz",,6 GB,"5,000 mAh",,
Google Pixel 6a,Giá Liên Hệ,https://cellphones.com.vn/google-pixel-6-a.html,6.1 inches,OLED,"Camera góc rộng: 12,2MP, f/1.7, 27mm, 1 / 2.55 "", 1.4µm, PDAF pixel kép, OIS  Camera góc siêu rộng: 12MP, f/2.2, 17mm, 114˚, 1.25µm","Camera góc rộng: 8MP, f/2.0, 24mm, 1.12µm",Google Tensor (5 nm),Có,128 GB,Nano-SIM + eSIM,Android 12,1080 x 2400 pixels (FullHD+),Kính cường lực Corning Gorilla Glass 3  Màn hình luôn bật,"2x2,80 GHz Cortex-X1 & 2x2,25 GHz Cortex-A76 & 4x1.80 GHz Cortex-A55",6 GB,4410 mAh,,
Huawei Nova Y91,Giá Liên Hệ,https://cellphones.com.vn/huawei-nova-y91.html,6.95 inches,,"Camera chính: 50 MP, f/1.8Camera đo độ sâu: 2 MP, f/2.4","8MP, f/2.0",Qualcomm Snapdragon™ 680,Không,128 GB,2 SIM (Nano-SIM),EMUI 13,1080 x 2376 pixels (FullHD+),"Tần số quét 90Hz 16,7 triệu màu",4 × Cortex-A73 Based 2.4 GHz + 4 × Cortex-A53 Based 1.9 GHz,8 GB,7000 mAh,,
Asus Rog Phone 8 ultimate,Giá Liên Hệ,https://cellphones.com.vn/asus-rog-phone-8-ultimate.html,6.81 inches,AMOLED,Độ phân giải 64 MP + 13 MP + 5 MP + 2 MP,24 MP,Snapdragon 8+ Gen 2,,512 GB,,,1080 x 2400 pixels (FullHD+),Tần số quét 120 Hz,,16 GB,6.000 mAh,,
Motorola Moto G73,Giá Liên Hệ,https://cellphones.com.vn/motorola-moto-g73.html,6.5 inches,IPS LCD,"Camera góc rộng: 50MP, f/1.8, 1.0µm, PDAF  Camera góc siêu rộng: 8 MP, f/2.2, 118˚, 1.12µm, AF","Camera góc rộng: 16MP, f/2.4, 1.0µm",Mediatek Dimensity 930 (6 nm),Có,256 GB,2 SIM (Nano-SIM),Android 13,1080 x 2400 pixels (FullHD+),Tần số quét 120Hz,2x2.2 GHz Cortex-A78 & 6x2.0 GHz Cortex-A55,8 GB,5000  mAh,,
Samsung A06 5G 4GB-64GB,Giá Liên Hệ,https://cellphones.com.vn/dien-thoai-samsung-galaxy-a06-4gb-64gb.html,,,,,,,64 GB,,,,,,4 GB,,,
Vivo V27,Giá Liên Hệ,https://cellphones.com.vn/vivo-v27.html,6.78 inches,AMOLED,"Camera góc rộng: 64MP, f/1.8, 0.7µm, PDAF, OIS Camera góc siêu rộng: 8MP, f/2.2, 16mm, 120˚, 1/4"", 1.12µm  Camera macro: 2MP, f/2.4","Camera góc rộng: 50MP, f/2.5, AF",,Có,128 GB,2 SIM (Nano-SIM),Android 13,1080 x 2400 pixels (FullHD+),"Tần số quét 120Hz, HDR10+",,8 GB,4600 mAh,,
Xiaomi POCO C65,Giá Liên Hệ,https://cellphones.com.vn/xiaomi-poco-c65.html,6.74 inches,IPS LCD,"Camera chính: 50MP, f/1.8Camera macro: 2MP, f/2.4","8MP, f/2.0",MediaTek Helio G85 processor,Có,128 GB,2 SIM (Nano-SIM),MIUI 14,1600 x 720 pixels (HD+),"450 nits, tần số quét 90HzDC dimming",Arm Cortex-A75 @ 2.0GHzArm Cortex-A55 @ 1.8GHz,6 GB,5000 mAh,,
OPPO A1 Pro,Giá Liên Hệ,https://cellphones.com.vn/oppo-a1-pro.html,6.7 inches,AMOLED,"Camera góc rộng: 108 MP, PDAF  Camera độ sâu: 2 MP, f/2.4",Camera góc rộng: 16 MP,Qualcomm SM6375 Snapdragon 695 5G (6nm),Có,128 GB,2 SIM (Nano-SIM),Android 12,1080 x 2400 pixels (FullHD+),Tần số quét 120Hz,"2x2,2 GHz Kryo 660 Vàng & 6x1,7 GHz Kryo 660 Bạc",6 GB,"5,000 mAh",,
Nokia 150,Giá Liên Hệ,https://cellphones.com.vn/nokia-150.html,2.4 inches,,VGA Camera,,,,4MB,Mini-SIM,S30+,,Độ phân giải:QVGA,MTK,4MB,1.020 mAhTháo ráp,,
Honor 80 GT,Giá Liên Hệ,https://cellphones.com.vn/honor-80-gt.html,6.66 inches,AMOLED,"Camera góc rộng: 54MP, f/1.9, 1/1.49"", PDAF  Camera góc siêu rộng: 8 MP, f/2.2 Camera macro: 2 MP, f/2.4","Camera góc rộng: 16 MP, f/2.4",Snapdragon 8+ Gen 1 (4 nm),Có,256 GB,2 SIM (Nano-SIM),Android 12,1080 x 2400 pixels (FullHD+),"1 tỷ màu, Tần số quét 120Hz, HDR10, 1400 nits (peak)",(1x3.0 GHz Cortex-X2 & 3x2.5 GHz Cortex-A710 & 4x1.80 GHz Cortex-A510,12 GB,4800 mAh,,
Google Pixel 2,Giá Liên Hệ,https://cellphones.com.vn/google-pixel-2.html,5.0 inches,AMOLED,"Camera góc rộng: 12,2MP, f/1.8, 27mm, 1 / 2.55 "", 1.4µm, PDAF pixel kép, Laser AF, OIS","Camera góc rộng: 8MP, f/2.4, 27mm, 1 / 3.2 "", 1.4µm",Qualcomm MSM8998 Snapdragon 835 (10 nm),Có,64 GB,Nano-SIM + eSIM,Android 8.0,1080 x 1920 pixels (FullHD),Kính cường lực Corning Gorilla Glass 5  Màn hình luôn bật,"4x2,35 GHz Kryo & 4x1,9 GHz Kryo",4 GB,2700 mAh,,
vivo Y36 8GB 256GB,Giá Liên Hệ,https://cellphones.com.vn/dien-thoai-vivo-y36-8gb-256gb-79124.html,6.64 inches,IPS LCD,"Camera chính: 50 MP, f/1.8  Camera phụ: 2 MP, f/2.4","16 MP, f/2.45",Snapdragon 680 8 nhân,Không,256 GB,2 SIM (Nano-SIM),Android 13,1080 x 2388 pixels,"Tần số quét 90 Hz, 650 nits",4 nhân 2.4 GHz & 4 nhân 1.9 GHz,8 GB,5.000 mAh,,
Xiaomi Redmi A5 4G,Giá Liên Hệ,https://cellphones.com.vn/dien-thoai-xiaomi-redmi-a5-4g.html,6.88 inches,IPS LCD,"32 MP, f/2.0","8 MP, f/2.0",Unisoc T7250 (12 nm),Không,64 GB,2 Nano-SIM,Android 15,720 x 1640 pixels,"120Hz, 450 nits (typ), 260 ppi",Octa-core (2x1.8 GHz Cortex-A75 & 6x1.6 GHz Cortex-A55),3 GB,5200 mAh,,
Xiaomi Redmi K70e,Giá Liên Hệ,https://cellphones.com.vn/xiaomi-redmi-k70e.html,6.67 inches,OLED,"Camera góc rộng: 50 MP, PDAF, OIS Camera góc siêu rộng: 8 MP, 120˚  Camera macro: 2 MP, f/2.4","Camera góc rộng: 20 MP,  HDR",Mediatek Dimensity 8300 (4 nm),Có,128 GB,2 SIM (Nano-SIM),"Android 13, MIUI 14",1440 x 3200 pixels (QHD+),"16 triệu màu, tần số quét 120Hz, Dolby Vision, HDR10+, 1200 nits (tối đa), tỷ lệ 20:9 Corning Gorilla Glass Victus",8 nhân (1x3.1 GHz & 3x3.0 GHz & 4x2.0 GHz),8 GB,5500 mAh,,
Nothing Phone 1,Giá Liên Hệ,https://cellphones.com.vn/nothing-phone-1.html,6.55 inches,OLED,50 MP + 50 MP,16 MP,Qualcomm Snapdragon 778G+ 5G (6 nm),Có,128 GB,,Android 12,1080 x 2400 pixels (FullHD+),Tần số quét 120HzGorilla Glass 5,1x2.5 GHz Cortex-A78 & 3x2.4 GHz Cortex-A78 & 4x1.8 GHz Cortex-A55,8 GB,4.500 mAh,,
Vivo V7,Giá Liên Hệ,https://cellphones.com.vn/vivo-v7.html,5.7 inches,IPS LCD,"16 MP, f/2.0, 1/3.0"", 1.0µm, PDAF","Camera góc rộng: 24 MP, f/2.0, 26mm, 1/2.8"", 0.9µm",Qualcomm SDM450 Snapdragon 450 (14 nm),Không,32 GB,2 SIM (Nano-SIM),Android 7.1.2,720 x 1440 pixels,,Octa-core 1.8 GHz Cortex-A53,4 GB,3000 mAh,,
Vivo V9,Giá Liên Hệ,https://cellphones.com.vn/vivo-v9.html,6.3 inches,IPS LCD,"Camera góc rộng: 16 MP, f/2.0, PDAFCamera đo độ sâu: 5 MP, f/2.4","Camera góc rộng: 24 MP, f/2.0, 26mm, 1/2.8"", 0.9µm",Qualcomm MSM8953-Pro Snapdragon 626 (14 nm),Không,64 GB,2 SIM (Nano-SIM),Android 8.1,1080 x 2280 pixels (FullHD+),Tốc độ làm mới 90 Hz,Octa-core 2.2 GHz Cortex-A53,4 GB,3260 mAh,,
Vivo Nex 3,Giá Liên Hệ,https://cellphones.com.vn/vivo-nex-3.html,6.89 inches,Super AMOLED,"Camera góc rộng: 64 MP, f/1.8, 26mm, 1/1.72"", 0.8µm, PDAFCamera tele: 13 MP, f/2.5, 52mm, PDAF, 2x optical zoomCamera góc siêu rộng: 13 MP, f/2.2, 13mm, PDAF","Camera góc rộng: 16 MP, f/2.1, 26mm, 1/3.06"", 1.0µm",Qualcomm SM8150 Snapdragon 855+ (7 nm),Có,256 GB,2 SIM (Nano-SIM),Android 9.0,1080 x 2256 pixels,HDR10Mặt kính cong 2.5D,1x2.96 GHz Kryo 485 & 3x2.42 GHz Kryo 485 & 4x1.8 GHz Kryo 485,8 GB,4500 mAh,,
Nubia Red Magic 10,Giá Liên Hệ,https://cellphones.com.vn/dien-thoai-nubia-red-magic-10.html,,,,,,,256 GB,,,1116 x 2480 pixels,,,8 GB,,,
Infinix Note 30 Pro,Giá Liên Hệ,https://cellphones.com.vn/infinix-note-30-pro.html,6.78 inches,AMOLED,"Camera góc rộng: 108 MP, PDAF Camera đo độ sâu: 2 MP, f/2.4","Camera góc rộng: 16 MP, f/2.0",Mediatek Helio G99 (6nm),Có,256 GB,2 SIM (Nano-SIM),Android 13,1080x2460 pixels,"Tần số quét 120Hz, 900 nits, 1 tỷ màu",2x2.2 GHz Cortex-A76 & 6x2.0 GHz Cortex-A55,8GB + Mở rộng 8GB,5.000 mAh,,
Google Pixel 5a,Giá Liên Hệ,https://cellphones.com.vn/google-pixel-5-a.html,,OLED,"Camera góc rộng: 12,2MP, f/1,7, 27mm, 1 / 2,55"", 1,4µm, PDAF pixel kép, OIS  Camera góc cực rộng: 16 MP, f/2.2, 119˚, 1,0µm","Camera góc rộng: 8MP, f/2.0, 24mm, 1.12µm",Qualcomm SM7250 Snapdragon 765G 5G (7 nm),Có,128 GB,Nano-SIM + eSIM,Android 11,1080 x 2400 pixels (FullHD+),Kính cường lực Corning Gorilla Glass 3  Màn hình luôn bật,"1x2,4 GHz Kryo 475 Prime & 1x2,2 GHz Kryo 475 Gold & 6x1,8 GHz Kryo 475 Silver",6 GB,4680 mAh,,
OPPO A1x,Giá Liên Hệ,https://cellphones.com.vn/oppo-a1x.html,6.56 inches,IPS LCD,"Camera góc rộng: 13 MP, f/2.2, 25mm, PDAFCamera đo độ sâu: 2 MP, f/2.4","Camera góc rộng: 8 MP, f/2.2, 27mm",Mediatek Dimensity 700 (7 nm),Không,128 GB,2 SIM (Nano-SIM),Android 12,720 x 1612 (HD+),"Tần số quét 90Hz, 480 nits",2x2.2 GHz Cortex-A76 & 6x2.0 GHz Cortex-A55,6 GB,5000 mAh,,
Xiaomi Redmi Note 12R Pro,Giá Liên Hệ,https://cellphones.com.vn/xiaomi-redmi-note-12r-pro.html,6.67 inches,AMOLED,"Camera góc rộng: 48 MP, 0.8µm, PDAFCamera đo độ sâu: 2 MP, f/2.4","Camera góc rộng: 8 MP, f/2.0, 1/4"", 1.12µm",Snapdragon 4 Gen 1,Không,256 GB,2 SIM (Nano-SIM),Android 13,1080 x 2400 pixels (FullHD+),Tần số quét 120Hz,,12 GB,5000 mAh,,
Xiaomi 14T Pro 8GB 256GB,Giá Liên Hệ,https://cellphones.com.vn/xiaomi-14t-pro-8gb-256gb.html,6.73 inches,AMOLED,108 MP + 48 MP + 20 MP + 8 MP,44 MP,Snapdragon 8+ Gen 2,,256 GB,,,1080 x 2400 pixels (FullHD+),Tần số quét màn hình 120 Hz,,8 GB,5.500 mAh,,
Nubia Redmagic 8s Pro 16GB 512GB Transparent,Giá Liên Hệ,https://cellphones.com.vn/nubia-redmagic-8s-pro-16gb-512gb-transparent.html,6.8 inches,AMOLED,"50MP, f/1.88, 82°8MP, f/2.2, 120°2MP, f/2.4, 78°","16MP, 1.12μm",Snapdragon 8 Gen 2,Có,512 GB,2 SIM (Nano-SIM),Android 13.0,1116 x 2480 pixels,"Tần số quét 120Hz, 1300 nits Corning® Gorilla® GlassTỷ lệ khung hình: 20:9",up to 3.36 GHz,16 GB,6000 mAh,,
Honor X9B,Giá Liên Hệ,https://cellphones.com.vn/dien-thoai-honor-x9b.html,6.78 inches,AMOLED,"Camera chính: 108.0 MP, ƒ/1.75Camera góc rộng: 5.0 MP, ƒ/2.2Camera góc siêu rộng: 2.0 MP, ƒ/2.4","16.0 MP, ƒ/2.45",Snapdragon 6 Gen 1,Có,256 GB,2 SIM (Nano-SIM),Android 13.0,2652 x 1200 pixels,1.07 tỷ màuTần số quét 120HzTỷ lệ khung hình 19:9:9,4 x A78 2.2 GHz + 4 x A55 1.8 GHz,12 GB,5800 mAh,,
Điện thoại Xiaomi 15T Pro 12GB 256GB,Giá Liên Hệ,https://cellphones.com.vn/dien-thoai-xiaomi-15t-pro-12gb-256gb.html,,,,,,,256 GB,,,,,,12 GB,,,
Xiaomi Redmi Note 13 12GB 256GB,Giá Liên Hệ,https://cellphones.com.vn/dien-thoai-xiaomi-redmi-note-13-12gb-256.html,6.67 inches,AMOLED,Chính 108MP & Phụ 8+2MP,16MP,Snapdragon 685,Không,256 GB,,,1080 x 2388 pixels,Tần số quét 120Hz,,12 GB,5000 mAh,,
realme 11X 5G,Giá Liên Hệ,https://cellphones.com.vn/realme-11x-5g.html,6.72 inches,IPS LCD,100 MP + 2 MP,16 MP,MediaTek Dimensity 6100+,Không,128 GB,,,,Tốc độ làm mới 120 Hz,,6 GB,5000 mAh,,
Asus ROG Phone 7 Pro,Giá Liên Hệ,https://cellphones.com.vn/asus-rog-phone-7-pro.html,,,,,Snapdragon 8 Gen 2,Có,128 GB,,,,,,8 GB,,,
realme 12 Pro,Giá Liên Hệ,https://cellphones.com.vn/dien-thoai-realme-12-pro.html,6.7 inches,IPS LCD,108 MP + 13 MP + 2 MP,32 MP,Snapdragon 7+ Gen 2,Có,128 GB,,,,Tần số quét 144 Hz,,16 GB,5.000 mAh,,
Xiaomi Redmi Note 13R Pro,Giá Liên Hệ,https://cellphones.com.vn/dien-thoai-xiaomi-redmi-note-13r-pro.html,6.67 inches,OLED,"Camera góc rộng: 108 MP, f/1.7, 0.64µm, PDAF Camera đo độ sâu: 2 MP, f/2.4",Camera góc rộng: 16 MP,Mediatek Dimensity 6080 (6 nm),Không,256 GB,2 SIM (Nano-SIM),Android 13,1080 x 2400 pixels (FullHD+),"Tần số quét 120Hz, 1 tỷ màu, 120Hz, 1000 nits (peak)Corning Gorilla Glass",2x2.4 GHz Cortex-A76 & 6x2.0 GHz Cortex-A55),12 GB,5000 mAh,,
Nokia 130,Giá Liên Hệ,https://cellphones.com.vn/nokia-130.html,1.8 inches,,VGA Camera,,,,8MB,Mini-SIM,,,,,4MB,1020 mAh,,
Vivo iQOO Neo 8 Pro,Giá Liên Hệ,https://cellphones.com.vn/vivo-iqoo-neo-8-pro.html,6.78 inches,LTPO AMOLED,"Camera góc rộng: 50 MP, f/1.8, 1/1.56"", 1.0µm, PDAF, gimbal OISCamera Tele: 16 MP, f/2.2, 1/3.1"", 1.0µm, PDAF, OIS, 2.5x optical zoomCamera góc siêu rộng: 48 MP, f/2.2, 14mm, 114˚, 0.8µm, AF","Camera góc rộng: 16 MP, f/2.4",Snapdragon 888+ 5G (5 nm),Có,256 GB,2 SIM (Nano-SIM),Android 11,1440 x 3200 pixels (QHD+),"Tần số quét 120Hz, HDR10+, Dolby Vision, 1500 nits",1x2.99 GHz Cortex-X1 & 3x2.42 GHz Cortex-A78 & 4x1.80 GHz Cortex-A55,8 GB,4500 mAh,,
Blackview N6000,Giá Liên Hệ,https://cellphones.com.vn/blackview-n6000.html,6.4 inches,,Camera chính 48MPCảm biến 16MP,,MediaTek Helio G99,Có,256 GB,,Android 13,"540 x 1,200 pixels",450 nits,,8 GB,"3,880 mAh",,
vivo V30 Pro,Giá Liên Hệ,https://cellphones.com.vn/dien-thoai-vivo-v30-pro.html,6.78 inches,AMOLED,"Camera chính: 50 MP VCS, OIS, f/1.88, 84° FOV Camera chân dung chuyên nghiệp: 50 MP, AF, f/1.85, 47.6° FOV Camera góc siêu rộng: 50MP, AF","50MP, f/2.0, 92° FOV, 5P",MediaTek Dimensity 8200,Có,512 GB,2 SIM (Nano-SIM),Android 14,2800 × 1260 pixels,"Tần số quét 120 Hz, 2800 nits, 100% DCI-P3, 105% NTSC, 452 PPI",1 × A78 3.1GHz + 3 × A78 3.0GHz + 4 × A55 2.0GHz,12 GB,5000 mAh,,
Xperia 5 V,Giá Liên Hệ,https://cellphones.com.vn/sony-xperia-5v.html,6.1 inches,OLED,"Camera góc rộng: 48 MP, f/1.9, 24mm, Dual Pixel PDAF, OISCamera góc siêu rộng:12 MP, f/2.2, 123˚, 16mm, Dual Pixel PDAF","Camera góc rộng: 12 MP, f/2.0, 24mm, HDR",Qualcomm Snapdragon 8 Gen 2 (4 nm),Có,256 GB,2 SIM (Nano-SIM),Android 13,1080 x 2520 pixels,"1 tỷ màu, tần số quét 120Hz, HDR10Corning Gorilla Glass Victus 2 Giảm nhèo do chuyển động 240hz, DCI-P3 100%,",1x3.2 GHz & 2x2.8 GHz & 2x2.8 GHz & 3x2.0 GHz,8 GB,5000 mAh,,
Xiaomi Redmi Note 14 Pro Plus 12GB 512GB,Giá Liên Hệ,https://cellphones.com.vn/dien-thoai-xiaomi-redmi-note-14-pro-plus-12gb-512gb.html,,,,,,,512 GB,,,,,,12 GB,,,
Huawei Nova 12 Pro,Giá Liên Hệ,https://cellphones.com.vn/huawei-nova-12-pro.html,6.78 inches,OLED,"Camera góc rộng: 50 MP, f/1.9, PDAF, Laser AFCamera Tele: 50 MP, PDAF, optical zoomCamera góc siêu rộng: 12 MP, AF","Camera chân dung: 8 MP, f/2.2, 52mm, AFCamera góc siêu rộng: 60 MP, f/2.4, 17mm, 100˚, AF",Kirin 9000S (7 nm),Có,256 GB,2 SIM (Nano-SIM),HarmonyOS 4.0,2652 x 1200 pixels,"1,07 tỷ màu, HDR10, tốc độ làm mới 120Hz Kính Kunlun 2",1x2.62 GHz Cortex-A720 & 3x2.15 GHz Cortex-A720 & 4x1.53GHz Cortex-A510,8 GB,4900 mAh,,
Google Pixel 4a,Giá Liên Hệ,https://cellphones.com.vn/google-pixel-4a.html,5.8 inches,OLED,"Camera góc rộng: 12,2MP, f/1,7, 27mm, 1 / 2,55"", 1,4µm, PDAF pixel kép, OIS","Camera góc rộng: 8MP, f/2.0, 24mm, 1.12µm",Qualcomm SDM730 Snapdragon 730G (8 nm),Có,128 GB,Nano-SIM + eSIM,Android 10,1080 x 2340 pixels (FullHD+),Kính cường lực Corning Gorilla Glass 3  Màn hình luôn bật,"2x2,2 GHz Kryo 470 Gold và 6x1,8 GHz Kryo 470 Silver",6 GB,3140 mAh,,
Xiaomi Redmi Note 14 Pro Plus 12GB 512GB,Giá Liên Hệ,https://cellphones.com.vn/dien-thoai-xiaomi-redmi-note-14-pro-plus-12gb-512gb.html,,,,,,,512 GB,,,,,,12 GB,,,
Motorola Edge plus,Giá Liên Hệ,https://cellphones.com.vn/motorola-edge-plus.html,6.7 inches,OLED,"Camera góc rộng: 108 MP, f/1.8, 1/1.33"", 0.8µm, PDAF, OISCamera Tele: 8 MP, f/2.4, 81mm, 3x optical zoom, PDAF, OISCamera góc siêu rộng: 16 MP, f/2.2, 13mm, 1.0µm, AF","Camera góc rộng: 25 MP, f/2.0, 0.9µm",Snapdragon 865 5G (7 nm+),Có,256 GB,Nano-SIM,Android 10,1080 x 2340 pixels (FullHD+),"1 tỷ màu, , 90Hz, HDR10+",1x2.84 GHz Cortex-A77 & 3x2.42 GHz Cortex-A77 & 4x1.80 GHz Cortex-A55,12 GB,5000 mAh,,
Oneplus Nord N300,Giá Liên Hệ,https://cellphones.com.vn/oneplus-nord-n300.html,6.56 inches,IPS LCD,"Camera góc rộng: 48 MP, f/1.8, PDAF  Camera góc sâu: 2 MP, f/2.4","Camera góc rộng: 16 MP, f/2.0",MediaTek MT6833P Mật độ 810 (6 nm),Có,64 GB,Nano-SIM,Android 12,720 x 1612 (HD+),,"2x2,4 GHz Cortex-A76 & 6x2,0 GHz Cortex-A55",4 GB,5000 mAh,,
OnePlus Ace 2V,Giá Liên Hệ,https://cellphones.com.vn/oneplus-ace-2v.html,6.74 inches,AMOLED,"Camera góc rộng: 50MP, f/1.8, 24mm, 1/1.56"", 1.0µm, PDAF, OIS Camera góc siêu rộng: 8 MP, f/2.2, 16mm, 120˚, 1/4.0"", 1.12µm  Camera macro: 2MP, f/2.4","Camera góc rộng: 16MP, f/2.4, 26mm, 1/3.09"", 1.0µm",Snapdragon 8+ Gen 1 (4 nm),Có,256 GB,2 SIM (Nano-SIM),Android 13,1240 x 2772 pixels,"Tần số quét 120Hz  1B colors, HDR10+",1x3.19 GHz Cortex-X2 & 3x2.75 GHz Cortex-A710 & 4x1.80 GHz Cortex-A510,12 GB,5000 mAh,,
OPPO Find X7 Ultra 12GB 256GB,Giá Liên Hệ,https://cellphones.com.vn/oppo-find-x7-ultra.html,,,,,,,,,,,,,,,,
Samsung Galaxy Z Flip 5 8GB 512GB,Giá Liên Hệ,https://cellphones.com.vn/samsung-galaxy-z-flip-5-512gb-63941.html-1,6.7 inches,AMOLED,Camera chính: 12 MPCamera góc siêu rộng: 12 MP,10 MP,Snapdragon 8 Gen 2,Có,512 GB,,,,Tần số quét màn hình 144 Hz,,8 GB,4.200 mAh,,
Xiaomi 14 Ultra 12GB 512GB,Giá Liên Hệ,https://cellphones.com.vn/xiaomi-14-ultra-12gb-512gb.html,6.73 inches,LTPO AMOLED,"Camera góc rộng: 50 MP, PDAF, Laser AF, OISCamera tele: 50 MP, f/3.0, 120mmCamera góc siêu rộng: 50 MP, f/1.8Camera tiềm vọng: 50 MP, f/3.0","Camera góc rộng: 32 MP, f/2.0, 22mm",Qualcomm Snapdragon 8 Gen 3 (4 nm),Có,512 GB,2 SIM (Nano-SIM),Android 14,1440 x 3200 pixels (QHD+),"Tần số quét 120Hz, 1 tỷ màu, Dolby Vision, 2600 nits (tối đa) Tỷ lệ 20:9 Corning Gorilla Glass Victus 2",,12 GB,5300 mAh,,
vivo S19,Giá Liên Hệ,https://cellphones.com.vn/dien-thoai-vivo-s19.html,6.78 inches,OLED,Cảm biến chính 50MP hỗ trợ OIS Ống kính góc siêu rộng 8MP,5MP,Snapdragon 7 Gen 3,Có,256 GB,,Android 14,,"Độ phân giải 1.5K, tốc độ làm mới 120Hz, 4500 nits",,8 GB,6000 mAh,,
Tecno Pova 7 Neo,Giá Liên Hệ,https://cellphones.com.vn/dien-thoai-tecno-pova-7-neo.html,,,,,,,,,,,,,,,,
Motorola Edge 40,Giá Liên Hệ,https://cellphones.com.vn/motorola-edge-40.html,6.55 inches,OLED,"Camera góc rộng: 50MP, f/1.4, 1/1.55"", 1.0µmCamera góc siêu rộng:13MP, f/2.2, 120˚, 1.12µm, AF Camera đo độ sâu: 2MP, f/2.4","Camera góc rộng: 32MP, f/2.4, 0.7µm",Mediatek Dimensity 8020 (5 nm),Có,128 GB,2 SIM (Nano-SIM),Android 13,1080 x 2400 pixels (FullHD+),"Tần số quét 144Hz, HDR10+, 1200 nits",,8 GB,4400 mAh,,
Redmi K60 Ultra,Giá Liên Hệ,https://cellphones.com.vn/redmi-k60-ultra.html,6.7 inches,OLED,Camera góc rộng: 108 MPCamera góc siêu rộng: 8 MPCamera macro: 8 MP,32 MP,Snapdragon 8 Gen 1,Có,128 GB,,,1984 x 2272 pixels,Tần số quét 120 Hz,,8 GB,4.700 mAh,,
vivo Y200 Pro,Giá Liên Hệ,https://cellphones.com.vn/dien-thoai-vivo-y200-pro.html,6.78 inches,AMOLED,64 MPCảm biến xóa phông 2 MP,16MP,Qualcomm Snapdragon 695,Không,128 GB,,Android 14,,"Tốc độ làm mới 120Hz, 1300 nitsGam màu 105% NSTC",,8 GB,"5,000 mAh",,
Huawei Pocket S,Giá Liên Hệ,https://cellphones.com.vn/huawei-pocket-s.html,6.9 inches,OLED,"Camera góc rộng: 40MP, f/1.8, PDAF, Laser AF  Camera góc siêu rộng: 13MP, f/2.2, 120˚, AF","Camera góc siêu rộng: 10,7MP, f/2.2",Qualcomm SM7325 Snapdragon 778G 4G (6 nm),Có,128 GB,2 SIM (Nano-SIM),HarmonyOS 3.0,,"Màn hình chính: OLED có thể gập lại, 1.07 tỉ màu, Tần số quét 120Hz,  FHD+, 2790 × 1188 pixelsMàn hình phụ:  1.04 inches, 16.7 triệu màu,120 Hz","4x2,4 GHz Kryo 670 & 4x1,8 GHz Kryo 670",8 GB,4000 mAh,,
vivo y100i,Giá Liên Hệ,https://cellphones.com.vn/dien-thoai-vivo-y100i.html,6.64 inches,IPS LCD,"Camera góc rộng: 50 MP, f/1.8, PDAF Camera độ sâu: 2 MP, f/2.4","Camera góc rộng: 8 MP, f/2.0",Mediatek Dimensity 6020 (7 nm),Không,512 GB,2 SIM (Nano-SIM),Android 13,1080 x 2388 pixels,,2x2.2 GHz Cortex-A76 & 6x2.0 GHz Cortex-A55,12 GB,5000 mAh,,
realme 13+ 5G 12GB 256GB,Giá Liên Hệ,https://cellphones.com.vn/dien-thoai-realme-13-plus-5g-12gb-256gb.html,6.67 inches,OLED,50MP 882 OIS + 2MP + Flicker,"16MP, f/2.4",Dimensity 7300 Energy 5G,Có,256 GB,2 Nano-SIM,Android 14,1080 x 2400 pixels (FullHD+),"16.7 triệu màu, 2000nits, 120HzAGC DT STAR2",Lõi tám nhân 4*A78 @2.5 GHz，4*A55 @2.5 GHz,12 GB,5000 mAh,,
OPPO PHF110,Giá Liên Hệ,https://cellphones.com.vn/oppo-phf110.html,6.72 inches,IPS LCD,Camera kép 108 MP + 2 MP,16 MP,Snapdragon 695,Không,128 GB,,Android 13,,,,8 GB,"5,000 mAh",,
Vivo Y85,Giá Liên Hệ,https://cellphones.com.vn/vivo-y85.html,6.22 inches,IPS LCD,13 MP2 MP,8 MP,MediaTek MT6762 8 nhân (Helio P22),Không,32 GB,2 SIM (Nano-SIM),,720 x 1520 pixels,Kính cường lực Corning Gorilla Glass 3,4 nhân 2.0 GHz & 4 nhân 1.5 GHz,4 GB,3260 mAh,,
Vivo Y95,Giá Liên Hệ,https://cellphones.com.vn/vivo-y95.html,6.22 inches,IPS LCD,"Camera chính 13 MP,  f/2.2 & Phụ 2 MP, f/2.4","20 MP, f/2.0",Snapdragon 439 8 nhân,Không,64 GB,2 SIM (Nano-SIM),Android 8.1,720 x 1520 pixels,Mặt kính cong 2.5D,,4 GB,4030 mAh,,
Tecno Spark 10C,Giá Liên Hệ,https://cellphones.com.vn/tecno-spark-10c.html,6.6 inches,,16MP,8MP,Dimensity 9200 Plus,Không,128 GB,,,720 x 1612 (HD+),Tần số quét 90Hz,,16 GB,5000 mAh,,
Honor 90,Giá Liên Hệ,https://cellphones.com.vn/honor-90.html,6.7 inches,OLED,"Camera góc rộng: 200 MP, f/1.9, 1/1.4"", 0.56µm, PDAFCamera góc siêu rộng: 12 MP, f/2.2, 112˚ , AFCamera đo độ sâu: 2 MP, f/2.4","Camera góc siêu rộng: 50 MP, f/2.4, 100˚",Qualcomm Snapdragon 7 Gen 1,Có,256 GB,2 SIM (Nano-SIM),Android 13,,"1 tỷ màu, tần số quét 120Hz, 1600 nits",1x2.5 GHz Cortex-A710 & 3x2.36 GHz Cortex-A710 & 4x1.8 GHz Cortex-A510,12 GB,5000 mAh,,
OnePlus Nord CE 4 Lite,Giá Liên Hệ,https://cellphones.com.vn/dien-thoai-oneplus-nord-ce-4-lite.html,,,,,,Có,256 GB,2 SIM (Nano-SIM),Android 13,,,,8 GB,"5,000 mAh",,
Oneplus 12,Giá Liên Hệ,https://cellphones.com.vn/oneplus-12.html,6.7 inches,OLED,Camera chính 50 MPCamera góc siêu rộng 50 MPCamera zoom kính tiềm vọng: 64 MP,,Qualcomm Snapdragon 8 Gen 3,Có,,,,,Tốc độ làm mới 120 Hz,,,"5,000 mAh",,
Oneplus Open,Giá Liên Hệ,https://cellphones.com.vn/oneplus-open.html,6.3 inches,AMOLED,Camera chính 50 MPCamera góc siêu rộng 48 MPCamera tele 64 MP,32 MP,Snapdragon 8 Gen 2,Có,,,Android 13,,"Màn hình chính: 7.8 inch, độ phân giải 2K+Màn hình phụ:  6.3 inch, Full HD+Tốc độ làm mới 120Hz",,16 GB,"4,805mAh",,
Infinix Hot 50 Pro 8GB 256GB,Giá Liên Hệ,https://cellphones.com.vn/dien-thoai-infinix-hot-50-pro-94168.html,6.78 inches,AMOLED,Máy ảnh chính 50MP,8MP,MediaTek Helio G100,,256 GB,,Android 14,,"1,800 nits",,8 GB,"5,000 mAh",,
Motorola Edge 40 Pro,Giá Liên Hệ,https://cellphones.com.vn/motorola-edge-40-pro.html,6.67 inches,OLED,"Camera góc rộng: 50MP, f/1.8, 1/1.55"", 1.0µmCamera góc siêu rộng: 50MP, f/2.2, 114,1/2.76"", 0.64µm, AF Camera Tele: 12 MP, f/1.6,1/2.93"", 1.22µm","Camera góc rộng: 60MP, f/2.2, 1/2.8"", 0.61µm",Snapdragon 8 Gen 2 (4 nm),Có,256 GB,2 SIM (Nano-SIM),Android 13,1080 x 2400 pixels (FullHD+),"Tần số quét 165Hz, OLED, 1B colors, HDR10+, Dolby Vision",1x3.2 GHz Cortex-X3 & 2x2.8 GHz Cortex-A715 & 2x2.8 GHz Cortex-A710 & 3x2.0 GHz Cortex-A510,12 GB,4600 mAh,,
Samsung A06 5G 6GB - 128GB,Giá Liên Hệ,https://cellphones.com.vn/dien-thoai-samsung-galaxy-a06-6gb-128gb.html,,,,,,,128 GB,,,,,,6 GB,,,
Vivo Y91,Giá Liên Hệ,https://cellphones.com.vn/vivo-y91.html,6.22 inches,IPS LCD,"13MP, f/2.2 + 2MP, f/2.4","8 MP,  f/1.8",MediaTek MT6762R 8 nhân,Không,64 GB,2 SIM (Nano-SIM),Android 8.1,720 x 1520 pixels,Tốc độ làm mới 90 Hz Mặt kính cong 2.5D,4 nhân 2.0 GHz & 4 nhân 1.5 GHz,3 GB,4030 mAh,,
realme GT 5 Pro,Giá Liên Hệ,https://cellphones.com.vn/realme-gt-5-pro.html,6.74 inches,AMOLED,200 MP + 13 MP + 2 MP,32 MP,Qualcomm Snapdragon 8 Gen 3,Có,256 GB,,,1240 x 2772 pixels,Tần số quét 144 Hz,,8 GB,4.700 mAh,,
vivo IQOO Neo 8,Giá Liên Hệ,https://cellphones.com.vn/vivo-iqoo-neo-8.html,6.78 inches,AMOLED,"Camera góc rộng: 50 MP, f/1.88,  PDAF, OISMáy ảnh chiều sâu: 2 MP, f/2.4","Camera góc rộng: 16 MP, f/2.45",Snapdragon 8+ Gen 1 (4 nm),Có,256 GB,2 SIM (Nano-SIM),Android 13,,"1 tỷ màu, tần số quét 144Hz, HDR10, 1300 nits",1x3.0 GHz Cortex-X2 & 3x2.5 GHz Cortex-A710 & 4x1.80 GHz Cortex-A510,12 GB,5000 mAh,,
Vivo V29,Giá Liên Hệ,https://cellphones.com.vn/vivo-v29.html,6.7 inches,OLED,64 MP,50 MP,Snapdragon 778G Plus,Có,256 GB,,Android 13,,Tốc độ làm mới 120Hz,,12 GB,"5,000 mAh",,
Vivo X100,Giá Liên Hệ,https://cellphones.com.vn/vivo-x100.html,6.7 inches,AMOLED,50 MP + 50 MP + 50 MP,32 MP,Snapdragon 8+ Gen 1,Có,256 GB,,,,Tần số quét màn hình 144 Hz.,,12 GB,5.000 mAh,,
Xiaomi Redmi Note 12 Pro+,Giá Liên Hệ,https://cellphones.com.vn/xiaomi-redmi-note-12-pro-plus.html,6.66 inches,OLED,"Camera góc rộng: 200MP, f/1.7, 24mm, 1 / 1.4 "", 0.56µm, PDAF, OIS  Camera góc siêu rộng: 8MP, f/1.9, 119˚, 1/4"", 1.12µm  Camera Macro: 2MP, f/2.4","Camera góc rộng: 16MP, 1 / 3.06 "", 1.0µm",Mật độ MediaTek 1080 (6 nm),Có,256 GB,2 SIM (Nano-SIM),Android 12,1080 x 2400 pixels (FullHD+),"Tần số quét 120 Hz, 1B màu Dolby Vision, HDR10 +, 500 nits (typ), 900 nits (HBM)","2x2,6 GHz Cortex-A78 & 6x2,0 GHz Cortex-A55",8 GB,5.000 mAh,,
Vivo Y27s,Giá Liên Hệ,https://cellphones.com.vn/dien-thoai-vivo-y27s.html,6.64 inches,IPS LCD,"50 MP, f/1.8  2 MP,f/2.4","8 MP, f/2.0",,Không,256 GB,2 SIM (Nano-SIM),Android 13,1080 x 2388 pixels,"Tần số quét 90 Hz, 650 nits, 100% P3, 99% NTSC",4 × 2.4 GHz + 4 × 1.9 GHz,8 GB,5000 mAh,,
OPPO A56s,Giá Liên Hệ,https://cellphones.com.vn/oppo-a56s.html,6.56 inches,IPS LCD,"Camera góc rộng: 13MP, f/2.2, 26mm, 1/3.06"", 1.12µm, AF  Camera đo độ sâu: 2MP, f/2.4","Camera góc rộng: 8MP, f/2.0, 26mm",Mediatek MT6833P Dimensity 810 (6 nm),Không,128 GB,2 SIM (Nano-SIM),Android 12,720 x 1612 (HD+),"Tần số quét 90Hz, 480 nits",2x2.4 GHz Cortex-A76 & 6x2.0 GHz Cortex-A55,8 GB,5000 mAh,,
Vivo iQOO Z7x,Giá Liên Hệ,https://cellphones.com.vn/vivo-iqoo-z7x.html,6.64 inches,IPS LCD,"Camera góc rộng: 50 MP, f/1.8, PDAFCamera đo đọ sâu: 2 MP, f/2.4","Camera góc rộng: 8 MP, f/2.0",Snapdragon 695 5G (6 nm),Có,128 GB,2 SIM (Nano-SIM),Android 13,1080 x 2388 pixels,Tần số quét 120Hz,2x2.2 GHz Kryo 660 Gold & 6x1.7 GHz Kryo 660 Silver,8 GB,6000 mAh,,
Samsung Galaxy C55,Giá Liên Hệ,https://cellphones.com.vn/dien-thoai-samsung-galaxy-c55.html,6.7 inches,Super AMOLED,"Camera chính: 50 MP, f/1.8Camera góc siêu rộng; 8 MP, f/2Camera tele; 2 MP, f/2.4","50 MP,  f/2.4",Snapdragon 7 Gen 1,Có,128 GB,,,,"Tần số quét 120Hz, 1000 nits",,8 GB,5.000 mAh,,
Realme GT Neo 6,Giá Liên Hệ,https://cellphones.com.vn/dien-thoai-realme-gt-neo-6.html,,,,,,Có,128 GB,,,,,,12 GB,,,
OPPO K11,Giá Liên Hệ,https://cellphones.com.vn/oppo-k11.html,6.7 inches,AMOLED,50 MP + 8 MP + 2 MP,16 MP,Snapdragon 782G,Có,256 GB,,,,Tần số quét 120 Hz,,8 GB,4870 mAh,,
Vivo S17,Giá Liên Hệ,https://cellphones.com.vn/vivo-s17.html,6.78 inches,AMOLED,"50 MP, f/1.88  Ống kính góc siêu rộng: 8 MP, f/2.2","50 MP, f/2.0",Snapdragon 778G+,Có,256 GB,2 SIM (Nano-SIM),Android 13,,"1,07 tỷ màu, gam màu 100% DCI-P3, tần số quét 120Hz, 452PPI, 105%NTSC",2.5GHz*1+2.4GHz*3+1.8GHz*4,8 GB,4600 mAh,,
Samsung A26 5G 8GB - 256GB,Giá Liên Hệ,https://cellphones.com.vn/dien-thoai-samsung-galaxy-a26-8gb-256gb.html,,,,,,,256 GB,,,,,,8 GB,,,
OPPO A2 Pro,Giá Liên Hệ,https://cellphones.com.vn/oppo-a2-pro.html,6.7 inches,AMOLED,"Camera chính: 64 MP, ƒ/1.7, hỗ trợ lấy nét tự động AFCamera chân dung: 2 MP, ƒ/2.4","8 MP, ƒ/2.0",MediaTek Dimensity 7050,Có,256 GB,2 SIM (Nano-SIM),Android 13,2412 x 1080 pixels,"1,07 tỷ màu, hỗ trợ gam màu rộng (P3), 950 nits, tốc độ làm mới 120Hz",,8 GB,5000 mAh,,
Vivo S17,Giá Liên Hệ,https://cellphones.com.vn/vivo-s17.html,6.78 inches,AMOLED,"50 MP, f/1.88  Ống kính góc siêu rộng: 8 MP, f/2.2","50 MP, f/2.0",Snapdragon 778G+,Có,256 GB,2 SIM (Nano-SIM),Android 13,,"1,07 tỷ màu, gam màu 100% DCI-P3, tần số quét 120Hz, 452PPI, 105%NTSC",2.5GHz*1+2.4GHz*3+1.8GHz*4,8 GB,4600 mAh,,
Vivo Y97,Giá Liên Hệ,https://cellphones.com.vn/vivo-y97.html,6.3 inches,,Camera chính 16 MP & Phụ 2 MP,16 MP,MediaTek Helio P60 8 nhân,Không,128 GB,2 SIM (Nano-SIM),,1080 x 2280 pixels (FullHD+),Mặt kính cong 2.5D,,4 GB,3240 mAh,,
Vivo Y67,Giá Liên Hệ,https://cellphones.com.vn/vivo-y67.html,5.5 inches,IPS LCD,"13 MP, f/2.2, AF","Camera góc rộng: 16 MP, f/2.0, 26mm, 1/3.06"", 1.0µm",Mediatek MT6750 (28 nm),Không,32 GB,2 SIM (Nano-SIM),Android 6.0,720 x 1280 pixels,Corning Gorilla Glass 3,4x1.5 GHz Cortex-A53 & 4x1.0 GHz Cortex-A53,4 GB,3000 mAh,,
vivo S19 Pro,Giá Liên Hệ,https://cellphones.com.vn/dien-thoai-vivo-s19-pro.html,6.78 inches,OLED,"50MP với OISỐng kính góc cực rộng 8MP Máy ảnh tele 50MP hỗ trợ OIS với tiêu cự 85mm, hỗ trợ zoom kỹ thuật số 50x.",50MP,Dimensity 9200+,Có,256 GB,,Android 14,,"Độ phân giải 1.5K, tốc độ làm mới 120Hz, 4500 nits",,8 GB,5000 mAh,,
Google Pixel 4 XL,Giá Liên Hệ,https://cellphones.com.vn/google-pixel-4-xl.html,6.3 inches,OLED,"Camera góc rộng: 12,2 MP, f/1.7, 27mm, 1 / 2.55 "", 1.4µm, PDAF pixel kép, OIS  Camera tele; 16 MP, f/2.4, 50mm, 1 / 3.6"", 1.0µm, PDAF, OIS, 2x zoom quang học","Camera rộng: 8 MP, f/2.0, 22mm, 1,22µm, không AF  TOF 3D",Qualcomm SM8150 Snapdragon 855 (7 nm),Có,64 GB,Nano-SIM + eSIM,Android 10,3040 x 1440 pixels,Kính cường lực Corning Gorilla Glass 5  Màn hình luôn bật,"1x2,84 GHz Kryo 485 & 3x2,42 GHz Kryo 485 & 4x1,78 GHz Kryo 485",6 GB,3700 mAh,,
Masstel Izi 10 4G,Giá Liên Hệ,https://cellphones.com.vn/masstel-izi-10-4g.html,1.77 inches,TFT LCD,,,Unisoc UMS9117,Không,128 MB,2 SIM (Nano-SIM),,128 x 160 pixels,QQVGA,,,1000 mAh,,
Honor Magic V2,Giá Liên Hệ,https://cellphones.com.vn/honor-magic-v2.html,,OLED,Camera chính 50 MP + góc siêu rộng 50 MP + tele 20 MP,16 MP,Snapdragon 8 Gen 2,Có,256 GB,,Android 13,,"Màn hình chính: 7.92 inchMàn hình phụ rộng: 6.43 inch,  tần số quét 120 Hz.",,16 GB,5.000 mAh,,
Honor Magic V3,Giá Liên Hệ,https://cellphones.com.vn/dien-thoai-honor-magic-v3.html,"7,92 inches",AMOLED,Camera chính: 50MP Camera telephoto: 50MPCamera góc siêu rộng: 40MP,,Snapdragon 8 Elite,,512 GB,,Android 14,,"1.800 nits, tỷ lệ 20:9",,12 GB,5150mAh,,
Điện thoại Xiaomi 15T 12GB 256GB,Giá Liên Hệ,https://cellphones.com.vn/dien-thoai-xiaomi-15t-12gb-256gb.html,,,,,,,256 GB,,,,,,12 GB,,,
OPPO Reno9 Z,Giá Liên Hệ,https://cellphones.com.vn/oppo-reno9-z.html,6.5 inches,AMOLED,64 MP + 8 MP + 2 MP + 2 MP,32 MP,Snapdragon 778G,,128 GB,,,,Tần số quét 90 Hz,,8 GB,5.000 mAh,,
vivo Y200 GT,Giá Liên Hệ,https://cellphones.com.vn/dien-thoai-vivo-y200-gt.html,6.78 inches,AMOLED,Cảm biến chính 50MP Ống kính chân dung 2MP,16MP,Snapdragon 7 Gen 3,Có,128 GB,,Android 14,,Độ phân giải 1.5KTốc độ làm mới 144Hz,,8 GB,"6,000 mAh",,
POCO F6 5G,Giá Liên Hệ,https://cellphones.com.vn/dien-thoai-poco-f6-5g.html,,,,,,Có,,,,,,,,,,
Huawei Enjoy 60 Pro,Giá Liên Hệ,https://cellphones.com.vn/huawei-enjoy-60-pro.html,6.8 inches,,Cảm biến chính: 50MPCảm biến phụ: 2MP,8MP,Snadragpn 680,Không,128 GB,,,1080 x 2388 pixels,Tần số quét 90Hz,,8 GB,5000 mAh,,
Xiaomi 14 Pro 12GB 512GB,Giá Liên Hệ,https://cellphones.com.vn/xiaomi-14-pro-12gb-512gb.html,6.73 inches,LTPO AMOLED,"Camera góc rộng: 50 MP, f/1.4-f/4.0, 23mm, 1/1.31"", 1.2µm, dual pixel PDAF, Laser AF, OISCamera tele: 50 MP, f/2.0, 75mm, PDAF (10cm - ∞), OIS, 3.2x optical zoomCamera góc siêu rộng: 50 MP, f/2.2, 14mm, 115˚, AF",Camera góc rộng: 32 MP,Qualcomm Snapdragon 8 Gen 3 (4 nm),Có,512 GB,2 Nano SIM hoặc 1 Nano + 1 eSIM,Android 14,1440 x 3200 pixels (QHD+),"Tần số quét 120Hz, 68 tỷ màu , Dolby Vision, HDR10+, 3000 nits (peak)",1x3.3 GHz Cortex-X4 & 5x3.2 GHz Cortex-A720 & 2x2.3 GHz Cortex-A520,12 GB,4880 mAh,,
Samsung A36 5G 12GB - 256GB,Giá Liên Hệ,https://cellphones.com.vn/dien-thoai-samsung-galaxy-a36-12gb-256gb.html,,,,,,,256 GB,,,,,,12 GB,,,
ASUS ROG Phone 6 Mediatek,Giá Liên Hệ,https://cellphones.com.vn/asus-rog-phone-6-mediatek.html,6.78 inches,AMOLED,"Camera chính: 50 MP,  f/1.9Camera góc siêu rộng: 13 MPCamera macro: 5 MP",12 MP,MediaTek Dimensity 7000 Series,Có,256 GB,2 SIM (Nano-SIM),Android 12,1080 x 2448 pixels (FullHD+),"Corning ® Gorilla ® Glass Victus, 165Hz, Độ sáng tối đa: 1200 nits, Mật độ điểm ảnh: 395 ppi",,12 GB,6000 mAh,,
Sony Xperia X Compact,Giá Liên Hệ,https://cellphones.com.vn/sony-xperia-x-compact.html,4.6 inches,IPS LCD,"Camera góc rộng: 23 MP, f/2.0, 24mm, 1/2.3"", PDAF",5 MP,Snapdragon 650,Có,32 GB,Nano-SIM,Android 8.0,720 x 1280 pixels,Kính cường lực Oleophobic (ion cường lực),2 nhân 1.8 GHz & 4 nhân 1.44 GHz,3 GB,2700 mAh,,
Nokia C12,Giá Liên Hệ,https://cellphones.com.vn/nokia-c12.html,6.3 inches,IPS LCD,8 MP,5 MP,Unisoc 9863A1,Không,64 GB,2 SIM (Nano-SIM),Android 12,720 x 1600 pixel,Độ sáng 480 nits  Kính cường lực Corning Gorilla Glass 3,2x2.2 GHz Cortex-A76 & 6x2.0 GHz Cortex-A55,2 GB,3000mAh,,
Samsung Galaxy A06 4GB 64GB,Giá Liên Hệ,https://cellphones.com.vn/dien-thoai-samsung-galaxy-a06-64gb.html,6.7 inches,PLS LCD,Chính 50 MP & Phụ 2 MP,8 MP,MediaTek Helio G85 8 nhân,Không,64 GB,2 Nano-SIM,Android 14,720 x 1600 pixel,Tần số quét 60 HzĐộ sáng tối đa: 576 nits,2 nhân 2.0 GHz & 6 nhân 1.8 GHz,4 GB,5000 mAh,,
Huawei Enjoy 60 Pro,Giá Liên Hệ,https://cellphones.com.vn/huawei-enjoy-60-pro.html,6.8 inches,,Cảm biến chính: 50MPCảm biến phụ: 2MP,8MP,Snadragpn 680,Không,128 GB,,,1080 x 2388 pixels,Tần số quét 90Hz,,8 GB,5000 mAh,,
OnePlus V Fold,Giá Liên Hệ,https://cellphones.com.vn/oneplus-v-fold.html,,LTPO AMOLED,"Camera góc rộng: 48 MP, PDAF, OISCamera chụp xa: 64 MP, optical zoom, PDAFCamera góc siêu rộng: 48 MP, f/2.2, 14mm, 115˚, 1/2"", 0.8µm, AF","Camera góc rộng: 20 MP32 MP, f/2.4, 22mm, 1/3.14""",Snapdragon 8 Gen 2 (4 nm),Có,256 GB,2 SIM (Nano-SIM),Android 13,1.792 x 1.920 pixels,"Màn hình chính: 7.8 inches, tần số quét 120Hz, HDR10+Màn hình phụ: 6.3 inches, AMOLED",1x3.2 GHz Cortex-X3 & 2x2.8 GHz Cortex-A715 & 2x2.8 GHz Cortex-A710 & 3x2.0 GHz Cortex-A510,16 GB,4800 mAh,,
Masstel Play 50,Giá Liên Hệ,https://cellphones.com.vn/masstel-play-50.html,2.4 inches,TFT LCD,0.08 MP,,,,,,,,,,,3000 mAh,,
TECNO Spark 50 Pro 4GB 128GB,Giá Liên Hệ,https://cellphones.com.vn/dien-thoai-tecno-spark-50-pro.html,,,,,,,128 GB,,,,,,4 GB,,,
Xiaomi Redmi Note 14 Pro 8GB 256GB,Giá Liên Hệ,https://cellphones.com.vn/dien-thoai-xiaomi-redmi-note-14-pro-8gb-256gb.html,,,,,,,256 GB,,,,,,8 GB,,,
Xiaomi Redmi Note 14 Pro 12GB 512GB,Giá Liên Hệ,https://cellphones.com.vn/dien-thoai-xiaomi-redmi-note-14-pro-12gb-512gb.html,,,,,,,512 GB,,,,,,12 GB,,,
Blackview A95,Giá Liên Hệ,https://cellphones.com.vn/blackview-a95.html,6.5 inches,IPS LCD,20 MP,8 MP,MediaTek Helio P70,Không,128 GB,,,,Tần số quét 60 Hz,,8 GB,,,
OPPO Reno12 F 5G 12GB-256GB,Giá Liên Hệ,https://cellphones.com.vn/dien-thoai-oppo-reno12-f-12gb-256gb.html,6.7 inches,OLED,50MP + OIS  Camera góc rộng: 8MP Camera xóa phông: 2MP,32MP,Dimensity 6300 6nm,Có,256 GB,,Android 14,,Tần số quét 120Hz,,12 GB,5000 mAh,,
Doogee V30 Pro,Giá Liên Hệ,https://cellphones.com.vn/doogee-v30-pro.html,6.58 inches,IPS LCD,"Camera góc rộng: 200 MP, PDAFCamera nhìn đêm: 24 MP, f/1.8, 2 đèn hồng ngoại nhìn đêmCamera góc siêu rộng: 16 MP","Camera góc rộng: 32 MP, f/1.8, 1/2.8"", 0.8µm",Mediatek MT6877V Dimensity 7050 (6 nm),Có,512 GB,2 SIM (Nano-SIM),Android 13,1080 x 2408 pixels,"Tần số quét 120Hz, 16,7 triệu màu, 401 PPICorning Gorilla Glass",2x2.6 GHz Cortex-A78 & 6x2.0 GHz Cortex-A55,12 GB,10800 mAh,,
realme 12 Pro plus,Giá Liên Hệ,https://cellphones.com.vn/dien-thoai-realme-12-pro-plus.html,6.7 inches,LTPO AMOLED,108 MP + 16 MP + 8 MP,32 MP,Snapdragon 8+ Gen 1,Có,128 GB,,,,Tần số quét 120 Hz,,8 GB,5.000 mAh,,
realme GT 5,Giá Liên Hệ,https://cellphones.com.vn/realme-gt-5.html,6.74 inches,AMOLED,"Camera góc rộng: 50 MP, f/1.9, 24mm, 1/1.56"", 1.0µm, PDAF, OISCamera góc siêu rộng: 8 MP, f/2.2, 16mm, 112˚, 1/4.0"", 1.12µmCamera macro: 2 MP, f/2.4","Camera góc rộng: 16 MP, f/2.5, 25mm, 1/3.09"", 1.0µm",Qualcomm SM8550-AB Snapdragon 8 Gen 2 (4 nm),Có,1 TB,2 SIM (Nano-SIM),Android 13,1240 x 2772 pixels,"1 tỷ màu, tần số quét 144Hz, HDR10+, 1400 nits",1x3.2 GHz Cortex-X3 & 2x2.8 GHz Cortex-A715 & 2x2.8 GHz Cortex-A710 & 3x2.0 GHz Cortex-A510,,4600 mAh,,
vivo T3x,Giá Liên Hệ,https://cellphones.com.vn/dien-thoai-vivo-t3x.html,6.72 inches,LCD,"50MP, f/1.82MP",8MP,Snapdragon 6 Gen 1,Không,256 GB,,Android 14,,"Tần số quét 120Hz, 1,000 nits",,8 GB,"6,000 mAh",,
vivo Y200i,Giá Liên Hệ,https://cellphones.com.vn/dien-thoai-vivo-y200i.html,6.72 inches,LCD,Cảm biến chính 50MP Ống kính chân dung 2MP,8MP,Snapdragon 4 Gen 2,Không,512 GB,,Android 14,,"Tần số quét 120Hz, 1,800 nits",,12 GB,"6,000 mAh",,
Honor X50i,Giá Liên Hệ,https://cellphones.com.vn/honor-x50i.html,6.7 inches,IPS LCD,Camera kép 108 MP + 2 MP cùng đèn flash LED.,8 MP,Dimensity 6020,,128 GB,,Android 12,1080 x 2388 pixels,Tần số quét 90 Hz,,8 GB,4.500 mAh,,
Honor X5 Plus,Giá Liên Hệ,https://cellphones.com.vn/honor-x5-plus.html,6.56 inches,TFT LCD,"Camera chính: 50 MP, f/1.8  Camera đo độ sâu: f/2.4","5 MP, f/2.2",MediaTek Helio G36,Có,64 GB,2 SIM (Nano-SIM),Android 13,720 x 1612 (HD+),Tần số quét 90Hz16.7 triệu màu,4*Cortex-A53 up to 2.2Ghz+4*Cortex-A53 up to 1.6Ghz,4 GB,5200 mAh,,
OnePlus Ace 3 Pro,Giá Liên Hệ,https://cellphones.com.vn/dien-thoai-oneplus-ace-3-pro.html,,,,,,Có,,,,,,,,,,
Masstel Tab 10.4,Giá Liên Hệ,https://cellphones.com.vn/masstel-tab-10-4.html,10.4 inches,IPS LCD,13 MP,5 MP,Unisoc T610 8 nhân,Không,64 GB,2 SIM (Nano-SIM),Android 11,1200 x 2000 pixels,QVGA,1.8 GHz,4 GB,6000 mAh,,
Infinix Zero 5G,Giá Liên Hệ,https://cellphones.com.vn/infinix-zero-5g.html,6.78 inches,IPS LCD,Camera chính: 50MP Camera đo độ sâu: 2M Camera micro: 2M,16 MP,MediaTek Dimensity 1080 5G,Không,256 GB,2 SIM (Nano-SIM),Android 12,1080x2460 pixels,"Tần số quét 120Hz, 500 nits",,8 GB,5000 mAh,,
Xiaomii 14 Lite 12GB 512GB,Giá Liên Hệ,https://cellphones.com.vn/xiaomi-14-lite-12gb-512gb.html,6.67 inches,AMOLED,64 MP + 50 MP + 8 MP + 2 MP,32 MP,Qualcomm Snapdragon 888,Có,512 GB,,Android 14,,Tần số quét 144 Hz,,12 GB,4.600 mAh,,
TCL 50SE,Giá Liên Hệ,https://cellphones.com.vn/dien-thoai-tcl-50se.html,6.78 inches,,"Camera chính: 50MP, f/1.8, PDAFCamera độ sâu: 2MP, 1.75μm, FF","8MP, 1.12μm, FF",Mediatek Helio G88 (12nm),Có,256 GB,2 SIM (Nano-SIM),Android 14,1080x2460 pixels,"396PPI, Độ tương phản 1500: 1, Gam màu NTSC 96%, 450 nits, Hạn chế ánh sáng xanh Tần số quét 90Hz",2xA75@ 2.0GHz+6xA55@ 1.8 GHz Octa-core,6GB + Mở rộng 6GB,5010 mAh,,
TCL 50SE,Giá Liên Hệ,https://cellphones.com.vn/dien-thoai-tcl-50se.html,6.78 inches,,"Camera chính: 50MP, f/1.8, PDAFCamera độ sâu: 2MP, 1.75μm, FF","8MP, 1.12μm, FF",Mediatek Helio G88 (12nm),Có,256 GB,2 SIM (Nano-SIM),Android 14,1080x2460 pixels,"396PPI, Độ tương phản 1500: 1, Gam màu NTSC 96%, 450 nits, Hạn chế ánh sáng xanh Tần số quét 90Hz",2xA75@ 2.0GHz+6xA55@ 1.8 GHz Octa-core,6GB + Mở rộng 6GB,5010 mAh,,
Xiaomi Redmi A4,Giá Liên Hệ,https://cellphones.com.vn/dien-thoai-xiaomi-redmi-a4.html,6.71 inches,,,5MP,,,128 GB,2 SIM (Nano-SIM),,1650x720 pixels,,,4 GB,5000mAh,,
Samsung Galaxy F54 5G,Giá Liên Hệ,https://cellphones.com.vn/samsung-galaxy-f54-5g.html,6.7 inches,AMOLED,"Camera góc rộng:108 MP, f/1.8, PDAF, OISCamera góc siêu rộng; 8 MP, f/2.2, 1/4"", 1.12µmCamera macro: 2 MP, f/2.4","Camera góc rộng: 32 MP, f/2.2, 26mm, 1/2.8"", 0.8µm",Exynos 1380 (5 nm),Có,128 GB,2 SIM (Nano-SIM),Android 13,1080 x 2400 pixels (FullHD+),"Tần số quét 120Hz, kính cường lực Gorilla Glass 5",4x2.4 GHz Cortex-A78 & 4x2.0 GHz Cortex-A55,8 GB,6000 mAh,,
Nokia Hero 5G,Giá Liên Hệ,https://cellphones.com.vn/nokia-hero-5g.html,6.8 inches,Super AMOLED,200MP / 64MP / 32MP / 16MP,48MP,Qualcomm Snapdragon 898-equipped,,256 GB,2 SIM (Nano-SIM),Android 13,3200 x 1440 pixel,,,12 GB,8000 mAh,,
Xiaomi Redmi Note 13 8GB 128GB,Giá Liên Hệ,https://cellphones.com.vn/xiaomi-redmi-note-13-8gb.html,6.67 inches,OLED,108 MP + 2 MP,16 MP,Dimensity 6080,Không,128 GB,,,1080 x 2400 pixels (FullHD+),,8 nhân gồm 2x2.4 GHz và 6x2.0 GHz,8 GB,5.000 mAh,,
Huawei P50 Pocket S,Giá Liên Hệ,https://cellphones.com.vn/huawei-p50-pocket-s.html,,,,,Snapdragon 778G,Có,256 GB,,Harmony OS,,Tần số quét 120 Hz,,,,,
Infinix Note 40 5G,Giá Liên Hệ,https://cellphones.com.vn/dien-thoai-infinix-note-40-5g.html,6.78 inches,AMOLED,Camera chính 108MP hỗ trợ OISCamera độ sâu 2MP Ống kính macro 2MP,32MP,MediaTek Dimensity 7020,Có,512 GB,,XOS 14,,"1,300 nits và tốc độ làm mới 120Hz",,12 GB,5000 mAh,,
Xiaomi CIVI 3,Giá Liên Hệ,https://cellphones.com.vn/xiaomi-civi-3.html,6.55 inches,AMOLED,"Camera góc rộng: 50 MP, f/1.77, 1/1.49"", 1.0µm, PDAF, OIS Camera góc siêu rộng: 8 MP, f/2.2, 115˚, 1.12µm  Camera macro: 2 MP, f/2.4","Camera góc rộng: 32MP, f/2.0, 1/2.8"", 0.8µm, AF  Camera góc siêu rộng: 32 MP, 100˚, 1/2.8"", 0.8µm",Mediatek Dimensity 8200 (4 nm),Có,256 GB,2 SIM (Nano-SIM),Android 13,1080 x 2400 pixels (FullHD+),"Tần số quét 120 Hz  68tỷ màu, Dolby Vision, HDR10+, 1000 nits  Corning Gorilla Glass 5",1x3.1 GHz Cortex-A78 & 3x3.0 GHz Cortex-A78 & 4x2.0 GHz Cortex-A55,12 GB,4500 mAh,,
Vivo S17e,Giá Liên Hệ,https://cellphones.com.vn/vivo-s17e.html,6.78 inches,AMOLED,"Camera góc rộng: 64 MP, f/1.79, PDAF, OIS Camera chiều sâu: 2 MP, f/2.4","Camera góc rộng: 16 MP, f/2.45",Mediatek Dimensity 7200 (4 nm),Có,128 GB,2 SIM (Nano-SIM),Android 13,1080 x 2400 pixels (FullHD+),"1 tỷ màu, tần số quét 120Hz, HDR10, 1300 nits",2x2.8 GHz Cortex-A715 & 6x Cortex-A510,8 GB,4600 mAh,,
Vivo iQOO 11s,Giá Liên Hệ,https://cellphones.com.vn/vivo-iqoo-11s.html,6.78 inches,AMOLED,,,Dimensity 9300,Có,256 GB,,,1440 x 3200 pixels (QHD+),,,8 GB,,,
Leitz Phone 2,Giá Liên Hệ,https://cellphones.com.vn/leitz-phone-2.html,6.6 inches,OLED,"47.2MP, f/1.9","12.6MP, f/2.3",Snapdragon®2  8 Gen 1,Có,512 GB,,Android 12,,Tốc độ làm mới 240Hz,2.9 GHz + 1.7G Hz,12 GB,"5,000 mAh",,
Doogee S100 Pro,Giá Liên Hệ,https://cellphones.com.vn/doogee-s100-pro.html,6.58 inches,IPS LCD,"Camera góc rộng: 108 MP, f/1.8, 1/1.52"", 0.7µm, PDAF, OISCamera nhìn đêm: 20 MP, f/1.8, 2 đèn hồng ngoại nhìn đêmCamera góc siêu rộng: 16 MP, f/2.2, 130˚, AF","Camera góc rộng: 32 MP, f/1.8, 1/2.8"", 0.8µm",Helio G99 Octa Core 2.2GHz 6nm,Có,256 GB,2 SIM (Nano-SIM),Android 12.0,1080 x 2408 pixels,"Tần số quét 120Hz, 16,7 triệu màu, 401 PPICorning Gorilla Glass",2 x Cortex A78 2.2GHz + 6 x Cortex A55 2.0GHz,12 GB,22000 mAh,,
realme C67 8GB 256GB,Giá Liên Hệ,https://cellphones.com.vn/dien-thoai-realme-c67-8gb-256gb.html,6.72 inches,IPS LCD,"Camera AI: 108MP, f/1.82MP, f/2.4","8 MP, f/2.05",Snapdragon 685 8 nhân,Không,256 GB,2 SIM (Nano-SIM),Android 14,1080 x 2400 pixels (FullHD+),Tần số quét 90 Hz950 nitsMặt kính cảm ứng:	Kính cường lực Panda,,8 GB,5000 mAh,,
OPPO A98 5G,Giá Liên Hệ,https://cellphones.com.vn/oppo-a98-5g-63072.html,6.6 inches,AMOLED,48 MP + 2 MP,16 MP,Snapdragon 778G,,128 GB,,Android 13,,Tần số quét 120 Hz,,8 GB,"5,000 mAh",,
Xiaomi Redmi Note 13s,Giá Liên Hệ,https://cellphones.com.vn/dien-thoai-xiaomi-redmi-note-13s.html,6.6 inches,Super AMOLED,50 MP + 8 MP,13 MP,MediaTek Dimensity 1200,,128 GB,,,,Tần số quét 120 Hz,,6 GB,5.000 mAh,,
TECNO Spark Go 3,Giá Liên Hệ,https://cellphones.com.vn/dien-thoai-tecno-spark-go-3-4gb-128gb.html,6.75 inches,,13 MP + đèn flash kép,8 MP,Unisoc T7250,,128 GB,,Android 15,720 x 1600 pixel,Tốc độ quét 120 Hz,,4 GB,5000 mAh,,
Honor 200,Giá Liên Hệ,https://cellphones.com.vn/dien-thoai-honor-200.html,6.7 inches,OLED,"Cảm biến IMX906 kích thước 1/1.56 inch với khẩu độ f/1.95 và cũng hỗ trợ OISCamera telephoto 50MP với khả năng zoom quang học 2.5x, khẩu độ f/2.4 và hỗ trợ OISỐng kính siêu rộng 12MP",50MP,Snapdragon 7 Gen 3,Có,256 GB,2 Nano-SIM,Android 14,,Tần số quét 120Hz,,12 GB,5200 mAh,,
Honor Play 30,Giá Liên Hệ,https://cellphones.com.vn/honor-play-30.html,6.5 inches,TFT LCD,"Camera góc rộng: 13 MP, f/1.8; AF","Camera góc rộng: 5 MP, f/2.2",Qualcomm SM4350-AC Snapdragon 480+ 5G (8 nm),Không,128 GB,2 SIM (Nano-SIM),"Android 11, Magic UI 5.0",720 x 1600 pixel,Màn hình Aluminosilicate glass  Tần số quét 90 Hz,Octa-core (2x2.2 GHz Kryo 460 & 6x1.9 GHz Kryo 460),4 GB,Li-Po 5000 mAh (không thể tháo rời),,
TECNO CAMON 20 Pro 5G,Giá Liên Hệ,https://cellphones.com.vn/tecno-camon-20-pro-5g.html,6.67 inches,AMOLED,"Camera góc rộng: 64 MP, f/1.7, 1/1.7"", 0.8µm, PDAF, OISMáy ảnh đo chiều sâu: 2 MP, f/2.4Camera macro: 2 MP, f/2.4","Camera góc rộng: 32 MP, f/2.5, 24mm, 1/2.8"", 0.8µm",Mediatek Dimensity 8050 (6 nm),Có,256 GB,2 SIM (Nano-SIM),Android 13,1080 x 2400 pixels (FullHD+),Tần số quét 120Hz,1x3.0 GHz Cortex-A78 & 3x2.6 GHz Cortex-A78 & 4x2.0 GHz Cortex-A55,8 GB,5000 mAh,,
Infinix Hot 40,Giá Liên Hệ,https://cellphones.com.vn/dien-thoai-infinix-hot-40.html,6.78 inches,IPS LCD,"Camera góc rộng: 50 MP, f/1.6, AFCamera macro: 2 MP, f/2.4Camera phụ: 0.08 MP","Camera góc rộng: 32 MP, f/2.2",Mediatek MT6769H Helio G88 (12nm),Không,128 GB,2 SIM (Nano-SIM),Android 13,1080x2460 pixels,"Tần số quét 90Hz, 500 nits",2x2.0 GHz Cortex-A75 & 6x1.8 GHz Cortex-A55,8 GB,5000 mAh,,
Infinix Zero 30,Giá Liên Hệ,https://cellphones.com.vn/infinix-zero-30.html,6.78 inches,AMOLED,"Camera góc rộng: 108 MP, f/1.7, 1/1.67"", PDAF, OISCamera góc siêu rộng: 13 MP, f/2.2, 120˚2 MP, f/2.4","Camera góc rộng: 50 MP, f/2.5, 1/2.76"", PDAF",Mediatek Dimensity 8020 (6 nm),Có,256 GB,2 SIM (Nano-SIM),Android 13,1080 x 2400 pixels (FullHD+),"Tần số quét 144Hz, 1 tỷ màu, 950 nitsCorning Gorilla Glass 5",4x2.6 GHz Cortex-A78 & 4x2.0 GHz Cortex-A55,8 GB,5000mAh,,
Motorola Moto G13,Giá Liên Hệ,https://cellphones.com.vn/motorola-moto-g13.html,6.5 inches,IPS LCD,"Camera góc rộng: 50MP, f/1.8, 0.64µm, PDAF  Camera đo độ sâu: 2 MP, f/2.4  Camera macro: 2MP, f/2.4","Camera góc rộng: 8MP, f/2.0, 1/4"", 1.12µm",Mediatek MT6769Z Helio G85 (12nm),Có,64 GB,2 SIM (nano‑SIM và eSIM),Android 13,720 x 1600 pixel,"Tần số quét 90Hz, 400 nits",2x2.0 GHz Cortex-A75 & 6x1.8 GHz Cortex-A55,4 GB,5000 mAh,,
Samsung Galaxy A34 5G 8GB 256GB,Giá Liên Hệ,https://cellphones.com.vn/samsung-galaxy-a34-8gb-256gb.html,6.6 inches,AMOLED,"Camera góc rộng: 48MP, f/1.8, 26mm , 1/2.0"", 0.8µm, PDAF, OIS  Camera góc siêu rộng: 8MP, f/2.2, 123, 1/4.0"", 1.12µm  Camera macro: 5MP, f/2.4","Camera góc rộng: 13MP, f/2.2, 1/3.1"", 1.12µm",Dimensity 1080 (5 nm),Có,256 GB,2 SIM (Nano-SIM),Android 13,1080 x 2400 pixels (FullHD+),Tần số quét 120Hz  Corning Gorilla Glass 5,2x2.6 GHz Cortex-A78 & 6x2.0 GHz Cortex-A55,8 GB,5.000 mAh,,
Samsung Galaxy A35 5G 8GB-256GB,Giá Liên Hệ,https://cellphones.com.vn/dien-thoai-samsung-galaxy-a35-5g-8gb-256gb.html,6.6 inches,Super AMOLED,"Camera chính rộng:  50 MP OIS+HDR   Camera Macro: 5MP, f/2.4  Camera siêu rộng: 8MP, f/2.2","13MP, f/2.2",Exynos 1380,Có,256 GB,2 SIM (Nano-SIM),Android 14,1080 x 2340 pixels (FullHD+),"Tốc độ làm mới 120Hz  1000 nits, Gorilla Glass 7",4 nhân 2.4 GHz & 4 nhân 2.0 GHz,8 GB,5000 mAh,,
Vivo X Fold 3,Giá Liên Hệ,https://cellphones.com.vn/vivo-x-fold-3.html,,LTPO AMOLED,50 MP + 12 MP + 12 MP,Camera bên ngoài: 16 MP Camera bên trong: 16 MP,Snapdragon 8 Gen 3,Có,256 GB,,Android 14,,"Màn hình trong: Kích thước 8.13 inch, độ phân giải 2K+, tần số quét 120 Hz, tấm nền LTPO4 AMOLED Kích thước 6.58 inch, độ phân giải 2K+, tần số quét 120 Hz, tấm nền AMOLED, tỉ lệ 21:9",,16 GB,4.900 mAh,,
TCL 505,Giá Liên Hệ,https://cellphones.com.vn/dien-thoai-tcl-505.html,6.75 inches,,"Camera chính: 50MP, f/1.8, PDAFCamera độ sâu: 2MP, f/2.4, FF, 1.75μm","5MP, f/2.2, 1.12μm, FF",Mediatek Helio G88 (12nm),Có,128 GB,2 SIM (Nano-SIM),Android 14,1600 x 720 pixels (HD+),"260PPI, Độ tương phản 1500: 1, Gam màu NTSC 70%, 400 nits, Hạn chế ánh sáng xanh 90Hz",4xA53@ 2.2GHz+4xA53@ 1.6GHz,4GB + Mở rộng 4GB,5010 mAh,,
Vivo Y81,Giá Liên Hệ,https://cellphones.com.vn/vivo-y81.html,6.0 inches,IPS LCD,13 MP,5 MP,MT6762 Octa Core (Helio P22),Không,32 GB,2 SIM (Nano-SIM),,720 x 1520 pixels,Mặt kính cong 2.5D,,3 GB,3260 mAh,,
Lenovo ThinkPhone,Giá Liên Hệ,https://cellphones.com.vn/lenovo-thinkphone.html,6.6 inches,OLED,"Camera chính: 50 MP,  f/1.8, chống rung OIS  Camera góc rộng: 13 MP, f/2.2",32 MP,Snapdragon 8+ Gen 1,Có,128 GB,,Android 13,1080 x 2400 pixels (FullHD+),"Tần số quét 120 Hz, hỗ trợ HDR10+  kính Gorilla Glass Victus",,8 GB,5.000 mAh,,
Samsung Galaxy A14 4G 6GB 128GB,Giá Liên Hệ,https://cellphones.com.vn/samsung-galaxy-a14-4g-6gb-128gb.html,6.6 inches,IPS LCD,50MP  Camera macro: 2MP,13MP,MediaTek Helio G80,Có,128 GB,,Android 13,2408 x 1080 pixels,Tốc độ làm mới 60Hz và độ sáng tối đa 480 nits,,6 GB,"5,000mAh",,
realme 10T,Giá Liên Hệ,https://cellphones.com.vn/realme-10t.html,6.6 inches,IPS LCD,"Camera góc rộng: 50 MP, f/1.8, 1/2.76"", 0.64µm, PDAF  Camera macro: 2MP, f/2.4  Camera Tele: f/2.8, 46mm","Camera góc rộng: 8 MP, f/2.0, 27mm",Mediatek MT6833P Dimensity 810 (6 nm),Không,128 GB,2 SIM (Nano-SIM),Android 13,1080 x 2408 pixels,Tần số quét 90Hz,2x2.4 GHz Cortex-A76 & 6x2.0 GHz Cortex-A55,8 GB,"5,000 mAh",,
Xiaomi 14 Pro 12GB 256GB,Giá Liên Hệ,https://cellphones.com.vn/xiaomi-14-pro-12gb-256gb.html,6.73 inches,LTPO AMOLED,"Camera góc rộng: 50 MP, f/1.4-f/4.0, 23mm, 1/1.31"", 1.2µm, dual pixel PDAF, Laser AF, OISCamera tele: 50 MP, f/2.0, 75mm, PDAF (10cm - ∞), OIS, 3.2x optical zoomCamera góc siêu rộng: 50 MP, f/2.2, 14mm, 115˚, AF",Camera góc rộng: 32 MP,Qualcomm Snapdragon 8 Gen 3 (4 nm),Có,256 GB,2 Nano SIM hoặc 1 Nano + 1 eSIM,Android 14,1440 x 3200 pixels (QHD+),"Tần số quét 120Hz, 68 tỷ màu , Dolby Vision, HDR10+, 3000 nits (peak)",1x3.3 GHz Cortex-X4 & 5x3.2 GHz Cortex-A720 & 2x2.3 GHz Cortex-A520,12 GB,4880 mAh,,
Google Pixel 2 XL,Giá Liên Hệ,https://cellphones.com.vn/google-pixel-2-xl.html,6.0 inches,OLED,"Camera góc rộng: 12,2MP, f/1.8, 27mm, 1 / 2.55"", 1.4µm, PDAF pixel kép, Laser AF, OIS","Camera góc rộng: 8MP, f/2.4, 25mm, 1 / 3.2 "", 1.4µm",Qualcomm MSM8998 Snapdragon 835 (10 nm),Có,64 GB,Nano-SIM + eSIM,Android 8.0,1440 x 2880 pixels,Kính cường lực Corning Gorilla Glass 5  Màn hình luôn bật,"4x2,35 GHz Kryo & 4x1,9 GHz Kryo",4 GB,3520 mAh,,
Honor 70 Lite,Giá Liên Hệ,https://cellphones.com.vn/honor-70-lite.html,6.5 inches,TFT LCD,"Camera chính: 50 MP, f/1.8  Camera đo độ sâu: 2MP, f/2.4  Camera macro: 2MP, f/2.4","8 MP, f/2.0",Qualcomm Snapdragon 480 Plus,Có,128 GB,2 SIM (Nano-SIM),Android 12,1600 x 720 pixels (HD+),"Tốc độ làm mới 60Hz 16.7 tỷ màu, Tỷ lệ khung hình 20:9",2*A76*2.2GHz+6*A55*1.9GHz,4 GB,5000 mAh,,
Honor X50i+,Giá Liên Hệ,https://cellphones.com.vn/honor-x50i-plus.html,6.7 inches,,Camera kép 108MP + 2MP,8MP,,Không,128 GB,,,1080 x 2412 pixels,,2.4 GHz,6 GB,"4,500 mAh",,
Honor 90 Lite,Giá Liên Hệ,https://cellphones.com.vn/honor-90-lite.html,6.7 inches,,"Camera chính: 100MP, f/1.9 Camera macro: 2 MP, f/2.4 Camera góc rộng: 5MP, f/2.2 Camera đo độ sâu: 5MP, f/2.2","16 MP, f/2.45",MediaTek Dimensity 6020,Có,256 GB,2 SIM (Nano-SIM),Android 13,1080 x 2388 pixels,16.7 triệu màu,2xA76 2.2GHz + 6xA55 2.0Ghz,8 GB,4500mAh,,
Masstel Izi 50 4G,Giá Liên Hệ,https://cellphones.com.vn/masstel-izi-50-4g.html,2.4 inches,TFT LCD,0.08 MP,,Unisoc UMS9117,Không,128 MB,2 SIM (Nano-SIM),,240 x 320 pixels,QVGA,,,1700 mAh,,
Infinix Hot 20 Play,Giá Liên Hệ,https://cellphones.com.vn/infinix-hot-20-play.html,6.82 inches,TFT LCD,"13MP,  f/1.8",8MP,Mediatek MT6765 Helio G37,Không,128 GB,2 SIM (Nano-SIM),Android™ 12,720 x 1640 pixels,Tần số quét 90Hz,,4GB + Mở rộng 3GB,6000 mAh,,
masstel x6,Giá Liên Hệ,https://cellphones.com.vn/masstel-x6.html,5.45 inches,,8MP + 0.3MP,5MP,MediaTek MTK6580A,Không,16 GB,,Android Go,,Mặt kính 2.5D,,1 GB,2.200 mAh,,
Motorola Moto G22,Giá Liên Hệ,https://cellphones.com.vn/motorola-moto-g22.html,6.5 inches,IPS LCD,"Camera góc rộng: 50MP, f/1.8, 0.64µm, PDAF  Camera góc siêu rộng: 8MP, f/2.2, 118˚, 1/4.0"", 1.12µm  Camera macro: 2 MP, f/2.4 Camera đo độ sâu: 2MP, f/2.4","Camera góc rộng: 16MP, f/2.5, 1.0µm",Mediatek MT6765V/CB Helio G37 (12 nm),Có,64 GB,2 SIM (Nano-SIM),Android 13,720 x 1600 pixel,Tần số quét 90Hz,4x2.3 GHz Cortex-A53 & 4x1.8 GHz Cortex-A53,4 GB,5000 mAh,,
Vivo iQOO Z7,Giá Liên Hệ,https://cellphones.com.vn/vivo-iqoo-z7.html,6.38 inches,AMOLED,"Camera góc rộng: 64 MP, 1/1.97"", 0.7µm, PDAF, OISCamera đo độ sâu: 2 MP, f/2.4","Camera góc rộng: 16 MP, f/2.0",Mediatek Dimensity 920 (6 nm),Không,128 GB,2 SIM (Nano-SIM),Android 13,1080 x 2400 pixels (FullHD+),"Tần số quét 90Hz, HDR10+, 1300 nits",2x2.5 GHz Cortex-A78 & 6x2.0 GHz Cortex-A55,6 GB,4500 mAh,,
Xiaomi 15 5G 12GB 256GB,Giá Liên Hệ,https://cellphones.com.vn/dien-thoai-xiaomi-15-5g-12gb-256gb.html,6.36 inches,LTPO OLED,,,Snapdragon 8 Extreme Edition,,256 GB,,,,120Hz,,12 GB,5240 mAh,,
vivo Y78+,Giá Liên Hệ,https://cellphones.com.vn/vivo-y78-plus.html,,,,,,Có,128 GB,,,,,,4 GB,4.900 mAh,,
Vivo Y22T,Giá Liên Hệ,https://cellphones.com.vn/vivo-y22t.html,6.55 inches,IPS LCD,50MP + 2MP,8 MP,MediaTek Helio G85,,64 GB,,Android 11,,Tốc độ làm mới 90 Hz,,4 GB,5000 mAh,,
OPPO F27 Pro Plus,Giá Liên Hệ,https://cellphones.com.vn/dien-thoai-oppo-f27-pro-plus.html,,,,,,Có,256 GB,,,,,,12 GB,,,
vivo y78,Giá Liên Hệ,https://cellphones.com.vn/vivo-y78.html,6.67 inches,IPS LCD,"Camera góc rộng: 50MP, f/1.8, PDAFCamera đo độ sâu: 2 MP, f/2.4","Camera góc rộng: 8 MP, f/2.0",Mediatek Dimensity 7020 (6 nm),Có,128 GB,2 SIM (Nano-SIM),Android 13,1080 x 2388 pixels,"Tần số quét 120Hz, HDR10",2x2.2 GHz & 6x2.0 GHz,8 GB,5000 mAh,,
Doogee V30T,Giá Liên Hệ,https://cellphones.com.vn/doogee-v30t.html,6.58 inches,IPS LCD,"Camera góc rộng: 108 MP, f/1.8, 1/1.52"", 0.7µm, PDAF, OISCamera nhìn đêm: 20 MP, f/1.8, 2 đèn hồng ngoại nhìn đêmCamera góc siêu rộng: 16 MP, f/2.2, 130˚, AF","Camera góc rộng: 32 MP, f/1.8, 1/2.8"", 0.8µm",Mediatek Dimensity 1080,Có,256 GB,2 SIM (Nano-SIM),Android 12.0,1080 x 2408 pixels,"Tần số quét 120Hz, 16,7 triệu màu, 401 PPICorning Gorilla Glass",2 x Cortex A78 2.6GHz + 6 x Cortex A55 2.0GHz,12 GB,10800 mAh,,
HONOR 600 5G 12GB 256GB,Giá Liên Hệ,https://cellphones.com.vn/dien-thoai-honor-600-12gb-256gb.html,6.57 inches,,,,,,256 GB,,,,,,12 GB,9000mAh,,
Tecno Spark 30 5G 6GB-128GB,Giá Liên Hệ,https://cellphones.com.vn/dien-thoai-tecno-spark-30.html,,,,,,,128 GB,,,,,,6 GB,,,
TECNO CAMON 20 Premier,Giá Liên Hệ,https://cellphones.com.vn/tecno-camon-20-premier.html,6.0 inches,AMOLED,camera góc rộng: 108MP  Camera góc siêu rộng 13MP,,Dimensity 1200,Có,512 GB,,Android 13,,Tần số quét 120 Hz,,8 GB,,,
Honor Magic V,Giá Liên Hệ,https://cellphones.com.vn/honor-magic-v.html,7.9 inches,OLED,"Camera chính: 50MP, f/1.9, 23mm, PDAF, Laser AF Camera góc rộng: 50 MP, f/2.0, 20mm, PDAF  Camera góc siêu rộng: 50 MP, f/2.2, 13mm, 122˚","Camera góc rộng: 42 MP, f/2.4",Snapdragon 8 Gen 1 (4 nm),Có,256 GB,2 SIM (Nano-SIM),Android 12,1984 x 2272 pixels,"Tần số quét 90Hz, 10.7 tỷ màu, HDR10+",1 × Cortex-X2 2.995GHz + 3 × Cortex-A710 2.496GHz + 4 × Cortex-A510 1.785GHz,12 GB,4750 mAh,,
Honor X7a,Giá Liên Hệ,https://cellphones.com.vn/honor-x7a.html,6.7 inches,TFT LCD,"Camera góc rộng: 50MP, f/1.8, PDAF Camera góc siêu rộng: 5MP, f/2.2  Camera Macro: 2MP, f/2.4   Camera đo độ sâu: 2MP, f/2.4","Camera góc rộng: 8MP, f/2.0",Mediatek MT6765H Helio G37 (12 nm),Không,128 GB,2 SIM (Nano-SIM),Android 12,720 x 1600 pixel,"Tốc độ làm tươi 90Hz  16,7 triệu màu",4x2.3 GHz Cortex-A53 & 4x1.7 GHz Cortex-A53,6 GB,6000 mAh,,
Masstel x1,Giá Liên Hệ,https://cellphones.com.vn/masstel-x1.html,4.95 inches,,5.0MP,2.0MP,Spreadtrum 7731E,Không,8 GB,Micro-SIM,Android 8.1 Oreo (Go Edition),480 x 960 pixel,"FWVGA, Công nghệ màn hình TN, 16 triệu màu, 	Mặt cảm ứng cong 2.5D",,1 GB,2000 mAh,,
Masstel Tab 10A,Giá Liên Hệ,https://cellphones.com.vn/masstel-tab-10a.html,10.1 inches,IPS LCD,5 MP,2 MP,MediaTek MT8765WA 4 nhân,Không,32 GB,Micro-SIM,Android 11,800 x 1280 pixels,"FWVGA, Công nghệ màn hình TN, 16.7 triệu màu, 	Mặt cảm ứng cong 2.5D",4 nhân 1.3 GHz,3 GB,6000 mAh,,
Samsung Galaxy F34 5G,Giá Liên Hệ,https://cellphones.com.vn/samsung-galaxy-f34.html,6.46 inches,,Camera chính: 50MP Camera ống kính góc siêu rộng 8MP  Camera cảm biến: 2MP,13MP,Exynos 1280,Có,128 GB,2 SIM (Nano-SIM),Android 13,,Tần số quét 120HzKính cường lực Gorilla Glass 5,,6 GB,"6,000 mAh",,
vivo Y18e,Giá Liên Hệ,https://cellphones.com.vn/dien-thoai-vivo-y18e.html,6.56 inches,LCD,"Cảm biến chính: 13 MP, f/2.2 Ống kính phụ: 0.08 MP,  f/3.0, có sự hỗ trợ của đèn flash LED.","5 MP, f/2.2",MediaTek Helio G85,Không,64 GB,,Android 14,1612x720 (HD+),Tốc độ làm mới lên tới 90Hz,,4 GB,5000 mAh,,
Vivo Y35 plus,Giá Liên Hệ,https://cellphones.com.vn/vivo-y35-plus.html,6.64 inches,,50MP,8MP,,Không,512 GB,,,,,,16 GB,"4,900 mAh",,
Xiaomi 14 Civi,Giá Liên Hệ,https://cellphones.com.vn/dien-thoai-xiaomi-14-civi.html,,,,,,Có,128 GB,2 SIM (Nano-SIM),,,,,8 GB,,,
OPPO K11x,Giá Liên Hệ,https://cellphones.com.vn/oppo-k11x.html,6.72 inches,IPS LCD,"Camera góc rộng: 108 MP, f/1.8, 24mm, 1/1.67"", 0.64µm, PDAFCamera đo độ sâu: 2 MP, f/2.4","Camera góc rộng: 16 MP, f/2.4, 1.0µm",Snapdragon 695 5G (6 nm),Không,128 GB,2 SIM (Nano-SIM),Android 13,1080 x 2400 pixels (FullHD+),"Tần số quét 120Hz, 550 nits, 391 PPI, 16,7 triệu màuCorning Gorilla Glass",2x2.2 GHz Kryo 660 Gold & 6x1.7 GHz Kryo 660 Silver,8 GB,5000 mAh,,
Xiaomi Redmi Note 13 Pro 5G,Giá Liên Hệ,https://cellphones.com.vn/xiaomi-redmi-note-13-pro-4g-77602.html,6.67 inches,AMOLED,"Chính 200 MP & Phụ 8 MP, 2 MP",16 MP,MediaTek Helio G99-Ultra 8 nhân,,128 GB,2 SIM (Nano-SIM),Android 13,1080 x 2400 pixels (FullHD+),Tần số quét 120Hz1300 nitsKính cường lực Corning Gorilla Glass 5,2.2 GHz,8 GB,5000 mAh,,
Xiaomi 14 Lite 8GB 256GB,Giá Liên Hệ,https://cellphones.com.vn/xiaomi-14-lite-8gb-256gb.html,6.67 inches,AMOLED,64 MP + 50 MP + 8 MP + 2 MP,32 MP,Qualcomm Snapdragon 888,Có,256 GB,,Android 14,,Tần số quét 144 Hz,,8 GB,4.600 mAh,,
OPPO F27 Pro,Giá Liên Hệ,https://cellphones.com.vn/dien-thoai-oppo-f27-pro.html,,,,,,,256 GB,,,,,,12 GB,,,
Xiaomi POCO C55,Giá Liên Hệ,https://cellphones.com.vn/xiaomi-poco-c55.html,6.71 inches,IPS LCD,"Camera chính 50 MP, f/1.8  0.08 MP","5 MP, f/2.0",MediaTek Helio G85,Không,64 GB,2 SIM (Nano-SIM),Android 12,720 x 1650 pixels,Tần số quét 60 Hz  Corning Gorilla Glass 3,Octa-core 2.0 GHz,4 GB,5000 mAh,,
Realme Narzo N53,Giá Liên Hệ,https://cellphones.com.vn/realme-narzo-n53.html,6.74 inches,,50MP,8MP,,Không,64 GB,2 SIM (Nano-SIM),Android 13,1080 x 2400 pixels (FullHD+),"Tần số quét 90Hz, 450nits, 16.7 tỷ màu","12nm, up to 1.82GHz",4 GB,5000 mAh,,
vivo Y38 5G,Giá Liên Hệ,https://cellphones.com.vn/dien-thoai-vivo-y38-5g.html,,IPS LCD,"Cảm biến chính: 50 MP  Máy ảnh phụ 2 MP, có sự hỗ trợ của đèn flash LED.",8 MP,Snapdragon 4 Gen 2,Có,256 GB,,Android 14,1612x720 (HD+),"Tốc độ làm mới lên tới 120Hz, mật độ điểm ảnh 264ppi và có độ sáng tối đa lên tới 1,000 nits",,8 GB,6000 mAh,,
HTC U23 Pro,Giá Liên Hệ,https://cellphones.com.vn/htc-u23-pro.html,,AMOLED,,,Snapdragon 7 Gen 1,Có,256 GB,,Android 13,,Tần số quét 120Hz,,12 GB,,,
Samsung Galaxy F04s,Giá Liên Hệ,https://cellphones.com.vn/samsung-galaxy-f04s.html,6.5 inches,IPS LCD,Camera chính 50 MP  Camera macro 2 MP   Camera chân dung: 2 MP,5 MP,Exynos 850,,64 GB,,Android 12,,Tần số quét 90 Hz,,4 GB,4.000 mAh,,
Huawei Nova 11 SE,Giá Liên Hệ,https://cellphones.com.vn/huawei-pova-11-se.html,6.67 inches,OLED,"Camera chính: 108 MP, f/1.9Camera góc cực rộng: 8 MP, f/2.2 Camera macro: 2 MP, f/2.2","32 MP,  f/2.45",Snapdragon 680,Có,256 GB,2 SIM (Nano-SIM),Harmony OS 4,,"Tần số quét 90Hz, hỗ trợ gam màu rộng P3 và 10 bit",,8 GB,"4,500 mAh",,
Xiaomi Redmi A2+,Giá Liên Hệ,https://cellphones.com.vn/xiaomi-redmi-a2-plus.html,6.52 inches,IPS LCD,8 MP,5 MP,MediaTek Helio A22,Không,32 GB,,,,,,3 GB,5.000 mAh,,
Honor Play 40C,Giá Liên Hệ,https://cellphones.com.vn/honor-play-40c.html,6.6 inches,,13 MP,5 MP,Snapdragon 480 Plus,Không,128 GB,,Android 13,720 x 1612 (HD+),"Tần số quét 90Hz, gam màu 70% NTSC",,6 GB,"5,200 mAh",,
Masstel Izi 26 4G,Giá Liên Hệ,https://cellphones.com.vn/masstel-izi-26-4g.html,2.4 inches,TFT LCD,,,Unisoc T107,Không,128 MB,2 SIM (Nano-SIM),,240 x 320 pixels,QVGA,,,1800 mAh,,
Masstel Hapi 10,Giá Liên Hệ,https://cellphones.com.vn/masstel-hapi-10.html,5.0 inches,IPS LCD,5 MP,5 MP,MediaTek MT6739 4 nhân,Không,16 GB,2 SIM (Nano-SIM),Android 9.0,720 x 1280 pixels,"16.7 Triệu màu,  Màn hình cong 2.5",4 nhân 1.5 GHz,2 GB,2000 mAh,,
Masstel Izi 11,Giá Liên Hệ,https://cellphones.com.vn/masstel-izi-11.html,1.77 inches,IPS LCD,,,UMS9117,Không,128 MB,2 SIM (Nano-SIM),,128 x 160 pixels,QQVGA,,,1000 mAh,,
Masstel Izi 25 4G,Giá Liên Hệ,https://cellphones.com.vn/masstel-izi-25-4g.html,2.4 inches,TFT LCD,,,Unisoc T107,Không,128 MB,2 SIM (Nano-SIM),,240 x 320 pixels,QVGA,,,1400 mAh,,
masstel izi 20 4g,Giá Liên Hệ,https://cellphones.com.vn/masstel-izi-20-4g.html,1.77 inches,TFT LCD,0.08 MP,,Unisoc UMS9117,Không,128 MB,2 SIM (Nano-SIM),,,,,,1700 mAh,,
Masstel X5,Giá Liên Hệ,https://cellphones.com.vn/masstel-x5.html,5.45 inches,IPS LCD,8MP,5MP,Spreadtrum SC7731E,Không,8 GB,Micro-SIM,Android 8.1 Oreo (Go Edition),720 x 1440 pixels,"16 triệu màu, Cong 2.5D",,1 GB,3200mAh,,
Xiaomi 14T 12GB 256GB,Giá Liên Hệ,https://cellphones.com.vn/xiaomi-14t-12gb-256gb.html,,,,,,,256 GB,,,,,,12 GB,,,
Vivo V29 Pro,Giá Liên Hệ,https://cellphones.com.vn/vivo-v29-pro.html,6.7 inches,OLED,64 MP,50 MP,MediaTek Dimensity 7200,Không,256 GB,,,,Tần số quét 120 Hz,,12 GB,5.000 mAh,,
Samsung A26 5G 6GB - 128GB,Giá Liên Hệ,https://cellphones.com.vn/dien-thoai-samsung-galaxy-a26-6gb-128gb.html,,,,,,,128 GB,,,,,,6 GB,,,
vivo X Fold2,Giá Liên Hệ,https://cellphones.com.vn/vivo-x-fold-2.html,8.03 inches,LTPO AMOLED,"Camera góc rộng: 50MP, f/1.8, Laser AF, OISCamera kính viễn vọng: 12 MP, f/3.4, 125mm, OIS, 5x optical zoom  Camera Tele: 12 MP, f/2.0, 47mm, PDAF","Camera góc rộng: 16 MP, f/2.5 Camera phụ: 16MP, f/2.5",Snapdragon 8 Gen 2 (4 nm),Có,256 GB,2 SIM (Nano-SIM),Android 13,1916 x 2160 pixels,"Màn hình chính: 8.03 "", Foldable LTPO AMOLEDMàn hình phụ: 6.53"" Tần số quét 120Hz, HDR10+",1x3.2 GHz Cortex-X3 & 2x2.8 GHz Cortex-A715 & 2x2.8 GHz Cortex-A710 & 3x2.0 GHz Cortex-A510,12 GB,4800 mAh,,
Xiaomi Redmi 14,Giá Liên Hệ,https://cellphones.com.vn/dien-thoai-xiaomi-redmi-14.html,6.88 inches,,,,,,128 GB,,,,,,4 GB,,,
Samsung Galaxy F55 5G,Giá Liên Hệ,https://cellphones.com.vn/dien-thoai-samsung-galaxy-f55-5g.html,6.7 inches,,Camera chính 50MPCamera góc siêu rộng 8MP Camera macro 2MP,50MP,Qualcomm Snapdragon 7 Gen 1,Có,128 GB,,Android 14,,"Tần số quét 120Hz, 1000 nits",,8 GB,5000mAh,,
OPPO Find X7 5G 16GB 256GB,Giá Liên Hệ,https://cellphones.com.vn/oppo-find-x7-256gb.html,,,,,,,,,,,,,,,,
Xiaomi Redmi Note 13 Pro Plus 4G,Giá Liên Hệ,https://cellphones.com.vn/xiaomi-redmi-note-13-pro-plus-4g.html,6.67 inches,AMOLED,"Chính 200 MP & Phụ 8 MP, 2 MP",16 MP,Mediatek Dimensity 7200 Ultra (4 nm),Có,256 GB,2 SIM (Nano-SIM),Android 13,1220 x 2712 pixels,Tần số quét 120Hz,2x2.8 GHz Cortex-A715 & 6x2.0 GHz Cortex-A510,8 GB,5000 mAh,,
vivo y12,Giá Liên Hệ,https://cellphones.com.vn/dien-thoai-vivo-y12.html,6.35 inches,IPS LCD,"13MP, f/2.2 8MP, f/2.2 2MP,  f/2.4","8 MP, f/1.8",MediaTek MT6762 8 nhân (Helio P22),Không,64 GB,2 SIM (Nano-SIM),Android 9 (Pie),720 x 1544 pixels,Mặt kính cong 2.5D,4 nhân 2.3 GHz & 4 nhân 1.8 GHz,3 GB,5000 mAh,,
POCO M6 Plus 5G,Giá Liên Hệ,https://cellphones.com.vn/dien-thoai-poco-m6-plus-5g.html,,,,,,Có,,,,,,,,,,
TECNO SPARK 30 4G 8GB 128GB,Giá Liên Hệ,https://cellphones.com.vn/dien-thoai-tecno-spark-30-4g.html,,,,,,,128 GB,,,,,,8 GB,,,
Tecno Camon 40S,Giá Liên Hệ,https://cellphones.com.vn/dien-thoai-tecno-camon-40s.html,,,,,,,,,,,,,,,,
Honor Play 7T Pro,Giá Liên Hệ,https://cellphones.com.vn/honor-play-7t-pro.html,6.7 inches,IPS LCD,"Camera góc rộng: 50MP, f/1.8, PDAFCamera đo độ sâu: 2MP, f/2.4","Camera góc rộng: 8MP, f/2.0",Mediatek Dimensity 6020 (7 nm),Không,128 GB,2 SIM (Nano-SIM),Android 12,1080 x 2388 pixels,Tần số quét 90Hz,2x2.2 GHz Cortex-A76 & 6x2.0 GHz Cortex-A55,8 GB,4000 mAh,,
Honor X6A,Giá Liên Hệ,https://cellphones.com.vn/honor-x6a.html,6.56 inches,IPS LCD,"Camera chính: 50 MP, f/1.8  Camera cảm biến độ sâu: 2 MP, f/2.4 Camera Macro: 2 MP, f/2.4.",5MP,MediaTek Helio G36,Có,128 GB,2 SIM (Nano-SIM),Android 13,720 x 1612 (HD+),Tần số quét 90Hz16.7 triệu màu,,4 GB,5200 mAh,,
Masstel Izi 55 4g,Giá Liên Hệ,https://cellphones.com.vn/masstel-izi-55-4g.html,2.4 inches,TFT LCD,,,Unisoc SCUI8910,,,2 SIM (Nano-SIM),Android 11,,Mặt kính cong 2.5D,,,1800 mAh,,
Masstel Hapi 30,Giá Liên Hệ,https://cellphones.com.vn/masstel-hapi-30.html,6.26 inches,IPS LCD,8.0 MP AF,5.0 MP,Speadtrum SC9863A 8 Nhân 1.6GHz,Không,32 GB,,Android 11,720 x 1520 pixels,16 triệu màu,,3 GB,3000 mAh,,
Masstel Hapi 15,Giá Liên Hệ,https://cellphones.com.vn/masstel-hapi-15.html,5.45 inches,IPS LCD,5.0 MP,5.0 MP,Spreadtrum SC9832E,Không,16 GB,Micro-SIM,Android 11 (Go Edition),720 x 1440 pixels,"16 triệu màu, Cong 2.5D",Max 1.4 GHz,2 GB,2500 mAh,,
masstel izi 12 4g,Giá Liên Hệ,https://cellphones.com.vn/masstel-izi-12-4g.html,1.77 inches,TFT LCD,0.08 MP,,Unisoc T107,,128 MB,2 SIM (Nano-SIM),,120 x 160 pixels,QQVGA,1.00 GHz,,1000 mAh,,
Masstel Lux 10,Giá Liên Hệ,https://cellphones.com.vn/masstel-lux-10.html,2.4 inches,TFT LCD,,,Unisoc T107,Không,128 MB,2 SIM (Nano-SIM),,240 x 320 pixels,QVGA,,,1400 mAh,,
Masstel Tab 8 Pro,Giá Liên Hệ,https://cellphones.com.vn/masstel-tab-8-pro.html,8.0 inches,IPS LCD,5 MP,2 MP,MediaTek MT8321 4 nhân,Không,16 GB,Micro-SIM,Android 9,800 x 1280 pixels,16.7 Triệu màu,4 nhân 1.3 GHz,2 GB,4000 mAh,,
Xiaomi 17T Pro 12GB 1TB,Giá Liên Hệ,https://cellphones.com.vn/dien-thoai-xiaomi-17t-pro-12gb-1tb.html,,,,,,,,,,,,,,,,
Vivo S17t,Giá Liên Hệ,https://cellphones.com.vn/vivo-s17t.html,6.78 inches,AMOLED,"Camera góc rộng: 50 MP, f/1.9, 1/1.56"", 1.0µm, PDAF, OISCamera góc siêu rộng: 8 MP, f/2.2","Camera góc rộng: 50 MP, f/2.0, 22mm, AF",Mediatek Dimensity 8050 (6 nm),Có,512 GB,2 SIM (Nano-SIM),Android 13,,"Tần số quét 120Hz, HDR10+Corning Gorilla Glass",1x3.0 GHz Cortex-A78 & 3x2.6 GHz Cortex-A78 & 4x2.0 GHz Cortex-A55,12 GB,4600 mAh,,
Điện thoại Samsung Galaxy Z Fold mới,Giá Liên Hệ,https://cellphones.com.vn/dien-thoai-samsung-galaxy-z-fold-moi.html,,,,,,,,,,,,,,,,
ASUS ROG Phone 8,Giá Liên Hệ,https://cellphones.com.vn/asus-rog-phone-8.html,6.7 inches,AMOLED,"Camera góc rộng: 64 MP, f/1.8, 1/1.72"", 0.8 µm, PDAFCamera góc siêu rộng: 13 MP, f/2.4, 125 độ, 11 mmCamera macro: 5 MP, f/2.0",,Snapdragon 888 5G,Có,256 GB,,,1080 x 2400 pixels (FullHD+),Tần số quét 165 Hz,,12 GB,6.000 mAh,,
Sharp Rouvo V,Giá Liên Hệ,https://cellphones.com.vn/sharp-rouvo-v.html,6.5 inches,,8MP,5MP,MediaTek Helio A22,Không,32 GB,,,,Tần số quét 60Hz,,3 GB,"3,500 mAh",,
Sharp Rouvo V,Giá Liên Hệ,https://cellphones.com.vn/sharp-rouvo-v.html,6.5 inches,,8MP,5MP,MediaTek Helio A22,Không,32 GB,,,,Tần số quét 60Hz,,3 GB,"3,500 mAh",,
Samsung Galaxy A37 6GB 128GB,Giá Liên Hệ,https://cellphones.com.vn/dien-thoai-samsung-galaxy-a37-6gb-128gb.html,6.7 inches,Super AMOLED,Camera chính: 50MPGóc siêu rộng 12MPMacro 5MP,12MP,Exynos 1480,Có,128 GB,,Android 16,,Tần số quét: 120Hz,,6 GB,~5000mAh,,
Samsung Galaxy A57 12GB 256GB,Giá Liên Hệ,https://cellphones.com.vn/dien-thoai-samsung-galaxy-a57-12gb-256gb.html,6.7 inches,Super AMOLED,Camera chính: 50MPGóc siêu rộng 12MPMacro 5MP,12MP,Exynos 1680,Có,256 GB,,Android 16,,Tần số quét: 120Hz16 triệu màu,,12 GB,~5000mAh,,
Samsung Galaxy A57 8GB 256GB,Giá Liên Hệ,https://cellphones.com.vn/dien-thoai-samsung-galaxy-a57-8gb-256gb.html,6.7 inches,Super AMOLED,Camera chính: 50MPGóc siêu rộng 12MPMacro 5MP,12MP,Exynos 1680,Có,256 GB,,Android 16,,Tần số quét: 120Hz16 triệu màu,,8 GB,~5000mAh,,
TECNO Pova 8 8GB 256GB,Giá Liên Hệ,https://cellphones.com.vn/dien-thoai-tecno-pova-8-8gb-256gb.html,,,,,,,256 GB,,,,,,4 GB,,,
Xiaomi Redmi Note 13 8GB 256GB,Giá Liên Hệ,https://cellphones.com.vn/dien-thoai-xiaomi-redmi-note-13-8gb-256.html,6.67 inches,AMOLED,Chính 108MP & Phụ 8+2MP,16MP,Snapdragon 685,Không,256 GB,,,1080 x 2388 pixels,Tần số quét 120Hz,,8 GB,5000 mAh,,
Vivo Y11 4G,Giá Liên Hệ,https://cellphones.com.vn/vivo-y11-4g.html,6.51 inches,IPS LCD,8MP,5MP,,,64 GB,,,720 x 1600 pixel,Tốc độ làm mới 60Hz,,6 GB,"5,000mAh",,
Realme Narzo N55,Giá Liên Hệ,https://cellphones.com.vn/realme-narzo-n55.html,,,,,,,64 GB,,,,,,4 GB,,,
Vivo Y78m,Giá Liên Hệ,https://cellphones.com.vn/vivo-y78m.html,6.38 inches,AMOLED,,,Dimensity 7020,Không,,,Android 13,,,,12 GB,,,
vivo V30E SE,Giá Liên Hệ,https://cellphones.com.vn/dien-thoai-vivo-v30e-se.html,,,,,,Có,,,,,,,,5.000 mAh,,
vivo V40 Lite,Giá Liên Hệ,https://cellphones.com.vn/dien-thoai-vivo-v40-lite.html,6.67 inches,AMOLED,"50 MP,  f/1.8 + 2 MP,  f/2.4","32 MP,  f/2.45",Snapdragon® 685 4G,Có,256 GB,2 Nano-SIM,Android 14,1080 x 2400 pixels (FullHD+),"120HzĐộ bão hòa 107%, Mật độ điểm ảnh  394 ppi, 1800 nit",4 x 2.8GHz + 4 x 1.9GHz,8 GB,5000 mAh,,
HTC Wildfire E Star,Giá Liên Hệ,https://cellphones.com.vn/htc-wildfire-e-star.html,6.5 inches,,8MP,5MP,Unisoc SC9832E,Không,16 GB,2 SIM (Nano-SIM),Android 12 Go,720 x 1600 pixel,,,2 GB,"3,000 mAh",,
Xiaomi Redmi Note 14 Pro Plus 8GB 128GB,Giá Liên Hệ,https://cellphones.com.vn/dien-thoai-xiaomi-redmi-note-14-pro-plus-8gb-128gb.html,,,,,,,128 GB,,,,,,8 GB,,,
Xiaomi 14 Pro 8GB 256GB,Giá Liên Hệ,https://cellphones.com.vn/xiaomi-14-pro-8gb-256gb.html,6.73 inches,LTPO AMOLED,"Camera góc rộng: 50 MP, f/1.4-f/4.0, 23mm, 1/1.31"", 1.2µm, dual pixel PDAF, Laser AF, OISCamera tele: 50 MP, f/2.0, 75mm, PDAF (10cm - ∞), OIS, 3.2x optical zoomCamera góc siêu rộng: 50 MP, f/2.2, 14mm, 115˚, AF",Camera góc rộng: 32 MP,Qualcomm Snapdragon 8 Gen 3 (4 nm),Có,256 GB,2 Nano SIM hoặc 1 Nano + 1 eSIM,Android 14,1440 x 3200 pixels (QHD+),"Tần số quét 120Hz, 68 tỷ màu , Dolby Vision, HDR10+, 3000 nits (peak)",1x3.3 GHz Cortex-X4 & 5x3.2 GHz Cortex-A720 & 2x2.3 GHz Cortex-A520,8 GB,4880 mAh,,
Xiaomi 14 8GB 128GB,Giá Liên Hệ,https://cellphones.com.vn/xiaomi-14-8gb-128gb.html,6.36 inches,LTPO OLED,"Camera góc rộng: 50 MP, f/1.6, 23mm, 1/1.31"", 1.2µm, dual pixel PDAF, Laser AF, OISCamera tele: 50 MP, f/2.0, 75mm, PDAF (10cm - ∞), OIS, 3.2x optical zoomCamera góc siêu rộng: 50 MP, f/2.2, 14mm, 115˚",Camera góc rộng: 32 MP,Qualcomm Snapdragon 8 Gen 3 (4 nm),Có,128 GB,2 Nano SIM hoặc 1 Nano + 1 eSIM,Android 14,,"Tần số quét 120Hz, 68 tỷ màu , Dolby Vision, HDR10+, 3000 nits (peak",1x3.3 GHz Cortex-X4 & 5x3.2 GHz Cortex-A720 & 2x2.3 GHz Cortex-A520,8 GB,4610mAh,,
Vivo Y77T,Giá Liên Hệ,https://cellphones.com.vn/vivo-y77t.html,6.53 inches,IPS LCD,"Camera góc rộng: 48MP, f/1.8, 25mm, 1/2.0"", 0.8µm, PDAF  Camera đo độ sâu: 2MP, f/2.4  Camera macro: 2MP, f/2.4","Camera góc rộng: 8MP, f/2.0",Exynos 880 (8 nm),Không,128 GB,2 SIM (Nano-SIM),Android 10,1080 x 2340 pixels (FullHD+),,2x2.0 GHz Cortex-A77 & 6x1.8 GHz Cortex-A55,6 GB,4500 mAh,,
Xiaomi 14 16GB - 1TB,Giá Liên Hệ,https://cellphones.com.vn/xiaomi-14-16gb-1tb.html,6.36 inches,LTPO OLED,50MP + 50MP + 50MP,32MP,Qualcomm SM8650-AB Snapdragon 8 Gen 3 (4 nm),Có,1 TB,2 SIM (Nano-SIM),Android 14,"1200 x 2670 pixels,","Corning Gorilla Glass VictusLTPO OLED, 68 tỷ màu, tần số quét120Hz",1x3.3 GHz Cortex-X4 & 5x3.2 GHz Cortex-A720 & 2x2.3 GHz Cortex-A520,16 GB,4610 mAh,,
Huawei Nova Y71,Giá Liên Hệ,https://cellphones.com.vn/huawei-nova-y71.html,6.75 inches,TFT LCD,"Camera góc rộng: 48 MP, f/1.8Camera góc siêu rộng: 5 MP, f/2.2  Camera đo độ sâu: 2 MP, f/2.4","8MP, f/2.0",,Không,128 GB,,EMUI 12,1600 x 720 pixels (HD+),"16,7 triệu màu",,8 GB,6000 mAh,,
Samsung Galaxy Fold5,Giá Liên Hệ,https://cellphones.com.vn/samsung-galaxy-z-fold-5-512gb-63940.html,7.6 inches,Dynamic AMOLED 2X,"Camera chính: 50MP, f/1.8Camera góc siêu rộng: 12MP, f/2.2Camera tele zoom 3x: 12 MP, f/2.2","Camera bên ngoài:10 MP, f/2.2  Camera bên trong: 4 MP",Snapdragon 8 Gen 2,,512 GB,2 Nano SIM hoặc 1 Nano + 1 eSIM,Android 13,,"Màn hình chính rộng: 7,6 inch Màn hình ngoài rộng: 6,2 inch Tốc độ làm mới 120Hz",,12 GB,4400 mAh,S Pen,
Samsung A56 5G 8GB - 256GB,Giá Liên Hệ,https://cellphones.com.vn/dien-thoai-samsung-galaxy-a56-8gb-256gb.html,,,,,,,256 GB,,,,,,8 GB,,,
Huawei Nova Y71,Giá Liên Hệ,https://cellphones.com.vn/huawei-nova-y71.html,6.75 inches,TFT LCD,"Camera góc rộng: 48 MP, f/1.8Camera góc siêu rộng: 5 MP, f/2.2  Camera đo độ sâu: 2 MP, f/2.4","8MP, f/2.0",,Không,128 GB,,EMUI 12,1600 x 720 pixels (HD+),"16,7 triệu màu",,8 GB,6000 mAh,,
Samsung Galaxy Fold5,Giá Liên Hệ,https://cellphones.com.vn/samsung-galaxy-z-fold-5-512gb-63940.html,7.6 inches,Dynamic AMOLED 2X,"Camera chính: 50MP, f/1.8Camera góc siêu rộng: 12MP, f/2.2Camera tele zoom 3x: 12 MP, f/2.2","Camera bên ngoài:10 MP, f/2.2  Camera bên trong: 4 MP",Snapdragon 8 Gen 2,,512 GB,2 Nano SIM hoặc 1 Nano + 1 eSIM,Android 13,,"Màn hình chính rộng: 7,6 inch Màn hình ngoài rộng: 6,2 inch Tốc độ làm mới 120Hz",,12 GB,4400 mAh,S Pen,
vivo V40 Lite,Giá Liên Hệ,https://cellphones.com.vn/dien-thoai-vivo-v40-lite.html,6.67 inches,AMOLED,"50 MP,  f/1.8 + 2 MP,  f/2.4","32 MP,  f/2.45",Snapdragon® 685 4G,Có,256 GB,2 Nano-SIM,Android 14,1080 x 2400 pixels (FullHD+),"120HzĐộ bão hòa 107%, Mật độ điểm ảnh  394 ppi, 1800 nit",4 x 2.8GHz + 4 x 1.9GHz,8 GB,5000 mAh,,
vivo V30E SE,Giá Liên Hệ,https://cellphones.com.vn/dien-thoai-vivo-v30e-se.html,,,,,,Có,,,,,,,,5.000 mAh,,
HONOR 600 Lite,Giá Liên Hệ,https://cellphones.com.vn/dien-thoai-honor-600-lite.html,6.66 inches,AMOLED,108 MP + 5 MP,16 MP,MediaTek Dimensity 7100 Elite,Có,256 GB,,MagicOS 10 (Android 16),,"Độ phân giải: 1.5K, 120 Hz, độ sáng tối đa 6500 nits",8 nhân,12 GB,6.520 mAh,,
Camon Slim 4G 8GB 256GB,Giá Liên Hệ,https://cellphones.com.vn/dien-thoai-tecno-camon-slim-4g-8gb-256gb.html,,,,,,,256 GB,,,,,,8 GB,,,
HONOR 600 Lite 5G 8GB 256GB,Giá Liên Hệ,https://cellphones.com.vn/dien-thoai-honor-600-lite-8gb-256gb.html,6.66 inches,AMOLED,108 MP + 5 MP,16 MP,MediaTek Dimensity 7100 Elite,Có,256 GB,,MagicOS 10 (Android 16),,"Độ phân giải: 1.5K, 120 Hz, độ sáng tối đa 6500 nits",8 nhân,8 GB,6.520 mAh,,
Xiaomi Redmi A7 Pro 4GB 64GB,Giá Liên Hệ,https://cellphones.com.vn/dien-thoai-xiaomi-redmi-a7-pro-4gb-64gb.html,6.9 inches,IPS LCD,13MP,8MP,Unisoc T7250,,64 GB,,Android 16,,Tần số quét 120Hz,,4 GB,6000 mAh,,
Xiaomi Redmi A7 4GB 128GB,Giá Liên Hệ,https://cellphones.com.vn/dien-thoai-xiaomi-redmi-a7.html,6.9 inches,LCD,50MP,13MP,Unisoc T7250,,128 GB,,Android 15,,Tần số quét 120Hz,,4 GB,"6,000mAh",,
Honor Play 7T,Giá Liên Hệ,https://cellphones.com.vn/honor-play-7t.html,6.74 inches,IPS LCD,"Camera góc rộng: 50 MP, f/1.8, PDAFCamera đo độ sâu: 2 MP, f/2.4","Camera góc rộng: 5 MP, f/2.2",Mediatek Dimensity 6020 (7 nm),Không,128 GB,2 SIM (Nano-SIM),Android 12,720 x 1600 pixel,Tần số quét 90Hz,2x2.2 GHz Cortex-A76 & 6x2.0 GHz Cortex-A55,8 GB,6000 mAh,,
Masstel X9,Giá Liên Hệ,https://cellphones.com.vn/masstel-x9.html,5.5 inches,IPS LCD,8MP,5MP,SC9863 8 nhân,Không,16 GB,2 SIM (Nano-SIM),,240 x 320 pixels,Mặt kính cong 2.5D,1.6GHz,2 GB,2500 mAh,,
Motorola Moto G23,Giá Liên Hệ,https://cellphones.com.vn/motorola-moto-g23.html,6.5 inches,IPS LCD,"Camera góc rộng: 50MP, f/1.8, 0.64µm, PDAF  Camera góc siêu rộng: 5MP, f/2.2, 118  Camera macro: 2MP, f/2.4","Camera góc rộng: 16MP, f/2.5, 1.0µm",Mediatek MT6769Z Helio G85 (12nm),Có,64 GB,2 SIM (nano‑SIM và eSIM),Android 13,720 x 1600 pixel,"Tần số quét 90Hz, 400 nits",2x2.0 GHz Cortex-A75 & 6x1.8 GHz Cortex-A55,4 GB,5000 mAh,,
Motorola Moto E13,Giá Liên Hệ,https://cellphones.com.vn/motorola-moto-e13.html,6.5 inches,IPS LCD,"Camera góc rộng: 13MP, f/2.2, 1.12µm, PDAF","Camera góc rộng: 5MP, f/2.4, 1/5"", 1.12µm",Unisoc T606 (12 nm),Không,64 GB,2 SIM (nano‑SIM và eSIM),Android 13,720 x 1600 pixel,,2x1.6 GHz Cortex-A75 & 6x1.6 GHz Cortex-A55,2 GB,5000 mAh,,
Xiaomi 14T 12GB 512GB,Giá Liên Hệ,https://cellphones.com.vn/xiaomi-14t-12gb-512gb.html,,,,,,,512 GB,,,,,,12 GB,,,
Xiaomi Poco F7 Ultra,Giá Liên Hệ,https://cellphones.com.vn/dien-thoai-xiaomi-poco-f7-ultra.html,6.67 inches,AMOLED,"Camera góc rộng: 50 MP, f/1.6Camera Tele: 50 MP, f/2.0Camera góc siêu rộng: 32 MP, f/2.2","32 MP, f/2.0",Qualcomm SM8750-AB Snapdragon 8 Elite (3 nm),Có,256 GB,2 Nano-SIM,"Android 15, HyperOS 2",3200 x 1440 pixel,"68B colors, 120Hz, Dolby Vision, HDR10+, 1800 nits (HBM), 3200 nits (peak)",Octa-core (2x4.32 GHz Oryon V2 Phoenix L + 6x3.53 GHz Oryon V2 Phoenix M),12 GB,5300 mAh,,
Vivo Y1s,Giá Liên Hệ,https://cellphones.com.vn/vivo-y1s.html,6.22 inches,IPS LCD,13 MP,5 MP,MediaTek Helio P35 8 nhân,Không,32 GB,2 SIM (Nano-SIM),Android 10,720 x 1520 pixels,Tần số quét 60 HzMặt kính cong 2.5D,4 nhân 2.3 GHz & 4 nhân 1.8 GHz,2 GB,4030 mAh,,
Samsung Galaxy A37 8GB 256GB,Giá Liên Hệ,https://cellphones.com.vn/dien-thoai-samsung-galaxy-a37-8gb-256gb.html,6.7 inches,Super AMOLED,Camera chính: 50MPGóc siêu rộng 12MPMacro 5MP,12MP,Exynos 1480,Có,128 GB,,Android 16,,Tần số quét: 120Hz,,6 GB,~5000mAh,,
Xiaomi Redmi Note 14 Pro Plus 6GB 128GB,Giá Liên Hệ,https://cellphones.com.vn/dien-thoai-xiaomi-redmi-note-14-pro-plus-6gb-128gb.html,,,,,,,128 GB,,,,,,6 GB,,,
HTC U11,Giá Liên Hệ,https://cellphones.com.vn/htc-u11.html,5.5 inches,,12 MP,16 MP,Snapdragon 835 8 nhân,Có,128 GB,2 SIM (Nano-SIM),Android 13,1440 x 2560 pixels,Kính cường lực Corning Gorilla Glass 5,4 nhân 2.45 GHz & 4 nhân 1.9,6 GB,3000 mAh,,
Xiaomi 14 Lite 12GB 256GB,Giá Liên Hệ,https://cellphones.com.vn/xiaomii-14-lite-12gb-256gb.html,6.67 inches,AMOLED,64 MP + 50 MP + 8 MP + 2 MP,32 MP,Qualcomm Snapdragon 888,Có,256 GB,,Android 14,,Tần số quét 144 Hz,,12 GB,4.600 mAh,,
vivo X100s,Giá Liên Hệ,https://cellphones.com.vn/dien-thoai-vivo-x100s.html,6.78 inches,LTPO AMOLED,"50 MP, 64 MP, 50 MP",32 MP,MediaTek Dimensity 9300+ (4 nm),Có,1 TB,2 Nano-SIM,Android 14,2800 × 1260 pixels,"Độ phân giải 4k(1440 x 3200 pixels)Tỷ lệ 20:9Tốc độ làm mới 120Hz, 3000 nits",,16 GB,5100 mAh,,
Vivo V29 Lite 5G,Giá Liên Hệ,https://cellphones.com.vn/vivo-v29-lite-5g.html,6.78 inches,AMOLED,"Camera góc rộng: 64 MP, f/1.8, PDAF, OISCamera macro: 2 MP, f/2.4Camera đo độ sâu: 2 MP, f/2.4","Camera góc rộng: 16 MP, f/2.5",Snapdragon 695 5G (6 nm),Có,128 GB,2 SIM (Nano-SIM),Android 13,1080 x 2400 pixels (FullHD+),"Tần số quét 120Hz, 1300 nits",2x2.2 GHz Kryo 660 Gold & 6x1.7 GHz Kryo 660 Silver,8 GB,5.000 mAh,,
Google Pixel 8A,Giá Liên Hệ,https://cellphones.com.vn/dien-thoai-google-pixel-8a.html,6.1 inches,LTPO OLED,50MP + 12MP,10.5MP,Google Tensor G3 (4 nm),Có,256 MB,,Android 14,1080 x 2400 pixels (FullHD+),Độ phân giải màn hình (1080 x 2400 pixels)  Tần số quét 120Hz Tỷ lệ màn hình 20:9,Nona-core (1×3.0 GHz Cortex-X3 & 4×2.45 GHz Cortex-A715 & 4×2.15 GHz Cortex-A510),8 GB,4492 mAh,,
HONOR Magic 7 Pro,Giá Liên Hệ,https://cellphones.com.vn/dien-thoai-honor-magic-7-pro.html,6.8 inches,LTPO OLED,"Camera chính: 50MP, f/1.4-f/2.0Tele 200MPUltra-wide 50MP",50MP,Snapdragon 8 Elite,Có,1 TB,2 Nano SIM hoặc 2 eSIM hoặc 1 Nano SIM + 1 eSIM,MagicOS 9.0.1 (Android 15),2800 x 1280 pixels,"Độ phân giải 2K+, Tần số quét 1-120Hz, HDR với độ sáng đỉnh 5000 nits, toàn màn hình 1600 nits (~453 ppi)",8 nhân,16 GB,5850 mAh,,
OPPO Find X7 Ultra 16GB 256GB,Giá Liên Hệ,https://cellphones.com.vn/oppo-find-x7-ultra-16gb.html,,,,,,,256 GB,,,,,,16 GB,,,
vivo Y18S 8GB 256GB,Giá Liên Hệ,https://cellphones.com.vn/dien-thoai-vivo-y18s-8gb-256gb.html,,,,,,Không,256 GB,,,,,,8 GB,,,
Xiaomi 14 Ultra 8GB 256GB,Giá Liên Hệ,https://cellphones.com.vn/xiaomi-14-ultra-8gb-256gb.html,6.73 inches,LTPO AMOLED,"Camera góc rộng: 50 MP, PDAF, Laser AF, OISCamera tele: 50 MP, f/3.0, 120mmCamera góc siêu rộng: 50 MP, f/1.8Camera tiềm vọng: 50 MP, f/3.0","Camera góc rộng: 32 MP, f/2.0, 22mm",Qualcomm Snapdragon 8 Gen 3 (4 nm),Có,256 GB,2 SIM (Nano-SIM),Android 14,1440 x 3200 pixels (QHD+),"Tần số quét 120Hz, 1 tỷ màu, Dolby Vision, 2600 nits (tối đa) Tỷ lệ 20:9 Corning Gorilla Glass Victus 2",,8 GB,5300 mAh,,
Vivo Y35M Plus,Giá Liên Hệ,https://cellphones.com.vn/vivo-y35m-plus.html,6.51 inches,IPS LCD,Camera chính 13 MP  Camera đo chiều sâu: 2 MP,5 MP,Dimensity 700,Không,128 GB,,,,Tốc độ làm tươi 60 Hz,,4 GB,5.000 mAh,,
OPPO Find N4 Flip,Giá Liên Hệ,https://cellphones.com.vn/dien-thoai-oppo-find-n4-flip.html,6.7 inches,LTPO OLED,64 MP + 2 MP,32 MP + 32 MP,Snapdragon 8+ Gen 2,,256 GB,,,1080 x 2640 pixels,Tần số quét 120 Hz,,18 GB,4.800 mAh,,
realme GT 5 Pro SE,Giá Liên Hệ,https://cellphones.com.vn/realme-gt-5-pro-se.html,6.74 inches,OLED,50 MP + 8 MP + 2 MP,16 MP,Qualcomm Snapdragon 8 Gen 3,Có,256 GB,,,1240 x 2772 pixels,Tần số quét 144 Hz,,8 GB,4.700 mAh,,
OPPO Reno9 Lite,Giá Liên Hệ,https://cellphones.com.vn/oppo-reno9-lite.html,6.55 inches,AMOLED,64 MP + 8 MP + 5 MP,16 MP,MediaTek Dimensity 1200,,128 GB,,,,Tần số quét 90 Hz,,8 GB,5.000 mAh,,
OPPO Reno12 FS 5G,Giá Liên Hệ,https://cellphones.com.vn/dien-thoai-oppo-reno12-fs-5g.html,,,,,,Có,256 GB,,,,,,12 GB,,,
ZTE V70,Giá Liên Hệ,https://cellphones.com.vn/zte-v70.html,6.67 inches,AMOLED,"Camera góc rộng: 64 MP, f/1.8, 25mm, PDAF Camera góc siêu rộng: 8 MP, f/2.2, 16mm, 120˚ Camera macro: 5 MP, f/2.4",Camera góc rộng: 16 MP,Mediatek Dimensity 810 (6 nm),Có,256 GB,2 SIM (Nano-SIM),Android 11,1080 x 2400 pixels (FullHD+),"1 tỷ màu, tần số quét 90Hz",2x2.4 GHz Cortex-A76 & 6x2.0 GHz Cortex-A55,8 GB,5100 mAh,,
Xiaomi 12i HyperCharge,Giá Liên Hệ,https://cellphones.com.vn/xiaomi-12i-hypercharge.html,6.66 inches,OLED,Camera chính: HPX 200 MP có OIS   Camera góc rộng: 8MP   Camera Macro: 2MP,,Dimensity 1080,,128 GB,,,,Tần số quét 120Hz,,8 GB,5.000 mAh,,
OPPO F23 5G,Giá Liên Hệ,https://cellphones.com.vn/oppo-f23-5g.html,6.72 inches,,Camera chính: 64MP; f/1.7; FOV 79°Camera phụ: 2MP; f/2.4; FOV 89°; 3P lens 2MP; f/3.3; FOV 65°;,32MP; f/2.4; FOV 89°; FF,Qualcomm® Snapdragon™ 695,Không,256 GB,2 SIM (Nano-SIM),Android 13,1080 x 2400 pixels (FullHD+),"Tần số quét 120Hz16,7 triệu màu, 391PPI, 550nits","8 cores, up to 2.2GHz",8 GB,5000 mAh,,
Vivo Y100A,Giá Liên Hệ,https://cellphones.com.vn/vivo-y100a.html,6.38 inches,AMOLED,Camera chính: 64 MPCamera đo chiều sâu: 2 MPCamera macro: 2 MP,16 MP,Dimensity 920,,256 GB,,Android 13,,,,8 GB,4.500 mAh,,
vivo X100 Ultra,Giá Liên Hệ,https://cellphones.com.vn/dien-thoai-vivo-x100-ultra.html,6.78 inches,LTPO AMOLED,"50 MP, 200MP, 50 MP",50MP,Snapdragon 8 Gen 3,Có,1 TB,2 Nano-SIM,Android 14,1440 x 3200 pixels (QHD+),"Độ phân giải 4k(1440 x 3200 pixels)Tỷ lệ 20:9Tốc độ làm mới 120Hz, 3000 nits",,16 GB,5500 mAh,,
Điện thoại Samsung Galaxy Z Flip mới,Giá Liên Hệ,https://cellphones.com.vn/dien-thoai-samsung-galaxy-z-flip-moi.html,,,,,,,,,,,,,,,,
Tecno Pova Curve 2 5G 8GB 128GB,Giá Liên Hệ,https://cellphones.com.vn/dien-thoai-tecno-pova-curve-2-5g.html,6.78 inches,AMOLED,50 MP + 2 MP,13 MP,MediaTek Dimensity 7100 5G,Có,128 GB,,HiOS 16 (Dựa trên Android 16),,"Độ phân giải: 2364*1080Tần số quét: 144HzĐộ sáng: 4500nits Peak; 1600nits HBMMàu sắc: 1,07 tỷPPI: 429","6nm, Octa-core, Lên đến 2.4GHz",8 GB,8000mAh,,
Tecno Pova Curve 2 5G 8GB 256GB,Giá Liên Hệ,https://cellphones.com.vn/dien-thoai-tecno-pova-curve-2-5g-8gb-256gb.html,6.78 inches,AMOLED,50 MP + 2 MP,13 MP,MediaTek Dimensity 7100 5G,Có,256 GB,,HiOS 16 (Dựa trên Android 16),,"Độ phân giải: 2364*1080Tần số quét: 144HzĐộ sáng: 4500nits Peak; 1600nits HBMMàu sắc: 1,07 tỷPPI: 429","6nm, Octa-core, Lên đến 2.4GHz",8 GB,8000mAh,,
Tecno Camon Slim 4G 8GB 128GB,Giá Liên Hệ,https://cellphones.com.vn/dien-thoai-tecno-camon-slim-4g.html,,,,,,,128 GB,,,,,,8 GB,,,
Honor X9C 5G 12GB 256GB,Giá Liên Hệ,https://cellphones.com.vn/dien-thoai-honor-x9c-5g-12gb-256gb.html,6.8 inches,TFT LCD,Chính 108 MP & Phụ 5 MP,16 MP,MediaTek Dimensity 7025-Ultra 5G 8 nhân,Có,256 GB,2 Nano-SIM,Android 14,1080 x 2412 pixels,"Tần số quét 120 Hz, 850 nits",2 nhân 2.5 GHz & 6 nhân 2.0 GHz,12 GB,5800 mAh,,
Honor 90 512GB,Giá Liên Hệ,https://cellphones.com.vn/honor-90-512gb.html,6.7 inches,AMOLED,"Camera góc rộng: 200MP, f/1.9 Camera góc siêu rộng: 12MP, f/2.2 Camera đo độ sâu: 5MP, f/2.2Camera Macro: 12MP, f/2.2","50MP, f/2.4",Snapdragon 7 Gen 1 Accelerated Edition,Có,256 GB,2 SIM (Nano-SIM),Android 13,1224 x 2664 pixels,1.07 tỷ màu,1×Cortex-A710 2.5GHz + 3×Cortex-A710 2.36GHz + 4×Cortex-A510 1.8GHz,8 GB,4900 mAh,,
Honor Power,Giá Liên Hệ,https://cellphones.com.vn/dien-thoai-honor-power.html,6.78 inches,AMOLED,Camera chính: 50 MP f/1.95Camera phụ: 5 MP,16 MP f/2.45,Qualcomm Snapdragon 7 Gen 3,,256 GB,,MagicOS 9.0 - Android 15,,Độ phân giải: 2.700 x 1.224 pixelsTần số quét: 120 HzĐộ sáng tối đa 4.000 nitsDCI-P3,,8 GB,8.000mAh,,
Motorola Rizr Rollable,Giá Liên Hệ,https://cellphones.com.vn/motorola-rizr-rollable.html,5.0 inches,,,,Snapdragon 8 Gen 2,,,,,1080 x 2400 pixels (FullHD+),Tần số quét 120 Hz,,,"3,000 mAh",,
masstel izi 300,Giá Liên Hệ,https://cellphones.com.vn/masstel-izi-300.html,2.4 inches,TFT LCD,0.08 MP,,SC6531E,Không,,,,240 x 320 pixels,"QVGA, Mặt kính 2.5D",,,2500 mAh,,
