,Name,Screen Size,Display,NFC,ROM,RAM,Battery,Brand,antutu_11,clock,gpu,Refresh Rate,total_cores,max_freq_ghz,min_freq_ghz,weighted_mean,OS_Name,rear_count,rear_mp_max,rear_f/,rear_ois,rear_telephoto,rear_wide,front_mp,front_f/,Chipset_encoded,gpu_family_enc,PPI,SIM_total,has_eSIM
0,iphone 17 pro,6.3,0,1,256.0,12.0,3274.0,apple,2606807.0,4260.0,Apple A19 Pro GPU,120.0,6.0,4.26,2.6,3.153,0,3.0,48.0,1.6,1.0,1.0,1.0,18.0,1.9,6,2,458.1,2,0
1,oppo find x9s,6.59,2,1,256.0,12.0,7025.0,oppo,3041307.0,3730.0,Mali-G925  MP12,120.0,8.0,3.73,2.4,2.904,1,3.0,50.0,0.0,0.0,1.0,1.0,32.0,2.2,2,1,460.1,2,1
2,samsung galaxy s26 ultra,6.9,2,1,256.0,12.0,5000.0,samsung,3932243.0,4610.0,Adreno 840,120.0,8.0,4.61,3.63,3.875,1,4.0,200.0,0.0,0.0,1.0,1.0,12.0,2.2,1,0,498.0,2,1
3,iphone 17 pro max,6.9,0,1,256.0,12.0,3274.0,apple,2606807.0,4260.0,Apple A19 Pro GPU,120.0,6.0,4.26,2.6,3.153,0,3.0,48.0,1.6,1.0,1.0,1.0,18.0,1.9,6,2,457.6,2,0
4,samsung galaxy s26,6.3,2,1,256.0,12.0,4300.0,samsung,3145925.0,3800.0,Samsung Xclipse 960,120.0,10.0,3.8,2.75,3.005,1,3.0,50.0,0.0,0.0,1.0,1.0,12.0,2.2,3,3,409.1,2,1
5,iphone 17,6.3,2,1,256.0,8.0,3274.0,apple,2239708.0,4260.0,Apple A19 GPU,120.0,6.0,4.26,2.6,3.153,0,3.0,48.0,1.6,0.0,1.0,1.0,18.0,1.9,6,2,458.1,2,0
6,samsung galaxy s25 ultra,6.9,2,1,256.0,12.0,5000.0,samsung,3336910.0,4320.0,Adreno 830,120.0,8.0,4.32,3.53,3.728,1,4.0,200.0,0.0,0.0,1.0,1.0,12.0,2.0,1,0,498.0,2,1
7,itel p55 plus,6.6,0,1,256.0,8.0,5000.0,itel,330006.0,1600.0,Mali-G57 MP1,90.0,8.0,1.6,1.6,1.6,1,1.0,50.0,0.0,0.0,0.0,1.0,8.0,2.4,6,1,399.35,0,0
8,samsung galaxy a17,6.7,2,1,128.0,8.0,5000.0,samsung,592392.0,2400.0,Mali-G68 MP2,90.0,8.0,2.4,2.0,2.1,1,3.0,50.0,0.0,0.0,0.0,0.0,13.0,2.0,3,1,384.7,2,0
9,iphone air,6.5,0,1,256.0,12.0,2830.0,apple,2606807.0,4260.0,Apple A19 Pro GPU,120.0,6.0,4.26,2.6,3.153,0,1.0,48.0,1.6,0.0,0.0,0.0,18.0,1.6,6,2,463.4,2,1
10,iphone 15,6.1,2,1,128.0,6.0,3349.0,apple,1633145.0,3460.0,Apple A16 GPU,60.0,6.0,3.46,2.02,2.5,0,2.0,48.0,0.0,0.0,0.0,0.0,12.0,1.9,0,2,461.4,2,1
11,iphone 16 pro max,6.9,2,1,256.0,8.0,5000.0,apple,1808835.0,4050.0,Apple A18 Pro GPU,120.0,6.0,4.05,2.42,2.963,0,3.0,48.0,1.6,0.0,1.0,1.0,12.0,1.9,6,2,457.6,2,0
12,samsung galaxy a57,6.7,2,1,128.0,8.0,5000.0,samsung,1390055.0,2900.0,Samsung Xclipse 550,120.0,8.0,2.9,1.95,2.394,1,3.0,50.0,0.0,0.0,0.0,1.0,12.0,2.2,3,3,384.7,0,0
13,oppo reno15 f,6.57,2,1,256.0,8.0,7000.0,oppo,733620.0,2200.0,Adreno 710,120.0,8.0,2.2,1.8,2.0,1,3.0,50.0,1.8,1.0,0.0,1.0,50.0,2.0,1,0,396.7,2,0
14,oppo find n6,8.12,2,1,512.0,16.0,6000.0,oppo,3932243.0,4610.0,Adreno 840,120.0,8.0,4.61,3.63,3.875,1,4.0,200.0,1.8,0.0,1.0,1.0,20.0,2.2,1,0,399.35,2,1
15,samsung galaxy z flip7,6.9,2,1,256.0,12.0,4300.0,samsung,419670.0,1850.0,PowerVR GT7600,120.0,2.0,1.85,1.85,1.85,1,3.0,50.0,1.7,0.0,0.0,1.0,16.0,2.2,6,4,457.6,2,0
16,xiaomi 14t pro,6.67,2,1,512.0,12.0,5000.0,xiaomi,2347116.0,3400.0,Mali-G720  MP12,144.0,8.0,3.4,2.0,2.494,1,3.0,50.0,1.0,0.0,1.0,1.0,32.0,2.0,2,1,445.8,2,0
17,iphone 17e,6.1,0,1,256.0,8.0,3279.0,apple,2239708.0,4260.0,Apple A19 GPU,60.0,6.0,4.26,2.6,3.153,0,2.0,48.0,1.6,0.0,1.0,0.0,12.0,1.9,6,2,457.3,2,1
18,honor x9d,6.79,2,1,256.0,12.0,8300.0,honor,963651.0,2300.0,Adreno 810,120.0,8.0,2.3,1.8,2.013,1,2.0,108.0,1.75,0.0,0.0,1.0,16.0,2.45,1,0,427.1,2,0
19,meizu mblu note 21 pro,6.78,1,1,256.0,8.0,5000.0,meizu,547830.0,2200.0,Mali-G57 MP2,120.0,8.0,2.2,2.0,2.05,0,2.0,64.0,0.0,0.0,0.0,0.0,13.0,2.5,2,1,388.2,2,0
20,oppo find x9 ultra,6.82,2,1,512.0,12.0,7050.0,oppo,3932243.0,4610.0,Adreno 840,120.0,8.0,4.61,3.63,3.875,1,5.0,200.0,0.0,1.0,1.0,1.0,50.0,2.2,1,0,510.3,2,1
21,iphone 16 pro max,6.9,2,1,512.0,8.0,5000.0,apple,1808835.0,4050.0,Apple A18 Pro GPU,120.0,6.0,4.05,2.42,2.963,0,3.0,48.0,1.6,0.0,1.0,1.0,12.0,1.9,6,2,457.6,2,0
22,samsung galaxy a07,6.7,1,0,128.0,4.0,5000.0,samsung,547830.0,2200.0,Mali-G57 MP2,90.0,8.0,2.2,2.0,2.05,1,2.0,50.0,0.0,0.0,0.0,0.0,8.0,2.5,2,1,261.9,2,0
23,xiaomi redmi note 14 pro plus,6.67,2,1,256.0,8.0,5110.0,xiaomi,1038717.0,2500.0,Adreno 810,120.0,8.0,2.5,1.8,2.112,1,3.0,200.0,1.65,1.0,0.0,1.0,41.0,2.2,1,0,445.8,2,0
24,samsung galaxy a56,6.7,2,1,128.0,8.0,5000.0,samsung,1243000.0,2900.0,Samsung Xclipse 540,120.0,8.0,2.9,1.95,2.312,1,2.0,5.0,1.8,0.0,0.0,0.0,2.0,2.2,3,3,384.7,2,1
25,samsung galaxy a37,6.7,2,1,128.0,8.0,5000.0,samsung,997728.0,2750.0,Samsung Xclipse 530,120.0,8.0,2.75,2.0,2.375,1,3.0,50.0,0.0,0.0,0.0,1.0,12.0,2.2,3,3,384.7,0,0
26,honor x7d,6.77,1,0,256.0,8.0,6500.0,honor,461236.0,2800.0,Adreno 610,120.0,8.0,2.8,1.9,2.35,1,2.0,108.0,1.8,0.0,0.0,0.0,8.0,2.0,1,0,387.7,1,0
27,xiaomi 17 ultra,6.9,2,1,512.0,16.0,6000.0,xiaomi,3932243.0,4610.0,Adreno 840,120.0,8.0,4.61,3.63,3.875,1,2.0,200.0,0.0,0.0,0.0,1.0,50.0,2.2,1,0,457.6,2,0
28,iphone 16 pro max,6.9,2,1,1024.0,8.0,5000.0,apple,1808835.0,4050.0,Apple A18 Pro GPU,120.0,6.0,4.05,2.42,2.963,0,3.0,48.0,1.6,0.0,1.0,1.0,12.0,1.9,6,2,457.6,2,0
29,poco x8 pro max,6.83,2,0,256.0,12.0,8500.0,poco,3041307.0,3730.0,Mali-G925  MP12,120.0,8.0,3.73,2.4,2.904,1,2.0,50.0,1.5,1.0,0.0,1.0,20.0,2.2,2,1,447.0,2,1
30,iphone 17 pro max,6.9,0,1,512.0,12.0,3274.0,apple,2606807.0,4260.0,Apple A19 Pro GPU,120.0,6.0,4.26,2.6,3.153,0,3.0,48.0,1.6,1.0,1.0,1.0,18.0,1.9,6,2,457.6,0,0
31,samsung galaxy s25 fe,6.7,2,1,128.0,8.0,4900.0,samsung,2037320.0,3210.0,Samsung Xclipse 940,120.0,10.0,3.21,1.95,2.461,1,3.0,50.0,1.8,0.0,1.0,1.0,12.0,2.2,3,3,384.7,2,1
32,samsung galaxy z fold7,8.0,2,1,256.0,12.0,4400.0,samsung,3336910.0,4320.0,Adreno 830,120.0,8.0,4.32,3.53,3.728,1,3.0,200.0,1.7,0.0,0.0,0.0,10.0,2.2,1,0,259.5,2,0
33,iphone 16,6.1,2,1,128.0,8.0,5000.0,apple,1918031.0,4050.0,Apple A18 GPU,60.0,6.0,4.05,2.42,2.963,0,2.0,48.0,1.6,0.0,0.0,1.0,12.0,1.9,6,2,461.4,2,0
34,honor 400 pro,6.7,2,1,512.0,12.0,6000.0,honor,2341391.0,3300.0,Adreno 750,120.0,8.0,3.3,2.27,2.901,1,3.0,200.0,1.9,1.0,1.0,1.0,50.0,2.0,1,0,459.5,2,1
35,samsung galaxy s24 plus,6.7,2,1,256.0,12.0,4900.0,samsung,2037320.0,3210.0,Samsung Xclipse 940,120.0,10.0,3.21,1.95,2.461,1,3.0,50.0,1.8,1.0,1.0,1.0,12.0,2.2,3,3,512.9,2,1
36,iphone 17 pro,6.3,0,1,512.0,12.0,3274.0,apple,2606807.0,4260.0,Apple A19 Pro GPU,120.0,6.0,4.26,2.6,3.153,0,3.0,48.0,1.6,1.0,1.0,1.0,18.0,1.9,6,2,458.1,2,0
37,zte nubia z60s pro,6.78,2,1,512.0,16.0,5100.0,zte,1752044.0,3200.0,Adreno 740,120.0,8.0,3.2,2.0,2.55,1,3.0,50.0,1.56,0.0,1.0,1.0,16.0,2.45,1,0,382.9,2,0
38,iphone 14,6.1,2,1,128.0,6.0,3279.0,apple,1413275.0,3230.0,Apple A15 GPU,60.0,6.0,3.23,2.02,2.423,0,2.0,12.0,1.5,0.0,0.0,1.0,12.0,1.9,0,2,457.3,2,1
39,samsung galaxy a07,6.7,1,0,128.0,4.0,6000.0,samsung,532738.0,2400.0,Mali-G57 MP2,120.0,8.0,2.4,2.0,2.1,1,2.0,50.0,1.8,0.0,0.0,0.0,8.0,2.0,2,1,261.9,2,0
40,iphone 17 pro max,6.9,0,1,1024.0,12.0,3274.0,apple,2606807.0,4260.0,Apple A19 Pro GPU,120.0,6.0,4.26,2.6,3.153,0,3.0,48.0,1.6,1.0,1.0,1.0,18.0,1.9,6,2,457.6,2,0
41,iphone 15,6.1,2,1,256.0,6.0,3349.0,apple,1633145.0,3460.0,Apple A16 GPU,60.0,6.0,3.46,2.02,2.5,0,2.0,48.0,0.0,0.0,0.0,0.0,12.0,1.9,0,2,461.4,2,1
42,iphone 16e,6.1,0,1,128.0,8.0,3279.0,apple,1918031.0,4050.0,Apple A18 GPU,120.0,6.0,4.05,2.42,2.963,0,2.0,48.0,1.6,0.0,1.0,0.0,12.0,1.9,6,2,457.3,2,0
43,iphone 17 pro max,6.9,0,1,2048.0,12.0,3274.0,apple,2606807.0,4260.0,Apple A19 Pro GPU,120.0,6.0,4.26,2.6,3.153,0,3.0,48.0,1.6,1.0,1.0,1.0,18.0,1.9,6,2,457.6,0,0
44,xiaomi poco f8 pro,6.59,2,1,256.0,12.0,6210.0,xiaomi,3336910.0,4320.0,Adreno 830,120.0,8.0,4.32,3.53,3.728,1,3.0,50.0,1.88,1.0,1.0,1.0,20.0,2.0,1,0,419.3,2,1
45,samsung galaxy a36,6.7,2,1,128.0,8.0,5000.0,samsung,833548.0,2400.0,Adreno 710,120.0,8.0,2.4,1.8,2.1,1,2.0,8.0,1.8,0.0,0.0,0.0,2.0,2.2,1,0,384.7,2,1
46,nubia z70s ultra,6.76,2,1,256.0,12.0,6600.0,nubia,3336910.0,4320.0,Adreno 830,144.0,8.0,4.32,3.53,3.728,0,3.0,64.0,1.7,0.0,1.0,1.0,16.0,2.0,1,0,399.35,2,0
47,meizu mblu 22 pro,6.79,1,1,256.0,6.0,5000.0,meizu,357879.0,2000.0,Mali-G52 MP2,120.0,8.0,2.0,1.7,1.775,1,2.0,50.0,1.8,0.0,0.0,0.0,5.0,2.0,2,1,263.8,2,0
48,iphone 17,6.3,2,1,512.0,8.0,3274.0,apple,2239708.0,4260.0,Apple A19 GPU,120.0,6.0,4.26,2.6,3.153,0,3.0,48.0,1.6,0.0,1.0,1.0,18.0,1.9,6,2,458.1,2,0
49,nubia neo 3 gt,6.8,2,1,256.0,12.0,6000.0,nubia,701417.0,2700.0,Mali-G57 MP4,120.0,8.0,2.7,2.1,2.25,1,2.0,50.0,0.0,0.0,0.0,0.0,16.0,2.2,6,1,386.0,2,0
50,iphone 17 pro,6.3,0,1,1024.0,12.0,3274.0,apple,2606807.0,4260.0,Apple A19 Pro GPU,120.0,6.0,4.26,2.6,3.153,0,3.0,48.0,1.6,1.0,1.0,1.0,18.0,1.9,6,2,458.1,2,0
51,nubia z70 ultra,6.85,2,1,256.0,12.0,6150.0,nubia,3336910.0,4320.0,Adreno 830,144.0,8.0,4.32,3.53,3.728,1,3.0,64.0,0.0,0.0,0.0,0.0,16.0,2.0,1,0,399.35,2,0
52,oppo find x8,6.59,2,1,512.0,16.0,5630.0,oppo,2825187.0,3620.0,Mali-G925  MP12,120.0,8.0,3.62,2.4,2.89,1,3.0,50.0,0.0,1.0,1.0,1.0,32.0,2.4,2,1,460.1,2,1
53,iphone 16 plus,6.7,2,1,128.0,8.0,5000.0,apple,1918031.0,4050.0,Apple A18 GPU,60.0,6.0,4.05,2.42,2.963,0,2.0,48.0,1.6,0.0,0.0,1.0,12.0,1.9,6,2,459.6,2,0
54,tecno spark 40 pro,6.78,2,0,256.0,8.0,5200.0,tecno,601391.0,2200.0,Mali-G57 MP2,144.0,8.0,2.2,2.0,2.05,1,1.0,50.0,0.0,0.0,0.0,0.0,13.0,2.2,2,1,412.8,1,0
55,iphone 16e,6.1,0,1,256.0,8.0,3279.0,apple,1918031.0,4050.0,Apple A18 GPU,120.0,6.0,4.05,2.42,2.963,0,2.0,48.0,1.6,0.0,1.0,0.0,12.0,1.9,6,2,457.3,2,0
56,samsung galaxy s26 ultra,6.9,2,1,512.0,12.0,5000.0,samsung,3932243.0,4610.0,Adreno 840,120.0,8.0,4.61,3.63,3.875,1,4.0,200.0,0.0,0.0,1.0,1.0,12.0,2.2,1,0,498.0,2,1
57,xiaomi 15 ultra,6.73,2,1,512.0,16.0,5410.0,xiaomi,3336910.0,4320.0,Adreno 830,120.0,8.0,4.32,3.53,3.728,1,4.0,200.0,1.63,0.0,1.0,1.0,32.0,2.0,1,0,521.4,2,0
58,samsung galaxy s25 plus,6.7,2,1,256.0,12.0,4900.0,samsung,3336910.0,4320.0,Adreno 830,120.0,8.0,4.32,3.53,3.728,1,3.0,50.0,0.0,0.0,1.0,1.0,12.0,2.0,1,0,512.9,2,1
59,iphone air,6.5,0,1,1024.0,12.0,2830.0,apple,2606807.0,4260.0,Apple A19 Pro GPU,120.0,6.0,4.26,2.6,3.153,0,1.0,48.0,1.6,0.0,0.0,0.0,18.0,1.6,6,2,463.4,2,1
60,oppo a6 pro,6.57,2,1,256.0,8.0,7000.0,oppo,570469.0,2200.0,Mali-G57 MP2,120.0,8.0,2.2,2.0,2.05,1,2.0,50.0,1.8,0.0,0.0,0.0,16.0,2.4,2,1,396.7,2,0
61,samsung galaxy s25,6.2,2,1,256.0,12.0,4000.0,samsung,3336910.0,4320.0,Adreno 830,120.0,8.0,4.32,3.53,3.728,1,3.0,50.0,0.0,0.0,1.0,1.0,12.0,2.0,1,0,415.7,2,1
62,xiaomi 15,6.36,2,1,256.0,12.0,5240.0,xiaomi,3336910.0,4320.0,Adreno 830,120.0,8.0,4.32,3.53,3.728,1,3.0,50.0,1.62,1.0,1.0,1.0,32.0,2.0,1,0,460.3,2,0
63,xiaomi redmi 15,6.9,1,1,256.0,8.0,7000.0,xiaomi,623235.0,2300.0,Adreno 619,144.0,8.0,2.3,2.0,2.075,1,1.0,50.0,1.8,0.0,0.0,0.0,8.0,2.05,1,0,373.5,1,0
64,oppo find x9 pro,6.78,2,1,512.0,16.0,7500.0,oppo,3508681.0,4210.0,Mali-G1 Ultra MP12,120.0,8.0,4.21,2.7,3.189,1,4.0,200.0,0.0,1.0,1.0,1.0,50.0,2.0,2,1,412.8,2,1
65,xiaomi redmi note 15,6.77,2,0,128.0,6.0,5520.0,xiaomi,833548.0,2400.0,Adreno 710,120.0,8.0,2.4,1.8,2.1,1,2.0,108.0,1.7,1.0,0.0,1.0,20.0,2.2,1,0,387.7,0,0
66,iphone 16 plus,6.7,2,1,256.0,8.0,5000.0,apple,1918031.0,4050.0,Apple A18 GPU,60.0,6.0,4.05,2.42,2.963,0,2.0,48.0,1.6,0.0,0.0,1.0,12.0,1.9,6,2,459.6,2,0
67,samsung galaxy s24 ultra,6.8,2,1,256.0,12.0,5000.0,samsung,2341391.0,3300.0,Adreno 750,120.0,8.0,3.3,2.27,2.901,1,4.0,200.0,2.2,1.0,1.0,1.0,12.0,2.2,1,0,505.3,2,1
68,samsung galaxy s26 ultra,6.9,2,1,1024.0,16.0,5000.0,samsung,3932243.0,4610.0,Adreno 840,120.0,8.0,4.61,3.63,3.875,1,4.0,200.0,0.0,0.0,1.0,1.0,12.0,2.2,1,0,498.0,2,1
69,samsung galaxy s25 ultra,6.9,2,1,512.0,12.0,5000.0,samsung,3336910.0,4320.0,Adreno 830,120.0,8.0,4.32,3.53,3.728,1,4.0,200.0,0.0,0.0,1.0,1.0,12.0,2.0,1,0,498.0,2,1
70,samsung galaxy a17,6.7,2,1,128.0,8.0,5000.0,samsung,547830.0,2200.0,Mali-G57 MP2,90.0,8.0,2.2,2.0,2.05,1,3.0,50.0,0.0,0.0,0.0,0.0,13.0,2.5,2,1,384.7,2,0
71,oppo reno12,6.7,2,1,256.0,12.0,5000.0,oppo,877329.0,2500.0,Mali-G615 MP2,120.0,8.0,2.5,2.0,2.25,1,3.0,50.0,0.0,0.0,0.0,1.0,32.0,2.2,2,1,392.8,0,0
72,samsung galaxy a26,6.7,2,1,128.0,8.0,5000.0,samsung,765609.0,2400.0,Mali-G68 MP5,120.0,8.0,2.4,2.0,2.2,1,3.0,50.0,0.0,0.0,0.0,0.0,13.0,2.2,3,1,384.7,2,0
73,honor x8d,6.77,2,1,128.0,8.0,6800.0,honor,522680.0,2900.0,Adreno 610,120.0,8.0,2.9,1.9,2.4,1,2.0,108.0,1.75,0.0,0.0,0.0,16.0,2.45,1,0,387.7,2,0
74,xiaomi 15,6.36,2,1,512.0,12.0,5240.0,xiaomi,3336910.0,4320.0,Adreno 830,120.0,8.0,4.32,3.53,3.728,1,3.0,50.0,1.62,1.0,1.0,1.0,32.0,2.0,1,0,460.3,2,0
75,honor magic v5,6.43,2,1,512.0,16.0,5820.0,honor,3336910.0,4320.0,Adreno 830,120.0,8.0,4.32,3.53,3.728,1,3.0,64.0,1.6,1.0,1.0,1.0,20.0,2.2,1,0,409.3,2,1
76,oppo find x9,6.59,2,1,512.0,16.0,7025.0,oppo,3508681.0,4210.0,Mali-G1 Ultra MP12,120.0,8.0,4.21,2.7,3.189,1,4.0,50.0,0.0,1.0,1.0,1.0,32.0,2.4,2,1,460.1,2,1
77,sony xperia 10 vii,6.1,2,1,128.0,8.0,5000.0,sony,833548.0,2400.0,Adreno 710,120.0,8.0,2.4,1.8,2.1,1,2.0,50.0,1.9,0.0,0.0,0.0,8.0,2.0,1,0,422.5,2,0
78,oppo reno10 pro,6.74,2,1,256.0,12.0,4700.0,oppo,1411891.0,3200.0,Adreno 730,120.0,8.0,3.2,2.0,2.431,1,3.0,64.0,2.2,0.0,1.0,1.0,32.0,2.4,1,0,450.5,1,0
79,iphone air,6.5,0,1,512.0,12.0,2830.0,apple,2606807.0,4260.0,Apple A19 Pro GPU,120.0,6.0,4.26,2.6,3.153,0,1.0,48.0,1.6,0.0,0.0,0.0,18.0,1.6,6,2,463.4,2,1
80,samsung galaxy s24,6.2,2,1,512.0,8.0,4000.0,samsung,2037320.0,3210.0,Samsung Xclipse 940,120.0,10.0,3.21,1.95,2.461,1,3.0,50.0,1.8,1.0,1.0,1.0,12.0,2.2,3,3,415.7,2,1
81,samsung galaxy z fold7,8.0,2,1,512.0,12.0,4400.0,samsung,3336910.0,4320.0,Adreno 830,120.0,8.0,4.32,3.53,3.728,1,3.0,200.0,1.7,0.0,0.0,0.0,10.0,2.2,1,0,259.5,2,0
82,sony xperia 1 vii,6.5,2,1,256.0,12.0,5000.0,sony,3336910.0,4320.0,Adreno 830,120.0,8.0,4.32,3.53,3.728,1,3.0,52.0,1.9,0.0,1.0,1.0,12.0,2.0,1,0,396.5,1,0
83,honor 400,6.55,2,1,256.0,12.0,6000.0,honor,1020938.0,2630.0,Adreno 720,120.0,8.0,2.63,1.8,2.129,1,2.0,200.0,1.9,1.0,0.0,1.0,50.0,2.0,1,0,460.1,2,1
84,samsung galaxy s26 plus,6.7,2,1,512.0,12.0,4900.0,samsung,3145925.0,3800.0,Samsung Xclipse 960,120.0,10.0,3.8,2.75,3.005,1,3.0,50.0,0.0,0.0,1.0,1.0,12.0,2.2,3,3,512.9,0,0
85,xiaomi 15 ultra,6.73,2,1,1024.0,16.0,5410.0,xiaomi,3336910.0,4320.0,Adreno 830,120.0,8.0,4.32,3.53,3.728,1,4.0,200.0,1.63,0.0,1.0,1.0,32.0,2.0,1,0,521.4,2,0
86,nothing phone 3a,6.77,2,1,128.0,8.0,5000.0,nothing,1038717.0,2500.0,Adreno 810,120.0,8.0,2.5,1.8,2.112,1,3.0,50.0,1.88,0.0,1.0,1.0,32.0,2.2,1,0,387.7,2,0
87,samsung galaxy s25 fe,6.7,2,1,512.0,8.0,4900.0,samsung,2037320.0,3210.0,Samsung Xclipse 940,120.0,10.0,3.21,1.95,2.461,1,3.0,50.0,1.8,0.0,1.0,1.0,12.0,2.2,3,3,384.7,2,1
88,poco x8 pro max,6.83,2,0,512.0,12.0,8500.0,poco,3041307.0,3730.0,Mali-G925  MP12,120.0,8.0,3.73,2.4,2.904,1,2.0,50.0,1.5,1.0,0.0,1.0,20.0,2.2,2,1,447.0,2,1
89,samsung galaxy z fold 6,7.6,2,1,256.0,12.0,4400.0,samsung,2341391.0,3300.0,Adreno 750,120.0,8.0,3.3,2.27,2.901,1,2.0,2.0,1.8,0.0,1.0,1.0,10.0,1.8,1,0,374.7,2,1
90,meizu lucky 08,6.78,2,0,256.0,12.0,6000.0,meizu,794701.0,2400.0,Adreno 710,120.0,8.0,2.4,1.95,2.175,1,2.0,108.0,1.67,0.0,0.0,0.0,8.0,2.0,1,0,450.4,2,0
91,samsung galaxy m55,6.7,2,1,256.0,8.0,5000.0,samsung,829085.0,2400.0,Adreno 644,120.0,8.0,2.4,1.8,2.085,1,3.0,50.0,1.8,0.0,0.0,1.0,50.0,2.4,1,0,392.8,1,0
92,iphone 17e,6.1,0,1,512.0,8.0,3279.0,apple,2239708.0,4260.0,Apple A19 GPU,120.0,6.0,4.26,2.6,3.153,0,2.0,48.0,1.6,0.0,1.0,0.0,12.0,1.9,6,2,457.3,2,1
93,xiaomi 17 ultra,6.9,2,1,1024.0,16.0,6000.0,xiaomi,3932243.0,4610.0,Adreno 840,120.0,8.0,4.61,3.63,3.875,1,2.0,200.0,0.0,0.0,0.0,1.0,50.0,2.2,1,0,457.6,2,0
94,samsung galaxy s26 plus,6.7,2,1,256.0,12.0,4900.0,samsung,3145925.0,3800.0,Samsung Xclipse 960,120.0,10.0,3.8,2.75,3.005,1,3.0,50.0,0.0,0.0,1.0,1.0,12.0,2.2,3,3,512.9,2,1
95,oppo a58,6.72,0,0,128.0,8.0,5000.0,oppo,349222.0,2000.0,Mali-G52 MP2,60.0,8.0,2.0,1.8,1.85,1,2.0,50.0,0.0,0.0,0.0,0.0,8.0,2.0,2,1,393.3,1,0
96,oppo reno14,6.59,2,1,256.0,12.0,6000.0,oppo,1718082.0,3350.0,Mali-G615 MP6,120.0,8.0,3.35,2.2,2.719,1,3.0,50.0,1.8,1.0,1.0,1.0,50.0,2.0,2,1,460.1,2,0
97,honor x9d,6.79,2,1,512.0,12.0,8300.0,honor,963651.0,2300.0,Adreno 810,120.0,8.0,2.3,1.8,2.013,1,2.0,108.0,1.75,0.0,0.0,1.0,16.0,2.45,1,0,427.1,2,0
98,oppo reno12 f,6.7,2,1,256.0,8.0,5000.0,oppo,532738.0,2400.0,Mali-G57 MP2,120.0,8.0,2.4,2.0,2.1,1,3.0,50.0,0.0,0.0,0.0,1.0,32.0,2.0,2,1,392.8,0,0
99,oppo a6 pro,6.57,2,1,128.0,8.0,7000.0,oppo,570469.0,2200.0,Mali-G57 MP2,120.0,8.0,2.2,2.0,2.05,1,2.0,50.0,1.8,0.0,0.0,0.0,16.0,2.4,2,1,396.7,2,0
100,oppo find n3,7.82,2,1,512.0,16.0,4805.0,oppo,1752044.0,3200.0,Adreno 740,120.0,8.0,3.2,2.0,2.55,1,3.0,64.0,1.7,0.0,1.0,1.0,32.0,2.2,1,0,426.0,2,1
101,oppo find n5,8.12,2,1,512.0,16.0,5600.0,oppo,3336910.0,4320.0,Adreno 830,120.0,8.0,4.32,3.53,3.728,1,3.0,50.0,1.8,1.0,1.0,1.0,8.0,2.4,1,0,399.35,2,1
102,oppo find x5 pro,6.7,2,1,256.0,12.0,5000.0,oppo,1294632.0,3000.0,Adreno 730,120.0,8.0,3.0,1.8,2.212,1,3.0,50.0,1.7,0.0,1.0,1.0,32.0,2.4,1,0,525.9,1,0
103,samsung galaxy z flip7,6.9,2,1,512.0,12.0,4300.0,samsung,419670.0,1850.0,PowerVR GT7600,120.0,2.0,1.85,1.85,1.85,1,3.0,50.0,1.7,0.0,0.0,1.0,16.0,2.2,6,4,457.6,2,0
104,huawei mate x7,8.0,2,1,512.0,16.0,5600.0,huawei,419670.0,1850.0,PowerVR GT7600,120.0,2.0,1.85,1.85,1.85,1,3.0,50.0,1.7,0.0,0.0,1.0,16.0,2.2,6,4,259.5,0,0
105,honor x7d,6.77,1,0,128.0,8.0,6500.0,honor,461236.0,2800.0,Adreno 610,120.0,8.0,2.8,1.9,2.35,1,2.0,108.0,1.8,0.0,0.0,0.0,8.0,2.0,1,0,387.7,2,0
106,meizu mblu 22 pro,6.79,1,1,128.0,4.0,5000.0,meizu,357879.0,2000.0,Mali-G52 MP2,120.0,8.0,2.0,1.7,1.775,1,2.0,50.0,1.8,0.0,0.0,0.0,8.0,2.0,2,1,263.8,2,0
107,oppo a79,6.72,0,1,256.0,8.0,5000.0,oppo,527185.0,2200.0,Mali-G57 MP2,90.0,8.0,2.2,2.0,2.05,1,2.0,50.0,1.8,0.0,0.0,0.0,8.0,2.0,2,1,391.6,1,0
108,iphone 14 pro,6.1,2,1,256.0,6.0,3200.0,apple,1633145.0,3460.0,Apple A16 GPU,120.0,6.0,3.46,2.02,2.5,0,3.0,48.0,1.8,1.0,1.0,1.0,12.0,1.9,0,2,461.4,2,1
109,redmi note 13 pro,6.67,2,1,512.0,12.0,5100.0,nubia,794701.0,2400.0,Adreno 710,120.0,8.0,2.4,1.95,2.175,1,3.0,200.0,0.0,0.0,0.0,0.0,16.0,2.0,1,0,445.8,1,0
110,oppo a6t,6.75,1,1,128.0,4.0,6100.0,oppo,461236.0,2800.0,Adreno 610,120.0,8.0,2.8,1.9,2.35,1,1.0,13.0,2.2,0.0,0.0,0.0,5.0,2.2,1,0,259.9,2,0
111,nubia v70 design,6.7,1,1,128.0,8.0,5000.0,nubia,330006.0,1600.0,Mali-G57 MP1,120.0,8.0,1.6,1.6,1.6,1,2.0,50.0,0.0,0.0,0.0,0.0,6.0,2.4,6,1,261.9,2,0
112,samsung galaxy s25 edge,6.7,2,1,256.0,12.0,3900.0,samsung,419670.0,1850.0,PowerVR GT7600,120.0,2.0,1.85,1.85,1.85,1,3.0,50.0,1.7,0.0,0.0,1.0,16.0,2.2,6,4,512.9,2,1
113,meizu mblu 22,6.79,1,0,64.0,3.0,5000.0,meizu,153667.0,1600.0,PowerVR GE8322,90.0,8.0,1.6,1.2,1.4,1,1.0,13.0,1.8,0.0,0.0,0.0,5.0,2.2,6,4,345.45000000000005,0,0
114,oppo a6t,6.75,1,1,256.0,6.0,6100.0,oppo,461236.0,2800.0,Adreno 610,120.0,8.0,2.8,1.9,2.35,1,1.0,13.0,2.2,0.0,0.0,0.0,5.0,2.2,1,0,259.9,2,0
115,samsung galaxy s25 plus,6.7,2,1,512.0,12.0,4900.0,samsung,3336910.0,4320.0,Adreno 830,120.0,8.0,4.32,3.53,3.728,1,3.0,50.0,0.0,0.0,1.0,1.0,12.0,2.0,1,0,512.9,2,1
116,samsung galaxy s26,6.3,2,1,512.0,12.0,4300.0,samsung,3145925.0,3800.0,Samsung Xclipse 960,120.0,10.0,3.8,2.75,3.005,1,3.0,50.0,0.0,0.0,1.0,1.0,12.0,2.2,3,3,409.1,2,1
117,oppo reno10,6.7,2,1,256.0,8.0,5000.0,oppo,802497.0,2600.0,Mali-G68 MP4,120.0,8.0,2.6,2.0,2.15,1,3.0,64.0,1.7,0.0,1.0,1.0,32.0,2.4,2,1,394.4,1,0
118,iphone 15 pro,6.1,2,1,256.0,8.0,3274.0,apple,1503813.0,3780.0,Apple A17 GPU,120.0,6.0,3.78,2.11,2.667,0,3.0,48.0,1.78,0.0,1.0,1.0,12.0,1.9,6,2,461.4,2,1
119,nubia air,6.78,2,0,256.0,8.0,5000.0,nubia,639225.0,2200.0,Mali-G57 MP2,120.0,8.0,2.2,2.0,2.05,1,2.0,50.0,0.0,0.0,0.0,0.0,20.0,2.0,6,1,412.8,2,0
120,oppo a6t,6.75,1,1,64.0,4.0,6100.0,oppo,461236.0,2800.0,Adreno 610,120.0,8.0,2.8,1.9,2.35,1,1.0,13.0,2.2,0.0,0.0,0.0,5.0,2.2,1,0,259.9,2,0
121,meizu mblu 21,6.79,0,0,128.0,6.0,4900.0,meizu,330006.0,1600.0,Mali-G57 MP1,90.0,8.0,1.6,1.6,1.6,1,1.0,13.0,0.0,0.0,0.0,0.0,8.0,2.4,6,1,345.45000000000005,2,0
122,samsung galaxy z flip6,6.7,2,1,256.0,12.0,4000.0,samsung,2341391.0,3300.0,Adreno 750,120.0,8.0,3.3,2.27,2.901,1,1.0,2.0,1.8,0.0,0.0,1.0,32.0,2.2,1,0,425.7,2,1
123,tecno spark 50,6.78,1,0,128.0,4.0,6700.0,tecno,357879.0,2000.0,Mali-G52 MP2,120.0,8.0,2.0,1.7,1.775,1,1.0,50.0,0.0,0.0,0.0,0.0,8.0,2.0,2,1,412.8,2,0
124,honor 400,6.55,2,1,512.0,12.0,6000.0,honor,1020938.0,2630.0,Adreno 720,120.0,8.0,2.63,1.8,2.129,1,2.0,200.0,1.9,1.0,0.0,1.0,50.0,2.0,1,0,460.1,2,1
125,honor x7d,6.77,1,1,256.0,8.0,6500.0,honor,623235.0,2300.0,Adreno 619,120.0,8.0,2.3,2.0,2.075,1,2.0,50.0,1.8,0.0,0.0,0.0,5.0,2.2,1,0,260.8,2,0
126,xiaomi redmi note 12 pro,6.67,2,1,256.0,8.0,5000.0,xiaomi,722902.0,2600.0,Mali-G68 MP4,120.0,8.0,2.6,2.0,2.15,1,3.0,50.0,1.9,0.0,0.0,1.0,16.0,2.2,2,1,394.6,1,0
127,honor play 10,6.74,1,0,128.0,4.0,5000.0,honor,357879.0,2000.0,Mali-G52 MP2,90.0,8.0,2.0,1.7,1.775,1,1.0,13.0,0.0,0.0,0.0,0.0,5.0,2.0,2,1,260.3,2,0
128,nubia v60 design,6.6,0,0,256.0,6.0,5000.0,nubia,330006.0,1600.0,Mali-G57 MP1,90.0,8.0,1.6,1.6,1.6,1,2.0,50.0,0.0,0.0,0.0,0.0,8.0,2.4,6,1,267.5,1,0
129,honor x7c,6.77,1,0,256.0,8.0,6000.0,honor,461236.0,2800.0,Adreno 610,120.0,8.0,2.8,1.9,2.35,1,2.0,108.0,1.75,0.0,0.0,0.0,8.0,2.0,1,0,387.7,1,0
130,honor x5c plus,6.74,1,1,64.0,4.0,5130.0,honor,357879.0,2000.0,Mali-G52 MP2,90.0,8.0,2.0,1.7,1.775,1,1.0,50.0,1.8,0.0,0.0,0.0,5.0,2.2,2,1,260.3,1,0
131,sony xperia 1vi,6.5,2,1,256.0,12.0,5000.0,sony,2341391.0,3300.0,Adreno 750,120.0,8.0,3.3,2.27,2.901,1,4.0,52.0,1.985,0.0,0.0,0.0,12.0,2.0,1,0,400.7,0,0
132,meizu mblu 21,6.79,0,0,64.0,4.0,4900.0,meizu,330006.0,1600.0,Mali-G57 MP1,90.0,8.0,1.6,1.6,1.6,1,1.0,13.0,0.0,0.0,0.0,0.0,8.0,2.4,6,1,345.45000000000005,2,0
133,vivo y28,6.68,1,0,256.0,8.0,6000.0,vivo,349222.0,2000.0,Mali-G52 MP2,90.0,8.0,2.0,1.8,1.85,1,2.0,50.0,1.8,0.0,0.0,0.0,8.0,2.05,2,1,263.7,2,0
134,honor x5c plus,6.74,1,1,128.0,4.0,5130.0,honor,357879.0,2000.0,Mali-G52 MP2,90.0,8.0,2.0,1.7,1.775,1,1.0,50.0,1.8,0.0,0.0,0.0,5.0,2.2,2,1,260.3,1,0
135,samsung galaxy s23 plus,6.6,2,1,256.0,8.0,4700.0,samsung,1752044.0,3200.0,Adreno 740,120.0,8.0,3.2,2.0,2.55,1,3.0,50.0,1.8,0.0,1.0,1.0,12.0,2.2,1,0,390.5,2,1
136,itel p55 plus,6.6,0,0,128.0,8.0,5000.0,itel,330006.0,1600.0,Mali-G57 MP1,90.0,8.0,1.6,1.6,1.6,1,1.0,50.0,0.0,0.0,0.0,1.0,8.0,2.4,6,1,399.35,0,0
137,xiaomi redmi note 11 pro plus,6.67,2,1,256.0,8.0,4500.0,xiaomi,750481.0,2500.0,Mali-G68 MP4,120.0,8.0,2.5,2.0,2.125,1,3.0,108.0,1.8,0.0,0.0,1.0,16.0,2.0,2,1,394.6,1,0
138,vivo y16,6.51,1,0,128.0,4.0,5000.0,vivo,199111.0,2300.0,PowerVR GE8320,90.0,8.0,2.3,1.8,2.05,1,2.0,13.0,2.2,0.0,0.0,0.0,5.0,2.2,2,4,269.5,1,0
139,oppo reno8,6.4,2,1,256.0,8.0,4500.0,oppo,954090.0,3000.0,Mali-G77 MP9,90.0,8.0,3.0,2.0,2.35,1,3.0,50.0,1.8,0.0,0.0,0.0,32.0,2.4,2,1,411.2,1,0
140,vivo v25,6.44,2,1,128.0,8.0,4500.0,vivo,671241.0,2400.0,Mali-G68 MP4,90.0,8.0,2.4,2.0,2.1,1,3.0,64.0,1.79,0.0,0.0,1.0,50.0,2.0,2,1,409.2,1,0
141,iphone 12 pro max i,6.7,2,1,128.0,6.0,3687.0,apple,1337390.0,3100.0,Apple A14 GPU,60.0,6.0,3.1,1.8,2.233,0,3.0,12.0,1.6,1.0,1.0,1.0,12.0,2.2,0,2,456.8,2,1
142,samsung galaxy s23 ultra,6.8,2,1,256.0,8.0,5000.0,samsung,1752044.0,3200.0,Adreno 740,120.0,8.0,3.2,2.0,2.55,1,4.0,200.0,1.7,1.0,1.0,1.0,12.0,2.2,1,0,501.1,2,1
143,xiaomi redmi note 13,6.67,2,0,128.0,6.0,5000.0,xiaomi,461236.0,2800.0,Adreno 610,120.0,8.0,2.8,1.9,2.35,1,3.0,108.0,0.0,0.0,0.0,0.0,16.0,2.2,1,0,394.6,1,0
144,iphone 16 pro,6.3,2,1,1024.0,8.0,5000.0,apple,1808835.0,4050.0,Apple A18 Pro GPU,120.0,6.0,4.05,2.42,2.963,0,3.0,48.0,1.6,0.0,1.0,1.0,12.0,1.9,6,2,458.1,2,0
145,samsung galaxy a16,6.7,2,1,128.0,8.0,5000.0,samsung,532738.0,2400.0,Mali-G57 MP2,90.0,8.0,2.4,2.0,2.1,1,3.0,50.0,1.8,0.0,0.0,1.0,13.0,2.0,2,1,384.7,2,0
146,samsung galaxy note 10 plus,6.8,2,1,256.0,12.0,4300.0,samsung,798922.0,2730.0,Mali-G76 MP12,120.0,8.0,2.73,1.95,2.257,1,3.0,16.0,2.1,1.0,1.0,1.0,10.0,2.2,3,1,494.7,1,0
147,samsung galaxy s20,6.2,2,0,128.0,8.0,4000.0,samsung,901199.0,2730.0,Mali-G77 MP11,120.0,8.0,2.73,2.0,2.308,1,3.0,64.0,1.8,1.0,1.0,1.0,10.0,2.2,3,1,566.0,1,0
148,samsung galaxy s23 ultra,6.8,2,1,512.0,12.0,5000.0,samsung,1752044.0,3200.0,Adreno 740,120.0,8.0,3.2,2.0,2.55,1,4.0,200.0,1.7,1.0,1.0,1.0,12.0,2.2,1,0,501.1,2,1
149,tecno spark 40,6.67,1,1,256.0,8.0,5200.0,tecno,354158.0,2000.0,Mali-G52 MP2,120.0,8.0,2.0,1.8,1.85,1,1.0,50.0,0.0,0.0,0.0,0.0,8.0,2.2,2,1,263.0,1,0
150,samsung galaxy note 10,6.3,2,1,256.0,8.0,3500.0,samsung,798922.0,2730.0,Mali-G76 MP12,120.0,8.0,2.73,1.95,2.257,1,3.0,16.0,2.1,1.0,1.0,1.0,10.0,2.2,3,1,400.5,1,0
151,nubia redmagic 8s pro,6.8,2,1,256.0,12.0,6000.0,nubia,1752044.0,3200.0,Adreno 740,120.0,8.0,3.2,2.0,2.55,1,3.0,50.0,1.9,0.0,0.0,1.0,16.0,2.0,1,0,399.9,1,0
152,xiaomi redmi note 11 pro,6.67,2,1,128.0,8.0,5000.0,xiaomi,493222.0,2050.0,Mali-G57 MP2,120.0,8.0,2.05,2.0,2.013,1,4.0,108.0,1.9,0.0,1.0,1.0,16.0,2.4,2,1,394.6,1,0
153,samsung galaxy note 20 ultra,6.9,2,1,256.0,12.0,4500.0,samsung,901199.0,2730.0,Mali-G77 MP11,90.0,8.0,2.73,2.0,2.308,1,3.0,108.0,1.8,1.0,1.0,1.0,10.0,2.2,3,1,493.8,1,0
154,samsung galaxy note 20,6.7,2,0,256.0,8.0,4300.0,samsung,901199.0,2730.0,Mali-G77 MP11,60.0,8.0,2.73,2.0,2.308,1,3.0,64.0,1.8,1.0,1.0,1.0,10.0,2.2,3,1,392.8,1,0
155,samsung galaxy s20 fe,6.5,2,1,256.0,8.0,4500.0,samsung,964589.0,2840.0,Adreno 650,120.0,8.0,2.84,1.8,2.163,1,3.0,12.0,1.8,0.0,1.0,1.0,32.0,2.0,1,0,404.9,1,0
156,zte nubia z60s pro,6.78,2,1,256.0,12.0,5100.0,zte,1752044.0,3200.0,Adreno 740,120.0,8.0,3.2,2.0,2.55,1,3.0,50.0,1.56,0.0,1.0,1.0,16.0,2.45,1,0,382.9,2,0
157,iphone 15 pro max,6.7,2,1,1024.0,8.0,4422.0,apple,1503813.0,3780.0,Apple A17 GPU,120.0,6.0,3.78,2.11,2.667,0,3.0,48.0,1.78,0.0,1.0,1.0,12.0,1.9,6,2,459.6,2,1
158,oppo reno13 f,6.67,2,1,256.0,8.0,5800.0,oppo,570469.0,2200.0,Mali-G57 MP2,120.0,8.0,2.2,2.0,2.05,1,3.0,50.0,1.8,0.0,0.0,1.0,32.0,2.4,2,1,394.6,1,0
159,asus rog phone 6,6.78,2,1,256.0,12.0,6000.0,asus,1411891.0,3200.0,Adreno 730,165.0,8.0,3.2,2.0,2.431,1,3.0,50.0,1.9,0.0,0.0,1.0,12.0,2.4,1,0,394.6,1,0
160,oppo a18,6.56,1,0,64.0,4.0,5000.0,oppo,349222.0,2000.0,Mali-G52 MP2,90.0,8.0,2.0,1.8,1.85,1,2.0,8.0,0.0,0.0,0.0,0.0,5.0,2.0,2,1,269.1,1,0
161,nubia v70 max,6.9,1,1,128.0,4.0,6000.0,nubia,330006.0,1600.0,Mali-G57 MP1,120.0,8.0,1.6,1.6,1.6,1,2.0,50.0,0.0,0.0,0.0,0.0,8.0,2.4,6,1,259.6,2,0
162,samsung galaxy a72,6.7,2,1,256.0,8.0,5000.0,samsung,514122.0,2300.0,Adreno 618,90.0,8.0,2.3,1.8,1.925,1,4.0,64.0,1.8,1.0,1.0,1.0,32.0,2.2,1,0,392.8,1,0
163,xiaomi redmi 10c,6.71,1,1,128.0,4.0,5000.0,xiaomi,415362.0,2400.0,Adreno 610,60.0,8.0,2.4,1.9,2.15,1,2.0,50.0,1.8,0.0,0.0,0.0,2.0,2.4,1,0,268.3,1,0
164,masstel s7,6.745,1,0,128.0,4.0,5000.0,masstel,153667.0,1600.0,PowerVR GE8322,60.0,8.0,1.6,1.2,1.4,1,1.0,3.0,2.0,0.0,0.0,0.0,5.0,2.0,6,4,260.1,2,0
165,samsung galaxy a54,6.4,2,1,256.0,8.0,5000.0,samsung,765609.0,2400.0,Mali-G68 MP5,120.0,8.0,2.4,2.0,2.2,1,3.0,50.0,1.8,0.0,0.0,1.0,32.0,2.2,3,1,402.7,1,0
166,honor x5b,6.56,1,0,64.0,4.0,5200.0,honor,195539.0,2200.0,PowerVR GE8320,90.0,8.0,2.2,1.8,2.0,1,1.0,13.0,1.8,0.0,0.0,0.0,5.0,2.2,2,4,269.1,1,0
167,nubia a36,6.75,1,0,64.0,4.0,5000.0,nubia,419670.0,1850.0,PowerVR GT7600,90.0,2.0,1.85,1.85,1.85,1,3.0,50.0,1.7,0.0,0.0,1.0,16.0,2.2,6,4,259.9,2,0
168,nubia a56,6.75,1,0,128.0,4.0,5000.0,nubia,419670.0,1850.0,PowerVR GT7600,90.0,2.0,1.85,1.85,1.85,1,3.0,50.0,1.7,0.0,0.0,1.0,16.0,2.2,6,4,259.9,2,0
169,realme 9 pro,6.6,1,0,128.0,8.0,5000.0,realme,592489.0,2200.0,Adreno 619,120.0,8.0,2.2,1.8,1.9,1,3.0,64.0,1.79,0.0,0.0,1.0,16.0,2.2,1,0,400.4,1,0
170,tecno spark 30c,6.67,0,1,128.0,4.0,5000.0,tecno,357879.0,2000.0,Mali-G52 MP2,120.0,8.0,2.0,1.7,1.775,1,1.0,48.0,0.0,0.0,0.0,0.0,8.0,2.0,2,1,263.0,0,0
171,xiaomi 14 pro,6.8,2,1,128.0,8.0,5000.0,xiaomi,1411891.0,3200.0,Adreno 730,120.0,8.0,3.2,2.0,2.431,1,3.0,64.0,0.0,0.0,0.0,0.0,32.0,2.4,1,0,403.2,0,0
172,samsung galaxy a21s,6.5,1,0,64.0,6.0,5000.0,samsung,231906.0,2000.0,Mali-G52 MP1,120.0,8.0,2.0,2.0,2.0,1,4.0,48.0,2.0,0.0,0.0,1.0,13.0,2.2,3,1,269.9,1,0
173,samsung galaxy a06s,6.8,1,0,128.0,6.0,6000.0,samsung,353817.0,2000.0,Mali-G52 MP2,120.0,8.0,2.0,1.8,1.85,1,3.0,13.0,0.0,0.0,0.0,0.0,5.0,2.35,2,1,403.2,0,0
174,xperia 10 v,6.1,2,1,128.0,8.0,5000.0,sony,592489.0,2200.0,Adreno 619,60.0,8.0,2.2,1.8,1.9,1,2.0,48.0,1.8,0.0,0.0,1.0,8.0,2.0,1,0,449.5,1,0
175,xiaomi 14 lite,6.66,2,0,128.0,8.0,4600.0,xiaomi,1118041.0,2840.0,Adreno 660,144.0,8.0,2.84,1.8,2.163,1,4.0,64.0,0.0,0.0,0.0,0.0,32.0,2.3499999999999996,1,0,395.2,0,0
176,samsung galaxy a15,6.5,2,1,256.0,8.0,5000.0,samsung,513180.0,2200.0,Mali-G57 MP2,90.0,8.0,2.2,2.0,2.05,1,3.0,50.0,0.0,0.0,0.0,0.0,13.0,2.2,2,1,396.5,1,0
177,oppo reno13f -,6.73,0,0,512.0,12.0,5000.0,oppo,419670.0,1850.0,PowerVR GT7600,120.0,2.0,1.85,1.85,1.85,1,3.0,50.0,1.7,0.0,0.0,1.0,16.0,2.2,6,4,521.4,0,0
178,xiaomi 14,6.36,2,1,256.0,12.0,4610.0,xiaomi,2341391.0,3300.0,Adreno 750,120.0,8.0,3.3,2.27,2.901,1,3.0,50.0,1.6,1.0,1.0,1.0,32.0,2.0,1,0,460.3,2,1
179,tecno phantom v fold,6.73,2,1,256.0,12.0,5000.0,tecno,1453683.0,3200.0,Mali-G710 MP10,120.0,8.0,3.2,1.8,2.369,1,3.0,50.0,1.9,0.0,1.0,1.0,32.0,2.5,2,1,521.4,1,0
180,xiaomi 14,6.36,2,1,256.0,8.0,4610.0,xiaomi,2341391.0,3300.0,Adreno 750,120.0,8.0,3.3,2.27,2.901,1,3.0,50.0,1.6,1.0,1.0,1.0,32.0,2.0,1,0,460.3,2,1
181,samsung a36 -,6.67,0,0,256.0,8.0,5000.0,samsung,419670.0,1850.0,PowerVR GT7600,120.0,2.0,1.85,1.85,1.85,1,3.0,50.0,1.7,0.0,0.0,1.0,16.0,2.2,6,4,394.6,0,0
182,samsung galaxy note 20 ultra,6.9,2,0,256.0,12.0,4500.0,samsung,901199.0,2730.0,Mali-G77 MP11,120.0,8.0,2.73,2.0,2.308,1,3.0,108.0,1.8,1.0,1.0,1.0,10.0,2.2,3,1,493.8,1,0
183,realme 9 se,6.6,1,0,128.0,6.0,5000.0,realme,780000.0,2400.0,Adreno 642,144.0,8.0,2.4,1.8,2.1,1,3.0,48.0,1.8,0.0,0.0,1.0,16.0,2.1,1,0,400.4,1,0
184,tecno pova 4,6.9,1,0,128.0,6.0,7000.0,tecno,534895.0,2050.0,Mali-G76 MP4,90.0,8.0,2.05,2.0,2.013,1,4.0,48.0,0.0,0.0,0.0,0.0,8.0,2.225,2,1,457.6,0,0
185,tecno camon 19,6.8,1,1,128.0,4.0,5000.0,tecno,349222.0,2000.0,Mali-G52 MP2,90.0,8.0,2.0,1.8,1.85,0,2.0,64.0,1.7,0.0,0.0,1.0,16.0,2.0,2,1,395.1,1,0
186,samsung galaxy a34,6.6,2,1,256.0,8.0,5000.0,samsung,722902.0,2600.0,Mali-G68 MP4,120.0,8.0,2.6,2.0,2.15,1,3.0,48.0,1.8,0.0,0.0,1.0,13.0,2.2,2,1,398.8,1,0
187,huawei enjoy 50 pro,6.7,0,1,128.0,8.0,5000.0,huawei,415362.0,2400.0,Adreno 610,120.0,8.0,2.4,1.9,2.15,1,2.0,50.0,1.8,0.0,0.0,0.0,8.0,2.2,1,0,391.2,0,0
188,oppo reno13f -,6.73,0,0,256.0,12.0,5000.0,oppo,419670.0,1850.0,PowerVR GT7600,120.0,2.0,1.85,1.85,1.85,1,3.0,50.0,1.7,0.0,0.0,1.0,16.0,2.2,6,4,521.4,0,0
189,oppo reno13f -,6.67,0,0,256.0,8.0,5000.0,oppo,419670.0,1850.0,PowerVR GT7600,120.0,2.0,1.85,1.85,1.85,1,3.0,50.0,1.7,0.0,0.0,1.0,16.0,2.2,6,4,394.6,0,0
190,oppo reno13f -,6.67,0,0,128.0,8.0,5000.0,oppo,419670.0,1850.0,PowerVR GT7600,120.0,2.0,1.85,1.85,1.85,1,3.0,50.0,1.7,0.0,0.0,1.0,16.0,2.2,6,4,394.6,0,0
191,tecno pova neo 2,6.82,1,1,64.0,4.0,7000.0,tecno,349222.0,2000.0,Mali-G52 MP2,90.0,8.0,2.0,1.8,1.85,1,1.0,16.0,0.0,0.0,0.0,1.0,8.0,2.0,2,1,262.6,1,0
192,bphone b86s,6.1,0,0,128.0,4.0,3000.0,bphone,412926.0,2000.0,Adreno 612,90.0,8.0,2.0,1.7,1.775,1,2.0,12.0,1.8,0.0,0.0,0.0,32.0,2.2,1,0,396.6,2,1
193,bphone b86s,6.1,0,0,128.0,4.0,3000.0,bphone,412926.0,2000.0,Adreno 612,90.0,8.0,2.0,1.7,1.775,1,2.0,12.0,1.8,0.0,0.0,0.0,32.0,2.2,1,0,396.6,2,1
194,samsung galaxy m21s,6.4,2,0,128.0,6.0,6000.0,samsung,355351.0,2300.0,Mali-G72 MP3,120.0,8.0,2.3,1.7,2.0,1,3.0,64.0,2.2,0.0,0.0,1.0,32.0,2.2,3,1,402.7,1,0
195,iphone 15 pro max,6.7,2,1,1024.0,8.0,5000.0,apple,1503813.0,3780.0,Apple A17 GPU,120.0,6.0,3.78,2.11,2.667,1,3.0,48.0,1.78,0.0,1.0,1.0,12.0,1.9,6,2,459.6,0,0
196,apple iphone 5s,4.0,0,0,16.0,1.0,1560.0,apple,419670.0,1850.0,PowerVR GT7600,120.0,2.0,1.85,1.85,1.85,1,3.0,50.0,1.7,0.0,0.0,1.0,16.0,2.2,6,4,326.0,1,0
197,xiaomi redmi note 9 pro,6.66,1,1,64.0,6.0,5020.0,xiaomi,514122.0,2300.0,Adreno 618,120.0,8.0,2.3,1.8,1.925,1,4.0,64.0,1.9,0.0,0.0,1.0,16.0,2.5,1,0,395.2,1,0
198,samsung galaxy a23,6.6,1,0,128.0,6.0,5000.0,samsung,415362.0,2400.0,Adreno 610,90.0,8.0,2.4,1.9,2.15,1,4.0,50.0,0.0,0.0,0.0,0.0,8.0,2.2,1,0,399.35,0,0
199,oppo a52,6.5,1,0,128.0,6.0,5000.0,oppo,323556.0,2000.0,Adreno 610,120.0,8.0,2.0,1.8,1.9,1,4.0,12.0,1.7,0.0,0.0,1.0,16.0,2.0,1,0,411.2,1,0
200,xiaomi 12x,6.28,2,1,128.0,8.0,4500.0,xiaomi,1005598.0,3200.0,Adreno 650,120.0,8.0,3.2,1.8,2.208,1,3.0,50.0,1.9,0.0,1.0,1.0,32.0,2.5,1,0,419.1,1,0
201,vivo x200 ultra,6.82,2,0,256.0,12.0,6000.0,vivo,3336910.0,4320.0,Adreno 830,120.0,8.0,4.32,3.53,3.728,1,3.0,200.0,1.7,0.0,1.0,1.0,50.0,2.0,1,0,510.3,0,0
202,oppo a32,6.5,1,0,64.0,4.0,5000.0,oppo,251428.0,1800.0,Adreno 610,90.0,8.0,1.8,1.8,1.8,1,3.0,13.0,2.0,0.0,0.0,1.0,16.0,2.0,1,0,269.9,1,0
203,oppo reno13f -,6.73,0,0,512.0,12.0,5000.0,oppo,419670.0,1850.0,PowerVR GT7600,120.0,2.0,1.85,1.85,1.85,1,3.0,50.0,1.7,0.0,0.0,1.0,16.0,2.2,6,4,521.4,0,0
204,oppo reno13f - -,6.67,2,1,128.0,8.0,5800.0,oppo,570469.0,2200.0,Mali-G57 MP2,120.0,8.0,2.2,2.0,2.05,1,3.0,50.0,1.8,0.0,0.0,1.0,32.0,2.4,2,1,394.6,2,0
205,oppo a92,6.5,1,0,128.0,8.0,5000.0,oppo,323556.0,2000.0,Adreno 610,120.0,8.0,2.0,1.8,1.9,1,4.0,48.0,1.7,0.0,0.0,1.0,16.0,2.0,1,0,404.9,1,0
206,bphone b40,6.58,0,0,64.0,4.0,5000.0,bphone,419670.0,1850.0,PowerVR GT7600,90.0,2.0,1.85,1.85,1.85,1,3.0,50.0,1.7,0.0,0.0,1.0,16.0,2.2,6,4,401.1,1,0
207,samsung galaxy a70,6.7,2,0,128.0,6.0,4500.0,samsung,412926.0,2000.0,Adreno 612,120.0,8.0,2.0,1.7,1.775,1,3.0,32.0,1.7,0.0,0.0,0.0,32.0,2.2,1,0,384.7,1,0
208,samsung galaxy xcover6 pro,6.6,1,1,128.0,6.0,4050.0,samsung,780000.0,2400.0,Adreno 642,120.0,8.0,2.4,1.8,2.1,1,2.0,50.0,1.8,0.0,0.0,1.0,13.0,2.0,1,0,399.9,0,0
209,xiaomi 14,6.36,2,1,512.0,12.0,4610.0,xiaomi,2341391.0,3300.0,Adreno 750,120.0,8.0,3.3,2.27,2.901,1,3.0,50.0,1.6,1.0,1.0,1.0,32.0,2.0,1,0,460.3,2,1
210,oppo find x8 mini,6.3,2,0,256.0,12.0,5600.0,oppo,2825187.0,3620.0,Mali-G925  MP12,120.0,8.0,3.62,2.4,2.89,1,3.0,50.0,1.8,0.0,1.0,1.0,32.0,2.4,2,1,458.1,0,0
211,oppo a31,6.5,1,0,128.0,4.0,4230.0,oppo,199111.0,2300.0,PowerVR GE8320,90.0,8.0,2.3,1.8,2.05,1,3.0,12.0,0.0,0.0,0.0,0.0,8.0,2.2,2,4,269.9,1,0
212,vsmart joy 3,6.5,1,0,32.0,2.0,5000.0,vsmart,243691.0,1800.0,Adreno 506,120.0,8.0,1.8,1.8,1.8,1,3.0,13.0,0.0,0.0,0.0,0.0,8.0,2.2,1,0,269.9,1,0
213,samsung galaxy m51,6.66,1,0,128.0,6.0,7000.0,samsung,494401.0,2200.0,Adreno 618,120.0,8.0,2.2,1.8,1.9,1,3.0,64.0,2.0,0.0,0.0,1.0,32.0,2.0,1,0,387.0,1,0
214,samsung galaxy s 2019,6.1,0,0,128.0,8.0,3500.0,samsung,419670.0,1850.0,PowerVR GT7600,120.0,2.0,1.85,1.85,1.85,1,3.0,50.0,1.7,0.0,0.0,1.0,16.0,2.2,6,4,457.3,0,0
215,nokia 7 2,6.3,1,1,64.0,4.0,3500.0,nokia,347995.0,2200.0,Adreno 512,90.0,8.0,2.2,1.84,2.02,1,3.0,48.0,0.0,0.0,0.0,0.0,20.0,2.2,1,0,409.1,1,0
216,vsmart joy 2 plus,6.2,1,0,32.0,2.0,4500.0,vsmart,419670.0,1850.0,PowerVR GT7600,120.0,2.0,1.85,1.85,1.85,1,3.0,50.0,1.7,0.0,0.0,1.0,16.0,2.2,6,4,415.7,0,0
217,tecno pop 6 go,6.0,1,0,32.0,2.0,4000.0,tecno,419670.0,1850.0,PowerVR GT7600,120.0,2.0,1.85,1.85,1.85,1,3.0,50.0,1.7,0.0,0.0,1.0,16.0,2.2,6,4,178.9,0,0
218,infinix smart 9,6.7,1,0,64.0,3.0,5000.0,infinix,357879.0,2000.0,Mali-G52 MP2,120.0,8.0,2.0,1.7,1.775,1,1.0,13.0,1.9,0.0,0.0,0.0,8.0,2.0,2,1,261.9,2,0
219,iphone 16 pro,6.3,2,1,128.0,8.0,5000.0,apple,1808835.0,4050.0,Apple A18 Pro GPU,120.0,6.0,4.05,2.42,2.963,0,3.0,48.0,1.6,0.0,1.0,1.0,12.0,1.9,6,2,458.1,2,0
220,xiaomi 15t pro,6.83,2,0,512.0,12.0,5500.0,xiaomi,2874956.0,3730.0,Mali-G925  MP12,144.0,8.0,3.73,2.4,2.904,1,3.0,50.0,1.62,1.0,1.0,1.0,32.0,2.2,2,1,447.0,0,0
221,iphone 16 pro,6.3,2,1,256.0,8.0,5000.0,apple,1808835.0,4050.0,Apple A18 Pro GPU,120.0,6.0,4.05,2.42,2.963,0,3.0,48.0,1.6,0.0,1.0,1.0,12.0,1.9,6,2,458.1,2,0
222,honor x9c,6.78,2,1,256.0,12.0,6600.0,honor,733620.0,2200.0,Adreno 710,120.0,8.0,2.2,1.8,2.0,1,2.0,108.0,1.75,1.0,0.0,1.0,16.0,2.45,1,0,412.8,1,0
223,iphone 15 plus,6.7,2,1,128.0,6.0,4383.0,apple,1633145.0,3460.0,Apple A16 GPU,60.0,6.0,3.46,2.02,2.5,0,2.0,48.0,0.0,0.0,0.0,0.0,12.0,1.9,0,2,459.6,2,1
224,iphone 15 pro,6.1,2,1,128.0,8.0,3274.0,apple,1503813.0,3780.0,Apple A17 GPU,120.0,6.0,3.78,2.11,2.667,0,3.0,48.0,1.78,0.0,1.0,1.0,12.0,1.9,6,2,461.4,2,1
225,iphone 14 pro,6.1,2,1,128.0,6.0,3200.0,apple,1633145.0,3460.0,Apple A16 GPU,120.0,6.0,3.46,2.02,2.5,0,3.0,48.0,1.8,1.0,1.0,1.0,12.0,1.9,0,2,461.4,2,1
226,oppo find x9,6.59,2,1,256.0,12.0,7025.0,oppo,3508681.0,4210.0,Mali-G1 Ultra MP12,120.0,8.0,4.21,2.7,3.189,1,4.0,50.0,0.0,1.0,1.0,1.0,32.0,2.4,2,1,460.1,2,1
227,iphone 14 pro max,6.7,2,1,256.0,6.0,4323.0,apple,1633145.0,3460.0,Apple A16 GPU,120.0,6.0,3.46,2.02,2.5,0,3.0,48.0,1.8,1.0,1.0,1.0,12.0,1.9,0,2,459.6,2,1
228,iphone 16,6.1,2,1,256.0,8.0,5000.0,apple,1918031.0,4050.0,Apple A18 GPU,120.0,6.0,4.05,2.42,2.963,0,2.0,48.0,1.6,0.0,0.0,1.0,12.0,1.9,6,2,461.4,2,0
229,iphone 11,6.1,1,1,64.0,4.0,3110.0,apple,1091336.0,2650.0,Apple A13 GPU,90.0,6.0,2.65,1.6,1.95,0,1.0,12.0,1.8,0.0,0.0,1.0,12.0,2.2,0,2,323.6,2,1
230,iphone 15 plus,6.7,2,1,256.0,6.0,4383.0,apple,1633145.0,3460.0,Apple A16 GPU,60.0,6.0,3.46,2.02,2.5,0,2.0,48.0,0.0,0.0,0.0,0.0,12.0,1.9,0,2,459.6,2,1
231,samsung galaxy a07,6.7,1,0,256.0,8.0,5000.0,samsung,547830.0,2200.0,Mali-G57 MP2,120.0,8.0,2.2,2.0,2.05,1,2.0,50.0,0.0,0.0,0.0,0.0,8.0,2.5,2,1,261.9,2,0
232,xiaomi redmi note 13 pro,6.67,2,1,256.0,8.0,5100.0,xiaomi,794701.0,2400.0,Adreno 710,120.0,8.0,2.4,1.95,2.175,1,3.0,200.0,0.0,0.0,0.0,0.0,16.0,2.0,1,0,445.8,2,1
233,realme gt neo 3,6.7,2,1,128.0,6.0,5000.0,realme,1085324.0,2850.0,Mali-G610 MP6,120.0,8.0,2.85,2.0,2.425,1,3.0,50.0,1.9,0.0,0.0,1.0,16.0,2.5,2,1,394.4,1,0
234,samsung galaxy a06,6.7,1,0,128.0,4.0,5000.0,samsung,349222.0,2000.0,Mali-G52 MP2,90.0,8.0,2.0,1.8,1.85,1,1.0,2.0,2.4,0.0,0.0,0.0,8.0,2.0,2,1,261.9,1,0
235,iphone 13 pro max,6.7,2,1,128.0,6.0,4352.0,apple,1413275.0,3230.0,Apple A15 GPU,120.0,6.0,3.23,2.02,2.423,0,3.0,12.0,1.5,0.0,1.0,1.0,12.0,2.2,0,2,456.8,2,1
236,nubia neo 2,6.72,1,1,256.0,8.0,6000.0,nubia,757199.0,2700.0,Mali-G57 MP4,120.0,8.0,2.7,2.1,2.25,1,2.0,50.0,1.8,0.0,0.0,1.0,16.0,2.2,6,1,391.6,1,0
237,oppo reno14 f,6.57,2,1,256.0,8.0,6000.0,oppo,733620.0,2200.0,Adreno 710,120.0,8.0,2.2,1.8,2.0,1,3.0,50.0,1.8,1.0,0.0,1.0,32.0,2.0,1,0,396.7,2,0
238,iphone 12,6.1,2,1,128.0,4.0,2815.0,apple,1337390.0,3100.0,Apple A14 GPU,90.0,6.0,3.1,1.8,2.233,0,2.0,12.0,1.6,0.0,0.0,1.0,12.0,2.2,0,2,457.3,2,1
239,nubia neo 3,6.8,1,1,256.0,8.0,6000.0,nubia,639225.0,2200.0,Mali-G57 MP2,120.0,8.0,2.2,2.0,2.05,1,2.0,50.0,1.8,0.0,0.0,0.0,16.0,2.0,6,1,403.2,1,0
240,iphone 13 pro max,6.7,2,1,256.0,6.0,4352.0,apple,1413275.0,3230.0,Apple A15 GPU,120.0,6.0,3.23,2.02,2.423,0,3.0,12.0,1.5,0.0,1.0,1.0,12.0,2.2,0,2,456.8,2,1
241,iphone 12 mini i,5.4,2,1,64.0,4.0,2227.0,apple,1337390.0,3100.0,Apple A14 GPU,90.0,6.0,3.1,1.8,2.233,0,2.0,12.0,1.6,0.0,0.0,1.0,12.0,2.2,0,2,477.3,2,1
242,tecno spark 30 pro transformer,6.78,2,1,256.0,8.0,5000.0,tecno,570469.0,2200.0,Mali-G57 MP2,120.0,8.0,2.2,2.0,2.05,1,1.0,108.0,1.75,0.0,0.0,0.0,13.0,2.4,2,1,412.8,2,0
243,vivo iqoo z9 turbo,6.72,2,1,256.0,12.0,6000.0,vivo,1795718.0,3000.0,Adreno 735,144.0,8.0,3.0,2.0,2.525,1,1.0,8.0,0.0,1.0,0.0,1.0,16.0,2.2,1,0,391.6,0,0
244,samsung galaxy s24 ultra,6.8,2,1,512.0,12.0,5000.0,samsung,2341391.0,3300.0,Adreno 750,120.0,8.0,3.3,2.27,2.901,1,4.0,200.0,2.2,1.0,1.0,1.0,12.0,2.2,1,0,505.3,2,1
245,oppo find n,7.1,2,1,256.0,8.0,4500.0,oppo,1118041.0,2840.0,Adreno 660,120.0,8.0,2.84,1.8,2.163,1,3.0,50.0,1.8,0.0,1.0,1.0,32.0,2.4,1,0,399.35,1,0
246,samsung galaxy s24 fe,6.7,2,1,128.0,8.0,4700.0,samsung,1971406.0,3110.0,Samsung Xclipse 940,120.0,10.0,3.11,1.95,2.451,1,2.0,50.0,0.0,0.0,0.0,0.0,10.0,2.4,3,3,392.8,0,0
247,xiaomi redmi note 12s,6.43,2,0,256.0,8.0,5000.0,xiaomi,493222.0,2050.0,Mali-G57 MP2,90.0,8.0,2.05,2.0,2.013,1,3.0,108.0,1.89,0.0,0.0,1.0,16.0,2.45,2,1,409.3,1,0
248,xiaomi 17t pro,6.83,2,0,512.0,12.0,7000.0,xiaomi,3508681.0,4210.0,Mali-G1 Ultra MP12,120.0,8.0,4.21,2.7,3.189,1,3.0,50.0,1.67,0.0,1.0,1.0,32.0,2.2,2,1,447.0,0,0
249,samsung galaxy m55,6.7,2,1,256.0,12.0,5000.0,samsung,829085.0,2400.0,Adreno 644,120.0,8.0,2.4,1.8,2.085,1,3.0,50.0,1.8,0.0,0.0,1.0,50.0,2.4,1,0,392.8,1,0
250,xiaomi redmi note 12,6.67,2,0,128.0,4.0,5000.0,xiaomi,461236.0,2800.0,Adreno 610,120.0,8.0,2.8,1.9,2.35,1,3.0,50.0,1.8,0.0,0.0,1.0,13.0,2.45,1,0,394.6,1,0
251,honor 600 pro,6.57,0,0,256.0,12.0,9000.0,honor,419670.0,1850.0,PowerVR GT7600,120.0,2.0,1.85,1.85,1.85,1,3.0,50.0,1.7,0.0,0.0,1.0,16.0,2.2,6,4,396.7,0,0
252,redmi k50 gaming,6.67,2,1,128.0,8.0,4700.0,nubia,1294632.0,3000.0,Adreno 730,120.0,8.0,3.0,1.8,2.212,1,3.0,64.0,1.9,0.0,0.0,1.0,20.0,2.4,1,0,394.6,1,0
253,samsung galaxy a25,6.5,2,1,128.0,6.0,5000.0,samsung,605067.0,2400.0,Mali-G68 MP4,120.0,8.0,2.4,2.0,2.1,1,3.0,50.0,0.0,0.0,0.0,0.0,13.0,2.2,3,1,396.5,1,0
254,oppo find n3 flip,6.8,2,1,256.0,12.0,4300.0,oppo,1755232.0,3050.0,Mali-G715  MP11,120.0,8.0,3.05,1.8,2.35,1,3.0,50.0,1.8,0.0,1.0,1.0,32.0,2.4,2,1,403.2,1,0
255,redmi turbo 5 max,6.78,2,0,256.0,16.0,9000.0,nubia,3041307.0,3730.0,Mali-G925  MP12,120.0,8.0,3.73,2.4,2.904,1,2.0,50.0,0.0,1.0,0.0,0.0,20.0,2.2,2,1,412.8,0,0
256,samsung galaxy a16,6.7,2,1,128.0,4.0,5000.0,samsung,547830.0,2200.0,Mali-G57 MP2,90.0,8.0,2.2,2.0,2.05,1,3.0,50.0,1.8,0.0,0.0,1.0,13.0,2.5,2,1,384.7,2,0
257,samsung galaxy s24 plus,6.7,2,1,512.0,12.0,4900.0,samsung,2037320.0,3210.0,Samsung Xclipse 940,120.0,10.0,3.21,1.95,2.461,1,3.0,50.0,1.8,1.0,1.0,1.0,12.0,2.2,3,3,512.9,2,1
258,samsung galaxy s22 ultra,6.8,2,1,128.0,8.0,5000.0,samsung,1294632.0,3000.0,Adreno 730,120.0,8.0,3.0,1.8,2.212,1,4.0,108.0,1.8,0.0,0.0,1.0,40.0,2.2,1,0,501.1,2,1
259,xiaomi redmi 13c,6.74,1,0,128.0,6.0,5000.0,xiaomi,349222.0,2000.0,Mali-G52 MP2,90.0,8.0,2.0,1.8,1.85,1,2.0,50.0,0.0,0.0,0.0,0.0,8.0,2.0,2,1,260.3,1,0
260,samsung galaxy a54,6.4,2,1,128.0,8.0,5000.0,samsung,765609.0,2400.0,Mali-G68 MP5,120.0,8.0,2.4,2.0,2.2,1,3.0,50.0,1.8,0.0,0.0,1.0,32.0,2.2,3,1,402.7,1,0
261,samsung galaxy a23,6.6,1,0,128.0,4.0,5000.0,samsung,415362.0,2400.0,Adreno 610,120.0,8.0,2.4,1.9,2.15,1,4.0,50.0,0.0,0.0,0.0,0.0,8.0,2.2,1,0,399.9,1,0
262,tecno spark 40,6.67,1,1,128.0,6.0,5200.0,tecno,354158.0,2000.0,Mali-G52 MP2,120.0,8.0,2.0,1.8,1.85,1,1.0,50.0,0.0,0.0,0.0,0.0,8.0,2.2,2,1,263.0,1,0
263,oppo a58,6.72,1,0,128.0,6.0,5000.0,oppo,349222.0,2000.0,Mali-G52 MP2,120.0,8.0,2.0,1.8,1.85,1,2.0,50.0,1.8,0.0,0.0,0.0,8.0,2.0,2,1,391.6,1,0
264,samsung galaxy s22 ultra đã kích hoạt online,6.8,2,1,256.0,12.0,5000.0,samsung,1294632.0,3000.0,Adreno 730,120.0,8.0,3.0,1.8,2.212,1,4.0,108.0,1.8,0.0,0.0,1.0,40.0,2.2,1,0,501.1,2,1
265,nubia v70 max,6.9,1,1,128.0,6.0,6000.0,nubia,330006.0,1600.0,Mali-G57 MP1,120.0,8.0,1.6,1.6,1.6,1,2.0,50.0,0.0,0.0,0.0,0.0,8.0,2.4,6,1,259.6,2,0
266,samsung galaxy a05s,6.7,1,0,128.0,6.0,5000.0,samsung,415362.0,2400.0,Adreno 610,90.0,8.0,2.4,1.9,2.15,1,3.0,50.0,1.8,0.0,0.0,0.0,13.0,2.0,1,0,392.8,1,0
267,xiaomi redmi note 12 pro,6.67,2,1,256.0,8.0,5000.0,xiaomi,517306.0,2300.0,Adreno 618,120.0,8.0,2.3,1.8,1.925,1,4.0,108.0,1.9,0.0,0.0,1.0,16.0,2.45,1,0,394.6,1,0
268,samsung galaxy z fold4,7.6,2,1,256.0,12.0,4400.0,samsung,1411891.0,3200.0,Adreno 730,120.0,8.0,3.2,2.0,2.431,1,3.0,50.0,1.8,0.0,1.0,1.0,10.0,2.4,1,0,372.6,2,1
269,xiaomi redmi note 12 turbo,6.67,2,1,256.0,8.0,5000.0,xiaomi,1285461.0,2910.0,Adreno 725,120.0,8.0,2.91,1.8,2.198,1,3.0,64.0,2.2,0.0,0.0,1.0,16.0,2.5,1,0,394.6,1,0
270,iphone 12,6.1,2,1,64.0,4.0,2815.0,apple,1337390.0,3100.0,Apple A14 GPU,90.0,6.0,3.1,1.8,2.233,0,2.0,12.0,1.6,0.0,0.0,1.0,12.0,2.2,0,2,457.3,2,1
271,xiaomi redmi turbo 4,6.67,0,0,256.0,8.0,5000.0,xiaomi,419670.0,1850.0,PowerVR GT7600,120.0,2.0,1.85,1.85,1.85,1,3.0,50.0,1.7,0.0,0.0,1.0,16.0,2.2,6,4,394.6,0,0
272,xiaomi poco f8 ultra,6.9,2,1,256.0,12.0,6500.0,xiaomi,3932243.0,4610.0,Adreno 840,120.0,8.0,4.61,3.63,3.875,1,3.0,50.0,1.0,0.0,1.0,1.0,32.0,2.2,1,0,457.6,2,1
273,xiaomi 13 pro -,6.73,2,1,256.0,12.0,4820.0,xiaomi,1752044.0,3200.0,Adreno 740,120.0,8.0,3.2,2.0,2.55,1,3.0,50.0,1.9,0.0,1.0,1.0,32.0,2.0,1,0,521.4,1,0
274,huawei mate xt ultimate,10.2,2,0,256.0,16.0,5600.0,huawei,1155792.0,2300.0,Maleoon 910,120.0,8.0,2.3,1.55,1.88,1,3.0,50.0,0.0,0.0,0.0,0.0,8.0,2.2,4,6,399.35,2,0
275,vivo iqoo z9,6.78,2,0,128.0,8.0,6000.0,vivo,1020938.0,2630.0,Adreno 720,144.0,8.0,2.63,1.8,2.129,1,2.0,50.0,0.0,0.0,0.0,0.0,16.0,2.0,1,0,412.8,0,0
276,samsung galaxy s21 fe,6.4,2,1,128.0,8.0,4500.0,samsung,1042710.0,2900.0,Mali-G78 MP14,120.0,8.0,2.91,2.2,2.518,1,3.0,12.0,1.8,0.0,1.0,1.0,32.0,2.2,3,1,402.7,1,0
277,huawei p60 pro,6.66,2,1,256.0,8.0,4815.0,huawei,1411891.0,3200.0,Adreno 730,120.0,8.0,3.2,2.0,2.431,1,3.0,48.0,1.4,0.0,0.0,1.0,13.0,2.4,1,0,395.2,1,0
278,xiaomi 13 lite,6.55,2,1,256.0,8.0,4500.0,xiaomi,829085.0,2400.0,Adreno 644,120.0,8.0,2.4,1.8,2.085,1,3.0,50.0,1.8,0.0,0.0,1.0,32.0,2.4,1,0,401.8,1,0
279,google pixel 7 pro,6.7,0,1,128.0,8.0,5000.0,google,1158921.0,2850.0,Mali-G710 MP7,120.0,8.0,2.85,1.8,2.2,1,3.0,50.0,1.9,1.0,1.0,1.0,8.0,2.2,6,1,512.9,2,1
280,samsung galaxy a52s,6.5,2,1,128.0,8.0,4500.0,samsung,780000.0,2400.0,Adreno 642,120.0,8.0,2.4,1.8,2.1,1,4.0,64.0,1.8,0.0,0.0,1.0,32.0,2.2,1,0,404.9,1,0
281,iphone 14 plus,6.7,2,1,128.0,6.0,4325.0,apple,1413275.0,3230.0,Apple A15 GPU,60.0,6.0,3.23,2.02,2.423,0,2.0,12.0,1.5,0.0,0.0,1.0,12.0,1.9,0,2,456.8,2,1
282,xiaomi redmi note 10 pro,6.66,2,0,128.0,8.0,5020.0,xiaomi,517306.0,2300.0,Adreno 618,120.0,8.0,2.3,1.8,1.925,1,4.0,108.0,1.9,0.0,0.0,1.0,16.0,2.5,1,0,395.2,1,0
283,huawei p60,6.66,2,1,128.0,8.0,4815.0,huawei,1411891.0,3200.0,Adreno 730,120.0,8.0,3.2,2.0,2.431,1,3.0,48.0,1.4,1.0,1.0,1.0,13.0,2.4,1,0,395.2,1,0
284,xiaomi black shark 5,6.66,2,1,128.0,8.0,4650.0,xiaomi,1005598.0,3200.0,Adreno 650,144.0,8.0,3.2,1.8,2.208,1,3.0,64.0,1.8,0.0,0.0,1.0,16.0,2.5,1,0,395.2,1,0
285,google pixel 7,6.3,2,1,128.0,8.0,4355.0,google,1158921.0,2850.0,Mali-G710 MP7,90.0,8.0,2.85,1.8,2.2,1,2.0,50.0,1.9,0.0,0.0,1.0,8.0,2.2,6,1,417.7,2,1
286,xiaomi poco x4 pro,6.67,2,1,128.0,6.0,5000.0,xiaomi,592489.0,2200.0,Adreno 619,120.0,8.0,2.2,1.8,1.9,1,3.0,108.0,0.0,0.0,0.0,0.0,16.0,2.2,1,0,394.6,1,0
287,samsung galaxy s24,6.2,2,1,256.0,8.0,4000.0,samsung,2037320.0,3210.0,Samsung Xclipse 940,120.0,10.0,3.21,1.95,2.461,1,3.0,50.0,1.8,1.0,1.0,1.0,12.0,2.2,3,3,415.7,2,1
288,samsung galaxy z fold5,7.6,2,1,256.0,12.0,4400.0,samsung,1752044.0,3200.0,Adreno 740,120.0,8.0,3.2,2.0,2.55,1,3.0,50.0,1.8,1.0,1.0,1.0,10.0,1.8,1,0,372.6,2,1
289,xiaomi 15 pro,6.73,0,0,256.0,8.0,5000.0,xiaomi,1038717.0,2500.0,Adreno 810,120.0,8.0,2.5,1.8,2.112,1,3.0,50.0,1.88,0.0,0.0,1.0,41.0,2.2,1,0,521.4,0,0
290,xiaomi 17 pro max,6.67,0,0,256.0,8.0,5000.0,xiaomi,419670.0,1850.0,PowerVR GT7600,120.0,2.0,1.85,1.85,1.85,1,3.0,50.0,1.7,0.0,0.0,1.0,16.0,2.2,6,4,394.6,0,0
291,honor magic 6 pro,6.8,2,1,512.0,12.0,5600.0,honor,2341391.0,3300.0,Adreno 750,120.0,8.0,3.3,2.27,2.901,1,3.0,180.0,1.4,1.0,1.0,1.0,50.0,2.0,1,0,403.2,1,0
292,nubia neo,6.6,1,0,256.0,8.0,4500.0,nubia,757199.0,2700.0,Mali-G57 MP4,120.0,8.0,2.7,2.1,2.25,1,2.0,50.0,1.8,0.0,0.0,0.0,8.0,2.0,5,1,399.9,1,0
293,google pixel 9 pro,6.3,2,1,128.0,16.0,4700.0,google,1499601.0,3100.0,Mali-G715 MP7,120.0,8.0,3.1,1.92,2.323,1,3.0,50.0,1.68,0.0,1.0,1.0,42.0,2.2,6,1,458.1,2,1
294,honor magic 5,6.73,2,1,256.0,12.0,5100.0,honor,1752044.0,3200.0,Adreno 740,120.0,8.0,3.2,2.0,2.55,1,3.0,54.0,1.9,1.0,1.0,1.0,12.0,2.2,1,0,521.4,1,0
295,google pixel 8 pro,6.7,2,1,128.0,8.0,5050.0,google,1414384.0,2910.0,Mali-G715 MP7,120.0,9.0,2.91,1.7,2.132,1,2.0,50.0,1.7,1.0,1.0,0.0,5.0,2.2,6,1,392.8,1,0
296,google pixel 9,6.3,2,1,128.0,12.0,4700.0,google,1499601.0,3100.0,Mali-G715 MP7,120.0,8.0,3.1,1.92,2.323,1,2.0,50.0,1.68,0.0,0.0,1.0,0.5,2.2,6,1,419.5,2,1
297,samsung galaxy m14,6.6,1,1,128.0,4.0,6000.0,samsung,592392.0,2400.0,Mali-G68 MP2,90.0,8.0,2.4,2.0,2.1,1,3.0,50.0,1.8,0.0,0.0,1.0,13.0,2.0,3,1,399.9,1,0
298,iphone 13 pro,6.1,2,1,128.0,6.0,3095.0,apple,1413275.0,3230.0,Apple A15 GPU,120.0,6.0,3.23,2.02,2.423,0,3.0,12.0,1.5,0.0,1.0,1.0,12.0,2.2,0,2,457.3,2,1
299,xiaomi 13 ultra,6.73,2,1,256.0,12.0,5000.0,xiaomi,1752044.0,3200.0,Adreno 740,120.0,8.0,3.2,2.0,2.55,1,4.0,50.0,1.8,1.0,1.0,1.0,32.0,2.0,1,0,391.1,1,0
300,xiaomi 17,6.67,0,0,256.0,8.0,5000.0,xiaomi,419670.0,1850.0,PowerVR GT7600,120.0,2.0,1.85,1.85,1.85,1,3.0,50.0,1.7,0.0,0.0,1.0,16.0,2.2,6,4,394.6,0,0
301,poco f6,6.67,2,1,256.0,8.0,5000.0,poco,1795718.0,3000.0,Adreno 735,120.0,8.0,3.0,2.0,2.525,1,2.0,50.0,1.59,0.0,0.0,1.0,20.0,2.2,1,0,445.8,2,1
302,honor x40,6.66,2,0,128.0,6.0,5100.0,honor,592489.0,2200.0,Adreno 619,120.0,8.0,2.2,1.8,1.9,1,2.0,50.0,1.8,0.0,0.0,1.0,8.0,2.0,1,0,395.2,1,0
303,tecno pova 8,6.58,0,0,128.0,4.0,5000.0,tecno,419670.0,1850.0,PowerVR GT7600,90.0,2.0,1.85,1.85,1.85,1,3.0,50.0,1.7,0.0,0.0,1.0,16.0,2.2,6,4,401.1,0,0
304,nothing phone 2,6.55,2,1,256.0,8.0,5000.0,nothing,1752044.0,3200.0,Adreno 740,120.0,8.0,3.2,2.0,2.55,1,3.0,108.0,1.9,0.0,0.0,1.0,16.0,2.2,1,0,401.8,1,0
305,xiaomi 13t pro,6.67,2,1,512.0,12.0,5000.0,xiaomi,1798756.0,3350.0,Mali-G715  MP11,144.0,8.0,3.35,2.0,2.544,1,3.0,50.0,0.0,0.0,1.0,1.0,20.0,2.0,2,1,445.8,2,1
306,huawei mate x6,6.78,2,0,256.0,12.0,5100.0,huawei,1752044.0,3200.0,Adreno 740,120.0,8.0,3.2,2.0,2.55,1,3.0,50.0,1.4,0.0,1.0,1.0,8.0,2.2,1,0,412.8,0,0
307,infinix hot 50i,6.7,1,0,128.0,4.0,5000.0,infinix,357879.0,2000.0,Mali-G52 MP2,120.0,8.0,2.0,1.7,1.775,1,1.0,48.0,1.79,0.0,0.0,0.0,8.0,2.0,2,1,261.9,2,0
308,oppo reno8 t,6.4,2,1,256.0,8.0,5000.0,oppo,547830.0,2200.0,Mali-G57 MP2,90.0,8.0,2.2,2.0,2.05,1,3.0,100.0,0.0,0.0,0.0,0.0,32.0,2.5,2,1,411.2,1,0
309,samsung galaxy s23 plus,6.6,2,1,512.0,8.0,4700.0,samsung,1752044.0,3200.0,Adreno 740,120.0,8.0,3.2,2.0,2.55,1,3.0,50.0,1.8,0.0,1.0,1.0,12.0,2.2,1,0,390.5,2,1
310,samsung galaxy s22 -,6.1,2,1,128.0,8.0,3700.0,samsung,1294632.0,3000.0,Adreno 730,120.0,8.0,3.0,1.8,2.212,1,3.0,50.0,1.8,0.0,1.0,1.0,10.0,2.2,1,0,422.5,2,1
311,realme v30,6.51,0,0,64.0,4.0,5000.0,realme,419670.0,1850.0,PowerVR GT7600,90.0,2.0,1.85,1.85,1.85,1,3.0,50.0,1.7,0.0,0.0,1.0,16.0,2.2,6,4,269.5,0,0
312,huawei mate 60 pro,6.82,2,1,256.0,12.0,5000.0,huawei,1062256.0,2620.0,Maleoon 910,120.0,8.0,2.62,1.53,1.899,1,3.0,50.0,1.4,1.0,1.0,1.0,13.0,2.4,4,6,510.3,1,0
313,sharp aquos r8,6.6,2,1,256.0,8.0,4570.0,sharp,1752044.0,3200.0,Adreno 740,240.0,8.0,3.2,2.0,2.55,1,1.0,13.0,0.0,0.0,0.0,1.0,8.0,2.2,1,0,390.5,0,0
314,samsung galaxy buddy2,6.6,1,1,128.0,4.0,5000.0,samsung,525163.0,2200.0,Adreno 619,90.0,8.0,2.2,1.8,1.9,1,1.0,50.0,0.0,0.0,0.0,0.0,8.0,2.2,1,0,399.35,0,0
315,xiaomi 17 pro,6.67,0,0,256.0,8.0,5000.0,xiaomi,419670.0,1850.0,PowerVR GT7600,120.0,2.0,1.85,1.85,1.85,1,3.0,50.0,1.7,0.0,0.0,1.0,16.0,2.2,6,4,394.6,0,0
316,meizu 20,6.55,2,1,128.0,12.0,4700.0,meizu,1752044.0,3200.0,Adreno 740,144.0,8.0,3.2,2.0,2.55,1,3.0,50.0,1.9,0.0,0.0,1.0,32.0,2.5,1,0,402.9,1,0
317,xiaomi redmi k70 pro,6.73,0,1,128.0,8.0,5120.0,xiaomi,2341391.0,3300.0,Adreno 750,120.0,8.0,3.3,2.27,2.901,1,3.0,50.0,1.7000000000000002,0.0,1.0,1.0,32.0,2.0,1,0,521.4,0,0
318,oneplus nord n30,6.72,1,1,128.0,8.0,5000.0,oneplus,592489.0,2200.0,Adreno 619,120.0,8.0,2.2,1.8,1.9,1,3.0,108.0,1.8,0.0,0.0,1.0,16.0,2.4,1,0,391.6,1,0
319,honor 200 pro,6.7,2,1,256.0,12.0,5200.0,honor,1795718.0,3000.0,Adreno 735,120.0,8.0,3.0,2.0,2.525,1,3.0,50.0,1.9,1.0,1.0,0.0,50.0,2.2,1,0,392.8,0,0
320,samsung galaxy m44,6.58,1,0,128.0,6.0,5000.0,samsung,1118041.0,2840.0,Adreno 660,120.0,8.0,2.84,1.8,2.163,1,3.0,50.0,0.0,0.0,0.0,0.0,13.0,2.3499999999999996,1,0,401.1,0,0
321,leitz phone 1,6.6,2,1,256.0,12.0,5000.0,leitz,1118041.0,2840.0,Adreno 660,240.0,8.0,2.84,1.8,2.163,1,1.0,20.0,1.9,0.0,0.0,0.0,2.6,2.3,1,0,399.35,0,0
322,redmi k60 pro,6.66,2,1,128.0,8.0,5000.0,nubia,1752044.0,3200.0,Adreno 740,120.0,8.0,3.2,2.0,2.55,1,3.0,54.0,1.9,0.0,0.0,1.0,16.0,2.2,1,0,526.9,1,0
323,oppo find x8 pro,6.78,2,0,512.0,16.0,5910.0,oppo,2825187.0,3620.0,Mali-G925  MP12,120.0,8.0,3.62,2.4,2.89,1,3.0,50.0,0.0,0.0,1.0,1.0,32.0,2.4,2,1,412.8,0,0
324,huawei p60 art,6.67,2,1,512.0,12.0,5100.0,huawei,1411891.0,3200.0,Adreno 730,120.0,8.0,3.2,2.0,2.431,1,3.0,48.0,1.4,1.0,1.0,1.0,13.0,2.4,1,0,394.6,1,0
325,vivo y02s 3g,6.51,1,0,32.0,3.0,5000.0,vivo,199111.0,2300.0,PowerVR GE8320,60.0,8.0,2.3,1.8,2.05,1,1.0,8.0,0.0,0.0,0.0,0.0,5.0,2.2,2,4,269.5,1,0
326,xiaomi poco m7,6.79,0,1,128.0,6.0,5000.0,xiaomi,419670.0,1850.0,PowerVR GT7600,120.0,2.0,1.85,1.85,1.85,1,3.0,50.0,1.7,0.0,0.0,1.0,16.0,2.2,6,4,345.45000000000005,0,0
327,google pixel 6,6.4,2,1,128.0,8.0,4614.0,google,1019946.0,2800.0,Mali-G78 MP20,90.0,8.0,2.8,1.8,2.163,1,2.0,50.0,1.9,0.0,0.0,1.0,8.0,2.0,6,1,411.2,2,1
328,honor x8a,6.7,1,1,128.0,8.0,4500.0,honor,353817.0,2000.0,Mali-G52 MP2,90.0,8.0,2.0,1.8,1.85,1,2.0,5.0,1.9,0.0,0.0,1.0,16.0,2.5,2,1,389.5,1,0
329,vivo x90 pro,6.78,2,1,256.0,8.0,4870.0,vivo,1755232.0,3050.0,Mali-G715  MP11,120.0,8.0,3.05,1.8,2.35,1,3.0,50.0,1.6,0.0,1.0,1.0,32.0,2.5,2,1,412.8,1,0
330,xiaomi 17,6.3,2,1,512.0,12.0,7000.0,xiaomi,3932243.0,4610.0,Adreno 840,120.0,8.0,4.61,3.63,3.875,1,3.0,50.0,1.7,0.0,1.0,1.0,50.0,2.2,1,0,458.1,2,0
331,xiaomi redmi note 13 turbo,6.73,2,0,512.0,12.0,5255.0,xiaomi,708890.0,2600.0,Mali-G77 MP9,120.0,8.0,2.6,2.0,2.3,1,3.0,64.0,0.0,0.0,0.0,0.0,32.0,2.2,2,1,521.4,0,0
332,realme gt6 pro,6.67,0,1,256.0,8.0,5000.0,realme,419670.0,1850.0,PowerVR GT7600,120.0,2.0,1.85,1.85,1.85,1,3.0,50.0,1.7,0.0,0.0,1.0,16.0,2.2,6,4,394.6,0,0
333,oppo find x7,6.67,0,0,256.0,8.0,5000.0,oppo,419670.0,1850.0,PowerVR GT7600,120.0,2.0,1.85,1.85,1.85,1,3.0,50.0,1.7,0.0,0.0,1.0,16.0,2.2,6,4,394.6,0,0
334,tecno spark 50 pro,6.58,0,0,128.0,4.0,5000.0,tecno,419670.0,1850.0,PowerVR GT7600,90.0,2.0,1.85,1.85,1.85,1,3.0,50.0,1.7,0.0,0.0,1.0,16.0,2.2,6,4,401.1,0,0
335,xiaomi mi 10 ultra,6.66,2,1,256.0,12.0,4500.0,xiaomi,964589.0,2840.0,Adreno 650,120.0,8.0,2.84,1.8,2.163,1,3.0,48.0,1.9,1.0,1.0,1.0,20.0,2.3,1,0,387.0,1,0
336,vivo iqoo 10 pro,6.78,2,1,256.0,8.0,4700.0,vivo,1411891.0,3200.0,Adreno 730,120.0,8.0,3.2,2.0,2.431,1,3.0,50.0,1.9,0.0,1.0,1.0,16.0,2.5,1,0,517.6,1,0
337,google pixel 9 pro xl,6.8,2,1,128.0,16.0,5060.0,google,1499601.0,3100.0,Mali-G715 MP7,120.0,8.0,3.1,1.92,2.323,1,3.0,50.0,1.68,0.0,1.0,1.0,42.0,2.2,6,1,403.2,2,1
338,realme c75x -,6.67,0,0,128.0,8.0,5000.0,realme,419670.0,1850.0,PowerVR GT7600,120.0,2.0,1.85,1.85,1.85,1,3.0,50.0,1.7,0.0,0.0,1.0,16.0,2.2,6,4,394.6,0,0
339,iqoo 11,6.78,2,1,128.0,8.0,5000.0,iqoo,1752044.0,3200.0,Adreno 740,144.0,8.0,3.2,2.0,2.55,1,3.0,50.0,1.9,0.0,1.0,1.0,16.0,2.5,1,0,506.8,1,0
340,red magic 7s pro,6.8,2,1,256.0,12.0,5000.0,nubia,1411891.0,3200.0,Adreno 730,120.0,8.0,3.2,2.0,2.431,1,3.0,64.0,1.8,0.0,0.0,1.0,16.0,2.4,1,0,387.0,1,0
341,samsung galaxy a75,6.4,2,0,128.0,6.0,6000.0,samsung,1118041.0,2840.0,Adreno 660,90.0,8.0,2.84,1.8,2.163,1,4.0,108.0,0.0,0.0,0.0,0.0,32.0,2.3499999999999996,1,0,411.2,0,0
342,xiaomi poco f7,6.67,0,0,256.0,8.0,5000.0,xiaomi,419670.0,1850.0,PowerVR GT7600,120.0,2.0,1.85,1.85,1.85,1,3.0,50.0,1.7,0.0,0.0,1.0,16.0,2.2,6,4,394.6,0,0
343,vivo x90,6.78,2,1,128.0,8.0,4810.0,vivo,1755232.0,3050.0,Mali-G715  MP11,120.0,8.0,3.05,1.8,2.35,1,3.0,50.0,1.8,0.0,1.0,1.0,32.0,2.5,2,1,412.8,1,0
344,google pixel fold,7.6,2,1,256.0,12.0,4821.0,google,1158921.0,2850.0,Mali-G710 MP7,120.0,8.0,2.85,1.8,2.2,1,3.0,48.0,1.7,1.0,1.0,1.0,9.5,2.0,6,1,372.6,2,1
345,xiaomi poco f5 pro,6.66,2,1,64.0,6.0,4520.0,xiaomi,1005598.0,3200.0,Adreno 650,120.0,8.0,3.2,1.8,2.208,1,3.0,48.0,1.8,0.0,0.0,1.0,20.0,2.5,1,0,395.2,0,0
346,oppo reno9 pro,6.75,2,1,128.0,12.0,4600.0,oppo,1208784.0,2995.0,Adreno 660,120.0,8.0,2.995,1.8,2.182,1,4.0,64.0,1.9,0.0,1.0,1.0,13.0,2.4,1,0,391.0,0,0
347,vivo iqoo 10,6.78,2,1,128.0,8.0,4700.0,vivo,1411891.0,3200.0,Adreno 730,120.0,8.0,3.2,2.0,2.431,1,3.0,50.0,1.9,0.0,1.0,1.0,16.0,2.5,1,0,388.2,1,0
348,oppo a2m,6.56,1,0,256.0,12.0,5000.0,oppo,527185.0,2200.0,Mali-G57 MP2,90.0,8.0,2.2,2.0,2.05,1,1.0,13.0,2.2,0.0,0.0,0.0,5.0,2.2,2,1,269.1,0,0
349,oppo find n2,7.0,2,1,256.0,12.0,4520.0,oppo,1411891.0,3200.0,Adreno 730,120.0,8.0,3.2,2.0,2.431,1,3.0,50.0,1.8,0.0,1.0,1.0,32.0,2.4,1,0,485.7,1,0
350,motorola razr 40 ultra,6.9,2,1,256.0,8.0,3800.0,motorola,1411891.0,3200.0,Adreno 730,165.0,8.0,3.2,2.0,2.431,1,2.0,13.0,1.5,0.0,0.0,1.0,32.0,2.4,1,0,457.6,2,1
351,realme gt neo 6,6.71,2,1,128.0,12.0,5000.0,realme,1752044.0,3200.0,Adreno 740,120.0,8.0,3.2,2.0,2.55,1,3.0,50.0,0.0,0.0,0.0,0.0,16.0,2.2,1,0,268.3,0,0
352,google pixel 5,6.0,2,1,128.0,8.0,4080.0,google,597153.0,2400.0,Adreno 620,90.0,8.0,2.4,1.8,1.925,1,2.0,16.0,1.7,0.0,0.0,1.0,8.0,2.0,1,0,429.5,2,1
353,samsung galaxy m16,6.5,0,0,128.0,6.0,7000.0,samsung,1042710.0,2900.0,Mali-G78 MP14,90.0,8.0,2.91,2.2,2.518,1,4.0,48.0,0.0,0.0,0.0,0.0,8.0,2.0,3,1,269.9,1,0
354,vivo y56,6.58,1,0,128.0,8.0,5000.0,vivo,515647.0,2200.0,Mali-G57 MP2,120.0,8.0,2.2,2.0,2.05,1,2.0,50.0,1.8,0.0,0.0,1.0,16.0,2.0,2,1,401.1,1,0
355,oppo find x8 ultra,6.67,0,0,256.0,8.0,5000.0,oppo,419670.0,1850.0,PowerVR GT7600,120.0,2.0,1.85,1.85,1.85,1,3.0,50.0,1.7,0.0,0.0,1.0,16.0,2.2,6,4,394.6,0,0
356,samsung a56 -,6.73,0,0,256.0,12.0,5000.0,samsung,419670.0,1850.0,PowerVR GT7600,120.0,2.0,1.85,1.85,1.85,1,3.0,50.0,1.7,0.0,0.0,1.0,16.0,2.2,6,4,521.4,0,0
357,xiaomi mix alpha,7.9,2,1,512.0,12.0,4050.0,xiaomi,859084.0,2960.0,Adreno 640,120.0,8.0,2.96,1.8,2.178,1,3.0,108.0,0.0,0.0,0.0,0.0,24.0,2.1500000000000004,1,0,381.8,1,0
358,samsung galaxy a74,6.7,2,0,256.0,12.0,5000.0,samsung,1005598.0,3200.0,Adreno 650,120.0,8.0,3.2,1.8,2.208,1,4.0,108.0,0.0,0.0,0.0,0.0,44.0,2.5,1,0,392.8,1,0
359,honor x9,6.81,1,1,128.0,8.0,4800.0,honor,592489.0,2200.0,Adreno 619,120.0,8.0,2.2,1.8,1.9,1,3.0,48.0,0.0,0.0,0.0,0.0,16.0,2.2,1,0,384.9,1,0
360,vivo iqoo z9x,6.72,1,0,128.0,8.0,6000.0,vivo,733620.0,2200.0,Adreno 710,120.0,8.0,2.2,1.8,2.0,1,2.0,50.0,0.0,0.0,0.0,0.0,8.0,2.225,1,0,391.6,0,0
361,honor magic v flip 2,6.82,2,1,1024.0,16.0,5200.0,honor,2341391.0,3300.0,Adreno 750,120.0,8.0,3.3,2.27,2.901,1,2.0,200.0,1.9,0.0,0.0,1.0,50.0,2.0,1,0,510.3,2,1
362,oneplus ace 2 pro,6.74,2,1,256.0,16.0,5000.0,oneplus,1752044.0,3200.0,Adreno 740,120.0,8.0,3.2,2.0,2.55,1,3.0,50.0,0.0,0.0,0.0,1.0,16.0,2.2,1,0,420.5,0,0
363,samsung galaxy a16,6.7,2,0,256.0,8.0,5000.0,samsung,532738.0,2400.0,Mali-G57 MP2,90.0,8.0,2.4,2.0,2.1,1,2.0,50.0,1.8,0.0,0.0,0.0,13.0,2.0,2,1,384.7,0,0
364,realme c75 -,6.67,0,0,128.0,8.0,5000.0,realme,419670.0,1850.0,PowerVR GT7600,120.0,2.0,1.85,1.85,1.85,1,3.0,50.0,1.7,0.0,0.0,1.0,16.0,2.2,6,4,394.6,0,0
365,vivo y01,6.51,1,0,32.0,2.0,5000.0,vivo,419670.0,1850.0,PowerVR GT7600,120.0,2.0,1.85,1.85,1.85,1,3.0,50.0,1.7,0.0,0.0,1.0,16.0,2.2,6,4,269.5,1,0
366,vivo iqoo 9 pro,6.78,2,1,256.0,8.0,4700.0,vivo,1294632.0,3000.0,Adreno 730,120.0,8.0,3.0,1.8,2.212,1,3.0,50.0,1.8,1.0,1.0,1.0,16.0,2.5,1,0,517.6,1,0
367,realme gt3,6.74,2,1,128.0,8.0,4600.0,realme,1411891.0,3200.0,Adreno 730,144.0,8.0,3.2,2.0,2.431,1,3.0,50.0,1.9,0.0,0.0,1.0,16.0,2.5,1,0,450.5,1,0
368,oppo a58,6.56,0,0,256.0,8.0,5000.0,oppo,515647.0,2200.0,Mali-G57 MP2,90.0,8.0,2.2,2.0,2.05,1,2.0,50.0,0.0,0.0,0.0,0.0,8.0,2.1,2,1,269.1,0,0
369,oppo a97,6.56,1,0,256.0,8.0,5000.0,oppo,419670.0,1850.0,PowerVR GT7600,90.0,2.0,1.85,1.85,1.85,1,3.0,50.0,1.7,0.0,0.0,1.0,16.0,2.2,6,4,402.9,1,0
370,huawei nova 11i,6.8,1,0,128.0,8.0,5000.0,huawei,415362.0,2400.0,Adreno 610,90.0,8.0,2.4,1.9,2.15,1,2.0,48.0,1.8,0.0,0.0,0.0,16.0,2.2,1,0,385.4,1,0
371,xiaomi 17t pro,6.83,2,0,1024.0,12.0,7000.0,xiaomi,3508681.0,4210.0,Mali-G1 Ultra MP12,120.0,8.0,4.21,2.7,3.189,1,3.0,50.0,1.67,1.0,1.0,1.0,32.0,2.2,2,1,447.0,0,0
372,realme 10 pro plus,6.7,2,1,64.0,6.0,5000.0,realme,722902.0,2600.0,Mali-G68 MP4,120.0,8.0,2.6,2.0,2.15,1,3.0,108.0,2.4,0.0,0.0,1.0,16.0,2.4,2,1,392.8,1,0
373,honor 200 lite,6.7,2,1,256.0,8.0,4500.0,honor,581315.0,2400.0,Mali-G57 MP2,90.0,8.0,2.4,2.0,2.1,1,3.0,108.0,0.0,0.0,0.0,1.0,50.0,2.2,2,1,394.4,0,0
374,vivo x90 pro plus,6.78,2,1,256.0,12.0,4700.0,vivo,1752044.0,3200.0,Adreno 740,120.0,8.0,3.2,2.0,2.55,1,3.0,64.0,1.6,1.0,1.0,1.0,32.0,2.5,1,0,517.6,1,0
375,vivo y66,5.5,1,0,32.0,3.0,3000.0,vivo,419670.0,1850.0,PowerVR GT7600,60.0,2.0,1.85,1.85,1.85,1,3.0,50.0,1.7,0.0,0.0,1.0,16.0,2.2,6,4,267.0,0,0
376,nubia neo 5 max,6.67,0,0,256.0,8.0,5000.0,nubia,419670.0,1850.0,PowerVR GT7600,120.0,2.0,1.85,1.85,1.85,1,3.0,50.0,1.7,0.0,0.0,1.0,16.0,2.2,6,4,394.6,0,0
377,honor x7,6.74,1,0,128.0,4.0,5000.0,honor,415362.0,2400.0,Adreno 610,90.0,8.0,2.4,1.9,2.15,1,4.0,48.0,0.0,0.0,0.0,1.0,8.0,2.2,1,0,261.9,1,0
378,vivo x note,7.0,2,1,256.0,8.0,5000.0,vivo,1294632.0,3000.0,Adreno 730,120.0,8.0,3.0,1.8,2.212,1,4.0,50.0,1.6,1.0,1.0,1.0,16.0,2.5,1,0,485.7,1,0
379,meizu 20 pro,6.81,2,1,128.0,12.0,5000.0,meizu,1752044.0,3200.0,Adreno 740,120.0,8.0,3.2,2.0,2.55,1,3.0,50.0,1.9,0.0,1.0,1.0,32.0,2.5,1,0,515.3,1,0
380,google pixel 3 xl,6.3,2,1,64.0,4.0,3430.0,google,570119.0,2800.0,Adreno 630,90.0,8.0,2.8,1.8,2.3,1,1.0,2.0,1.8,1.0,0.0,1.0,8.0,1.8,1,0,522.5,2,1
381,google pixel 3,5.5,2,1,64.0,4.0,2915.0,google,570119.0,2800.0,Adreno 630,90.0,8.0,2.8,1.8,2.3,1,1.0,2.0,1.8,1.0,0.0,1.0,8.0,1.8,1,0,439.1,2,1
382,zenfone 10,6.3,2,1,256.0,16.0,5000.0,asus,1752044.0,3200.0,Adreno 740,120.0,8.0,3.2,2.0,2.55,1,1.0,200.0,0.0,1.0,0.0,0.0,16.0,2.2,1,0,458.1,0,0
383,oppo k10x,6.59,1,0,128.0,6.0,5000.0,oppo,592489.0,2200.0,Adreno 619,144.0,8.0,2.2,1.8,1.9,1,3.0,64.0,1.8,0.0,0.0,1.0,16.0,2.0,1,0,401.0,1,0
384,nothing phone 3a pro,6.77,2,1,256.0,8.0,5000.0,nothing,1038717.0,2500.0,Adreno 810,120.0,8.0,2.5,1.8,2.112,1,3.0,50.0,1.88,0.0,0.0,0.0,50.0,2.2,1,0,387.7,2,0
385,samsung galaxy s24fe,6.7,2,1,256.0,8.0,4700.0,samsung,1971406.0,3110.0,Samsung Xclipse 940,120.0,10.0,3.11,1.95,2.451,1,2.0,8.0,1.8,0.0,1.0,0.0,10.0,2.4,3,3,384.7,2,1
386,iqoo neo 7 pro,6.78,2,0,256.0,8.0,5000.0,iqoo,1411891.0,3200.0,Adreno 730,120.0,8.0,3.2,2.0,2.431,1,3.0,50.0,0.0,0.0,0.0,1.0,16.0,2.4,1,0,412.8,0,0
387,huawei mate 50e,6.7,2,1,256.0,8.0,4460.0,huawei,780000.0,2400.0,Adreno 642,90.0,8.0,2.4,1.8,2.1,1,2.0,50.0,1.4,0.0,0.0,1.0,13.0,2.4,1,0,392.8,1,0
388,realme gt neo 5 se,6.74,2,1,256.0,8.0,5500.0,realme,1285461.0,2910.0,Adreno 725,144.0,8.0,2.91,1.8,2.198,1,3.0,64.0,1.8,0.0,0.0,1.0,16.0,2.5,1,0,450.5,1,0
389,tecno pova curve 2,6.78,2,1,256.0,8.0,8000.0,tecno,768176.0,2400.0,Mali-G610 MP2,144.0,8.0,2.4,2.0,2.2,0,2.0,50.0,0.0,0.0,0.0,0.0,13.0,2.2,2,1,412.8,0,0
390,xiaomi poco f4 gt,6.66,2,1,128.0,8.0,4700.0,xiaomi,1294632.0,3000.0,Adreno 730,120.0,8.0,3.0,1.8,2.212,1,3.0,64.0,1.9,0.0,0.0,1.0,20.0,2.4,1,0,395.2,1,0
391,realme narzo 50i prime,6.5,1,0,32.0,3.0,5000.0,realme,341088.0,1800.0,Mali-G57 MP1,60.0,8.0,1.8,1.8,1.8,1,1.0,8.0,2.0,0.0,0.0,1.0,5.0,2.2,6,1,269.9,1,0
392,xiaomi redmi note 14 pro,6.67,0,0,128.0,8.0,5000.0,xiaomi,419670.0,1850.0,PowerVR GT7600,120.0,2.0,1.85,1.85,1.85,1,3.0,50.0,1.7,0.0,0.0,1.0,16.0,2.2,6,4,394.6,0,0
393,xiaomi civi 1s,6.55,2,1,128.0,8.0,4500.0,xiaomi,800145.0,2500.0,Adreno 642,120.0,8.0,2.5,1.8,2.112,1,3.0,64.0,1.8,0.0,0.0,1.0,32.0,2.0,1,0,401.8,1,0
394,huawei enjoy 60x,6.95,1,1,128.0,8.0,7000.0,huawei,415362.0,2400.0,Adreno 610,90.0,8.0,2.4,1.9,2.15,1,2.0,50.0,2.4,0.0,0.0,1.0,8.0,2.0,1,0,375.5,1,0
395,google pixel 9 pro fold,8.0,2,1,128.0,16.0,4650.0,google,1499601.0,3100.0,Mali-G715 MP7,120.0,8.0,3.1,1.92,2.323,1,3.0,48.0,1.7,1.0,1.0,1.0,10.0,2.2,6,1,330.3,2,1
396,vivo x100 pro,6.78,2,1,256.0,12.0,5400.0,vivo,2415558.0,3250.0,Mali-G720  MP12,120.0,8.0,3.25,2.0,2.475,1,3.0,50.0,1.8,1.0,1.0,1.0,32.0,2.0,2,1,412.8,1,0
397,realme v30t,6.5,1,0,128.0,8.0,5000.0,realme,515647.0,2200.0,Mali-G57 MP2,120.0,8.0,2.2,2.0,2.05,1,2.0,13.0,0.0,0.0,0.0,0.0,5.0,2.1,2,1,400.7,0,0
398,oppo reno 11 a,6.73,0,0,256.0,12.0,5000.0,oppo,419670.0,1850.0,PowerVR GT7600,120.0,2.0,1.85,1.85,1.85,1,3.0,50.0,1.7,0.0,0.0,1.0,16.0,2.2,6,4,521.4,0,0
399,xiaomi mi 10t,6.66,1,1,128.0,6.0,5000.0,xiaomi,964589.0,2840.0,Adreno 650,144.0,8.0,2.84,1.8,2.163,1,3.0,64.0,1.9,0.0,0.0,1.0,20.0,2.2,1,0,395.2,1,0
400,xiaomi redmi note 14,6.67,0,0,128.0,8.0,5000.0,xiaomi,419670.0,1850.0,PowerVR GT7600,120.0,2.0,1.85,1.85,1.85,1,3.0,50.0,1.7,0.0,0.0,1.0,16.0,2.2,6,4,394.6,0,0
401,google pixel 6 pro,6.7,0,1,128.0,12.0,5003.0,google,1019946.0,2800.0,Mali-G78 MP20,120.0,8.0,2.8,1.8,2.163,1,3.0,50.0,1.9,1.0,1.0,1.0,1.1,2.2,6,1,512.9,2,1
402,zte nubia z50 ultra,6.8,2,1,256.0,8.0,5000.0,zte,1752044.0,3200.0,Adreno 740,120.0,8.0,3.2,2.0,2.55,1,3.0,64.0,1.6,0.0,1.0,1.0,50.0,2.0,1,0,399.9,1,0
403,samsung w22,7.6,2,1,256.0,12.0,4400.0,samsung,1118041.0,2840.0,Adreno 660,120.0,8.0,2.84,1.8,2.163,1,3.0,12.0,1.812,0.0,0.0,0.0,10.0,2.2,1,0,372.6,1,0
404,oppo a2x,6.56,1,0,128.0,6.0,5000.0,oppo,527185.0,2200.0,Mali-G57 MP2,90.0,8.0,2.2,2.0,2.05,1,1.0,13.0,2.2,0.0,0.0,0.0,5.0,2.2,2,1,269.1,1,0
405,honor 600,6.57,0,0,256.0,8.0,9000.0,honor,419670.0,1850.0,PowerVR GT7600,120.0,2.0,1.85,1.85,1.85,1,3.0,50.0,1.7,0.0,0.0,1.0,16.0,2.2,6,4,396.7,0,0
406,honor 90 pro,6.78,2,1,256.0,12.0,5000.0,honor,1411891.0,3200.0,Adreno 730,120.0,8.0,3.2,2.0,2.431,1,3.0,200.0,1.9,1.0,0.0,1.0,50.0,2.4,1,0,412.8,1,0
407,google pixel 6a,6.1,2,1,128.0,6.0,4410.0,google,1019946.0,2800.0,Mali-G78 MP20,120.0,8.0,2.8,1.8,2.163,1,2.0,12.0,1.7,0.0,0.0,1.0,8.0,2.0,6,1,431.4,2,1
408,oppo a2,6.72,1,0,256.0,12.0,5000.0,oppo,527185.0,2200.0,Mali-G57 MP2,90.0,8.0,2.2,2.0,2.05,1,2.0,50.0,1.8,0.0,0.0,0.0,8.0,2.0,2,1,391.6,1,0
409,honor magic 2,6.39,2,1,128.0,8.0,3500.0,honor,739763.0,2600.0,Mali-G76 MP10,120.0,8.0,2.6,1.8,2.03,1,3.0,24.0,1.8,0.0,0.0,0.0,16.0,2.0,4,1,403.3,1,0
410,realme narzo 50,6.6,1,0,64.0,4.0,5000.0,realme,493222.0,2050.0,Mali-G57 MP2,120.0,8.0,2.05,2.0,2.013,1,3.0,50.0,1.8,0.0,0.0,1.0,16.0,2.1,2,1,400.4,1,0
411,nokia x30,6.5,0,1,64.0,4.0,5850.0,nokia,251428.0,1800.0,Adreno 610,90.0,8.0,1.8,1.8,1.8,1,4.0,48.0,0.0,0.0,0.0,0.0,16.0,2.0,1,0,400.7,0,0
412,huawei nova 10 se,6.66,2,1,256.0,8.0,4500.0,huawei,780000.0,2400.0,Adreno 642,90.0,8.0,2.4,1.8,2.1,1,3.0,108.0,0.0,0.0,0.0,0.0,16.0,2.2,1,0,395.2,1,0
413,samsung a06 -,6.58,0,0,64.0,4.0,5000.0,samsung,419670.0,1850.0,PowerVR GT7600,90.0,2.0,1.85,1.85,1.85,1,3.0,50.0,1.7,0.0,0.0,1.0,16.0,2.2,6,4,401.1,0,0
414,motorola moto g73,6.5,1,1,256.0,8.0,5000.0,motorola,593307.0,2200.0,IMG BXM-8-256,120.0,8.0,2.2,2.0,2.05,1,2.0,50.0,1.8,0.0,0.0,1.0,16.0,2.4,2,4,404.9,1,0
415,samsung a06 -,6.58,0,0,64.0,4.0,5000.0,samsung,419670.0,1850.0,PowerVR GT7600,90.0,2.0,1.85,1.85,1.85,1,3.0,50.0,1.7,0.0,0.0,1.0,16.0,2.2,6,4,401.1,0,0
416,honor 80 gt,6.67,2,1,256.0,12.0,4800.0,honor,1411891.0,3200.0,Adreno 730,120.0,8.0,3.2,2.0,2.431,1,3.0,54.0,1.9,0.0,0.0,1.0,16.0,2.4,1,0,395.2,1,0
417,vivo v27,6.78,2,1,128.0,8.0,4600.0,vivo,419670.0,1850.0,PowerVR GT7600,120.0,2.0,1.85,1.85,1.85,1,3.0,50.0,1.7,0.0,0.0,1.0,16.0,2.2,6,4,388.2,1,0
418,oppo a1 pro,6.7,2,1,128.0,6.0,5000.0,oppo,592489.0,2200.0,Adreno 619,120.0,8.0,2.2,1.8,1.9,1,2.0,108.0,2.4,0.0,0.0,1.0,16.0,2.2,1,0,392.8,1,0
419,honor x6,6.5,1,1,128.0,4.0,5000.0,honor,419670.0,1850.0,PowerVR GT7600,90.0,2.0,1.85,1.85,1.85,1,3.0,50.0,1.7,0.0,0.0,1.0,16.0,2.2,6,4,269.9,1,0
420,nubia red magic 10,6.67,0,0,256.0,8.0,5000.0,nubia,419670.0,1850.0,PowerVR GT7600,120.0,2.0,1.85,1.85,1.85,1,3.0,50.0,1.7,0.0,0.0,1.0,16.0,2.2,6,4,394.6,0,0
421,vivo v7,5.7,1,0,32.0,4.0,3000.0,vivo,176718.0,1800.0,Adreno 506,90.0,8.0,1.8,1.8,1.8,1,1.0,16.0,2.0,0.0,0.0,0.0,24.0,2.0,1,0,282.5,1,0
422,google pixel 2,5.0,2,1,64.0,4.0,2700.0,google,438016.0,2450.0,Adreno 540,90.0,8.0,2.45,1.9,2.175,1,1.0,2.0,1.8,1.0,0.0,1.0,8.0,2.4,1,0,440.6,2,1
423,realme v20,6.5,0,0,128.0,4.0,5000.0,realme,515647.0,2200.0,Mali-G57 MP2,90.0,8.0,2.2,2.0,2.05,1,1.0,13.0,0.0,0.0,0.0,0.0,5.0,2.1,2,1,269.9,0,0
424,vivo y36,6.64,1,0,256.0,8.0,5000.0,vivo,415362.0,2400.0,Adreno 610,90.0,8.0,2.4,1.9,2.15,1,2.0,50.0,1.8,0.0,0.0,0.0,16.0,2.45,1,0,394.7,1,0
425,infinix note 30 pro,6.78,2,1,256.0,8.0,5000.0,infinix,547830.0,2200.0,Mali-G57 MP2,120.0,8.0,2.2,2.0,2.05,1,2.0,108.0,2.4,0.0,0.0,1.0,16.0,2.0,2,1,396.3,1,0
426,nothing phone 1,6.55,2,1,128.0,8.0,4500.0,nothing,800145.0,2500.0,Adreno 642,120.0,8.0,2.5,1.8,2.112,1,2.0,50.0,0.0,0.0,0.0,0.0,16.0,2.0,1,0,401.8,0,0
427,xiaomi redmi k70e,6.67,2,1,128.0,8.0,5500.0,xiaomi,1609292.0,3350.0,Mali-G615 MP6,120.0,8.0,3.35,2.2,2.719,1,3.0,50.0,2.4,0.0,0.0,1.0,20.0,2.2,2,1,526.1,1,0
428,vivo nex 3,6.89,2,1,256.0,8.0,4500.0,vivo,859084.0,2960.0,Adreno 640,120.0,8.0,2.96,1.8,2.178,1,3.0,64.0,1.8,0.0,1.0,1.0,16.0,2.1,1,0,363.0,1,0
429,tecno pova curve 2,6.78,2,1,128.0,8.0,8000.0,tecno,768176.0,2400.0,Mali-G610 MP2,144.0,8.0,2.4,2.0,2.2,0,2.0,50.0,0.0,0.0,0.0,0.0,13.0,2.2,2,1,412.8,0,0
430,xiaomi 15t pro,6.73,0,0,256.0,12.0,5000.0,xiaomi,419670.0,1850.0,PowerVR GT7600,144.0,2.0,1.85,1.85,1.85,1,3.0,50.0,1.7,0.0,0.0,1.0,16.0,2.2,6,4,521.4,0,0
431,oppo a1x,6.56,1,0,128.0,6.0,5000.0,oppo,515647.0,2200.0,Mali-G57 MP2,90.0,8.0,2.2,2.0,2.05,1,2.0,13.0,2.2,0.0,0.0,1.0,8.0,2.2,2,1,269.1,1,0
432,nubia redmagic 8s pro transparent,6.8,2,1,512.0,16.0,6000.0,nubia,1752044.0,3200.0,Adreno 740,120.0,8.0,3.2,2.0,2.55,1,3.0,50.0,1.88,0.0,0.0,0.0,16.0,2.2,1,0,399.9,1,0
433,honor x9b,6.78,2,1,256.0,12.0,5800.0,honor,733620.0,2200.0,Adreno 710,120.0,8.0,2.2,1.8,2.0,1,3.0,8.0,1.75,0.0,0.0,1.0,6.0,2.45,1,0,429.3,1,0
434,oppo k10 pro,6.62,2,1,128.0,8.0,5000.0,oppo,1118041.0,2840.0,Adreno 660,120.0,8.0,2.84,1.8,2.163,1,3.0,50.0,1.8,0.0,0.0,1.0,16.0,2.5,1,0,397.6,1,0
435,xiaomi redmi note 12r pro,6.67,2,0,256.0,12.0,5000.0,xiaomi,521686.0,2000.0,Adreno 619,120.0,8.0,2.0,1.8,1.85,1,2.0,48.0,2.4,0.0,0.0,1.0,8.0,2.0,1,0,394.6,1,0
436,google pixel 5a,6.6,2,1,128.0,6.0,4680.0,google,597153.0,2400.0,Adreno 620,120.0,8.0,2.4,1.8,1.925,1,2.0,16.0,1.0,0.0,0.0,1.0,8.0,2.0,1,0,399.35,2,1
437,huawei nova 10,6.66,2,1,128.0,8.0,4000.0,huawei,780000.0,2400.0,Adreno 642,120.0,8.0,2.4,1.8,2.1,1,3.0,50.0,1.9,0.0,0.0,1.0,60.0,2.4,1,0,395.2,1,0
438,xiaomi redmi note 13r pro,6.67,2,0,256.0,12.0,5000.0,xiaomi,581315.0,2400.0,Mali-G57 MP2,120.0,8.0,2.4,2.0,2.1,1,2.0,108.0,1.7,0.0,0.0,1.0,16.0,2.2,2,1,394.6,1,0
439,xiaomi redmi note 13,6.67,2,0,256.0,12.0,5000.0,xiaomi,461236.0,2800.0,Adreno 610,120.0,8.0,2.8,1.9,2.35,1,2.0,108.0,0.0,0.0,0.0,0.0,16.0,2.2,1,0,392.9,0,0
440,realme 11x,6.72,1,0,128.0,6.0,5000.0,realme,513180.0,2200.0,Mali-G57 MP2,120.0,8.0,2.2,2.0,2.05,1,2.0,100.0,0.0,0.0,0.0,0.0,16.0,2.2,2,1,391.6,0,0
441,vivo y52,6.58,1,1,128.0,4.0,5000.0,vivo,515647.0,2200.0,Mali-G57 MP2,90.0,8.0,2.2,2.0,2.05,1,3.0,48.0,1.792,0.0,0.0,0.0,8.0,2.0,2,1,401.1,1,0
442,vivo iqoo neo 8 pro,6.78,2,1,256.0,8.0,4500.0,vivo,1208784.0,2995.0,Adreno 660,120.0,8.0,2.995,1.8,2.182,1,3.0,50.0,1.8,1.0,1.0,1.0,16.0,2.4,1,0,517.6,1,0
443,asus rog phone 7 pro,6.6,0,1,128.0,8.0,5000.0,asus,1752044.0,3200.0,Adreno 740,120.0,8.0,3.2,2.0,2.55,1,3.0,50.0,1.8,0.0,1.0,1.0,16.0,2.2,1,0,399.35,0,0
444,realme 12 pro,6.7,1,1,128.0,16.0,5000.0,realme,1285461.0,2910.0,Adreno 725,144.0,8.0,2.91,1.8,2.198,1,3.0,108.0,0.0,0.0,0.0,0.0,32.0,2.5,1,0,392.8,0,0
445,oppo find x7 ultra,6.67,0,0,256.0,8.0,5000.0,oppo,419670.0,1850.0,PowerVR GT7600,120.0,2.0,1.85,1.85,1.85,1,3.0,50.0,1.7,0.0,0.0,1.0,16.0,2.2,6,4,394.6,0,0
446,vivo s19,6.78,2,1,256.0,8.0,6000.0,vivo,1020938.0,2630.0,Adreno 720,120.0,8.0,2.63,1.8,2.129,1,2.0,50.0,0.0,0.0,0.0,1.0,5.0,2.0,1,0,412.8,0,0
447,xiaomi 14 ultra,6.73,2,1,512.0,12.0,5300.0,xiaomi,2341391.0,3300.0,Adreno 750,120.0,8.0,3.3,2.27,2.901,1,4.0,50.0,1.8,0.0,1.0,1.0,32.0,2.0,1,0,521.4,1,0
448,oneplus ace 2v,6.74,2,1,256.0,12.0,5000.0,oneplus,1411891.0,3200.0,Adreno 730,120.0,8.0,3.2,2.0,2.431,1,3.0,50.0,1.8,0.0,0.0,1.0,16.0,2.4,1,0,450.5,1,0
449,huawei nova 12 pro,6.78,2,1,256.0,8.0,4900.0,huawei,1062256.0,2620.0,Maleoon 910,120.0,8.0,2.62,1.53,1.899,1,3.0,50.0,1.9,0.0,1.0,1.0,60.0,2.2,4,6,429.3,1,0
450,blackview n6000,6.4,0,1,256.0,8.0,3880.0,xiaomi,547830.0,2200.0,Mali-G57 MP2,120.0,8.0,2.2,2.0,2.05,1,2.0,48.0,0.0,0.0,0.0,0.0,13.0,2.5,2,1,84.4,0,0
451,xiaomi redmi note 14 pro plus,6.73,0,0,512.0,12.0,5000.0,xiaomi,419670.0,1850.0,PowerVR GT7600,120.0,2.0,1.85,1.85,1.85,1,3.0,50.0,1.7,0.0,0.0,1.0,16.0,2.2,6,4,521.4,0,0
452,vivo v30 pro,6.78,2,1,512.0,12.0,5000.0,vivo,1206715.0,3100.0,Mali-G610 MP6,120.0,8.0,3.1,2.0,2.513,1,3.0,50.0,1.85,1.0,0.0,1.0,50.0,2.0,2,1,452.9,1,0
453,xperia 5 v,6.1,2,1,256.0,8.0,5000.0,sony,1752044.0,3200.0,Adreno 740,120.0,8.0,3.2,2.0,2.55,1,2.0,48.0,1.9,0.0,0.0,1.0,12.0,2.0,1,0,449.5,1,0
454,samsung galaxy z flip 5,6.7,2,1,512.0,8.0,4200.0,samsung,1752044.0,3200.0,Adreno 740,144.0,8.0,3.2,2.0,2.55,1,2.0,12.0,0.0,0.0,0.0,1.0,10.0,2.2,1,0,392.8,0,0
455,google pixel 4a,5.8,2,1,128.0,6.0,3140.0,google,506661.0,2200.0,Adreno 618,120.0,8.0,2.2,1.8,1.9,1,1.0,2.0,1.0,1.0,0.0,1.0,8.0,2.0,1,0,444.3,2,1
456,tecno pova 7 neo,6.67,0,0,256.0,8.0,5000.0,tecno,419670.0,1850.0,PowerVR GT7600,120.0,2.0,1.85,1.85,1.85,1,3.0,50.0,1.7,0.0,0.0,1.0,16.0,2.2,6,4,394.6,0,0
457,honor 80 pro,6.67,2,1,256.0,12.0,5000.0,honor,1294632.0,3000.0,Adreno 730,120.0,8.0,3.0,1.8,2.212,1,1.0,200.0,0.0,0.0,0.0,0.0,20.0,2.4,1,0,381.8,0,0
458,motorola edge plus,6.7,2,1,256.0,12.0,5000.0,motorola,964589.0,2840.0,Adreno 650,90.0,8.0,2.84,1.8,2.163,1,3.0,108.0,1.8,0.0,1.0,1.0,25.0,2.0,1,0,384.7,1,0
459,motorola edge 40,6.55,2,1,128.0,8.0,4400.0,motorola,969978.0,2600.0,Mali-G77 MP9,144.0,8.0,2.6,2.0,2.3,1,3.0,50.0,1.4,0.0,0.0,1.0,32.0,2.4,2,1,401.8,1,0
460,sony xperia 5 iv,6.1,2,1,128.0,8.0,5000.0,sony,1294632.0,3000.0,Adreno 730,120.0,8.0,3.0,1.8,2.212,1,3.0,12.0,1.7,0.0,1.0,1.0,12.0,2.0,1,0,457.3,1,0
461,tecno spark 10c,6.6,0,0,128.0,16.0,5000.0,tecno,1798756.0,3350.0,Mali-G715  MP11,90.0,8.0,3.35,2.0,2.544,1,1.0,16.0,0.0,0.0,0.0,0.0,8.0,2.0,2,1,267.5,0,0
462,oneplus open,6.3,2,1,256.0,16.0,4805.0,oneplus,1752044.0,3200.0,Adreno 740,120.0,8.0,3.2,2.0,2.55,1,3.0,64.0,0.0,0.0,1.0,1.0,32.0,2.2,1,0,458.1,0,0
463,infinix hot 50 pro,6.78,2,0,256.0,8.0,5000.0,infinix,570469.0,2200.0,Mali-G57 MP2,120.0,8.0,2.2,2.0,2.05,1,1.0,50.0,0.0,0.0,0.0,0.0,8.0,2.4,2,1,412.8,0,0
464,huawei pocket s,6.9,2,1,128.0,8.0,4000.0,huawei,780000.0,2400.0,Adreno 642,120.0,8.0,2.4,1.8,2.1,1,2.0,40.0,1.8,0.0,0.0,1.0,7.0,2.2,1,0,457.6,1,0
465,vivo y200 pro,6.78,2,0,128.0,8.0,5000.0,vivo,592489.0,2200.0,Adreno 619,120.0,8.0,2.2,1.8,1.9,1,2.0,64.0,0.0,0.0,0.0,0.0,16.0,2.2,1,0,412.8,0,0
466,oppo phf110,6.72,1,0,128.0,8.0,5000.0,oppo,592489.0,2200.0,Adreno 619,120.0,8.0,2.2,1.8,1.9,1,2.0,108.0,0.0,0.0,0.0,0.0,16.0,2.2,1,0,391.6,0,0
467,vivo x80 pro plus,6.78,2,1,256.0,8.0,4700.0,vivo,1294632.0,3000.0,Adreno 730,120.0,8.0,3.0,1.8,2.212,1,4.0,50.0,1.3,0.0,1.0,1.0,44.0,2.4,1,0,517.6,1,0
468,vivo iqoo neo 8,6.78,2,1,256.0,12.0,5000.0,vivo,1411891.0,3200.0,Adreno 730,144.0,8.0,3.2,2.0,2.431,1,2.0,50.0,1.88,0.0,0.0,1.0,16.0,2.45,1,0,412.8,1,0
469,vivo y100i,6.64,1,0,512.0,12.0,5000.0,vivo,527185.0,2200.0,Mali-G57 MP2,120.0,8.0,2.2,2.0,2.05,1,2.0,50.0,1.8,0.0,0.0,1.0,8.0,2.0,2,1,394.7,1,0
470,redmi k60 ultra,6.7,2,1,128.0,8.0,4700.0,nubia,1294632.0,3000.0,Adreno 730,120.0,8.0,3.0,1.8,2.212,1,3.0,108.0,0.0,0.0,0.0,1.0,32.0,2.4,1,0,450.2,0,0
471,realme gt 5 pro,6.74,2,1,256.0,8.0,4700.0,realme,2341391.0,3300.0,Adreno 750,144.0,8.0,3.3,2.27,2.901,1,3.0,200.0,0.0,0.0,0.0,0.0,32.0,2.0,1,0,450.5,0,0
472,vivo y95,6.22,1,0,64.0,4.0,4030.0,vivo,193115.0,2000.0,Adreno 505,90.0,8.0,2.0,1.45,1.725,1,2.0,13.0,2.2,0.0,0.0,0.0,20.0,2.0,1,0,270.4,1,0
473,samsung a06 -,6.6,0,0,128.0,6.0,5000.0,samsung,419670.0,1850.0,PowerVR GT7600,120.0,2.0,1.85,1.85,1.85,1,3.0,50.0,1.7,0.0,0.0,1.0,16.0,2.2,6,4,399.35,0,0
474,honor 90,6.7,2,1,256.0,12.0,5000.0,honor,829085.0,2400.0,Adreno 644,120.0,8.0,2.4,1.8,2.085,1,3.0,200.0,1.9,0.0,0.0,1.0,50.0,2.4,1,0,392.8,1,0
475,oneplus 12,6.7,2,1,256.0,12.0,5000.0,oneplus,2341391.0,3300.0,Adreno 750,120.0,8.0,3.3,2.27,2.901,1,3.0,64.0,0.0,0.0,1.0,1.0,32.0,2.0,1,0,392.8,0,0
476,oneplus nord ce 4 lite,6.67,0,1,256.0,8.0,5000.0,oneplus,419670.0,1850.0,PowerVR GT7600,120.0,2.0,1.85,1.85,1.85,1,3.0,50.0,1.7,0.0,0.0,1.0,16.0,2.2,6,4,394.6,1,0
477,motorola edge 40 pro,6.67,2,1,256.0,12.0,4600.0,motorola,1752044.0,3200.0,Adreno 740,165.0,8.0,3.2,2.0,2.55,1,3.0,50.0,1.6,0.0,1.0,1.0,60.0,2.2,1,0,394.6,1,0
478,oppo k11,6.7,2,1,256.0,8.0,4870.0,oppo,806420.0,2700.0,Adreno 642,120.0,8.0,2.7,1.8,2.138,1,3.0,50.0,0.0,0.0,0.0,0.0,16.0,2.2,1,0,392.8,0,0
479,oppo a2 pro,6.7,2,1,256.0,8.0,5000.0,oppo,802497.0,2600.0,Mali-G68 MP4,120.0,8.0,2.6,2.0,2.15,1,2.0,64.0,1.7,0.0,0.0,0.0,8.0,2.0,2,1,394.4,1,0
480,samsung a26 -,6.67,0,0,256.0,8.0,5000.0,samsung,419670.0,1850.0,PowerVR GT7600,120.0,2.0,1.85,1.85,1.85,1,3.0,50.0,1.7,0.0,0.0,1.0,16.0,2.2,6,4,394.6,0,0
481,google pixel 4 xl,6.3,2,1,64.0,6.0,3700.0,google,820253.0,2840.0,Adreno 640,90.0,8.0,2.84,1.8,2.163,1,2.0,16.0,1.7,1.0,1.0,1.0,8.0,2.0,1,0,533.9,2,1
482,realme gt neo 6,6.73,0,1,128.0,12.0,5000.0,realme,419670.0,1850.0,PowerVR GT7600,120.0,2.0,1.85,1.85,1.85,1,3.0,50.0,1.7,0.0,0.0,1.0,16.0,2.2,6,4,521.4,0,0
483,xiaomi 15t,6.73,0,0,256.0,12.0,5000.0,xiaomi,419670.0,1850.0,PowerVR GT7600,120.0,2.0,1.85,1.85,1.85,1,3.0,50.0,1.7,0.0,0.0,1.0,16.0,2.2,6,4,521.4,0,0
484,vivo s17,6.78,2,1,256.0,8.0,4600.0,vivo,800145.0,2500.0,Adreno 642,120.0,8.0,2.5,1.8,2.112,1,2.0,50.0,1.88,0.0,0.0,1.0,50.0,2.0,1,0,412.8,1,0
485,vivo y71,6.22,1,0,16.0,3.0,3360.0,vivo,180934.0,1400.0,Adreno 308,60.0,4.0,1.4,1.4,1.4,1,1.0,13.0,0.0,0.0,0.0,0.0,5.0,2.2,1,0,258.8,1,0
486,honor magic v3,7.0,2,0,512.0,12.0,5150.0,honor,3336910.0,4320.0,Adreno 830,120.0,8.0,4.32,3.53,3.728,1,3.0,50.0,0.0,0.0,1.0,1.0,16.0,2.0,1,0,485.7,0,0
487,vivo y27s,6.64,1,0,256.0,8.0,5000.0,vivo,419670.0,1850.0,PowerVR GT7600,90.0,2.0,1.85,1.85,1.85,1,3.0,50.0,1.7,0.0,0.0,1.0,16.0,2.2,6,4,394.7,1,0
488,vivo s19 pro,6.78,2,1,256.0,8.0,5000.0,vivo,1798756.0,3350.0,Mali-G715  MP11,120.0,8.0,3.35,2.0,2.544,1,3.0,50.0,0.0,1.0,1.0,0.0,50.0,2.0,2,1,412.8,0,0
489,vivo iqoo z7x,6.64,1,1,128.0,8.0,6000.0,vivo,592489.0,2200.0,Adreno 619,120.0,8.0,2.2,1.8,1.9,1,2.0,50.0,1.8,0.0,0.0,1.0,8.0,2.0,1,0,394.7,1,0
490,vivo v29,6.7,2,1,256.0,12.0,5000.0,vivo,800145.0,2500.0,Adreno 642,120.0,8.0,2.5,1.8,2.112,1,1.0,64.0,0.0,0.0,0.0,0.0,50.0,2.0,1,0,392.8,0,0
491,samsung galaxy c55,6.7,2,1,128.0,8.0,5000.0,samsung,829085.0,2400.0,Adreno 644,120.0,8.0,2.4,1.8,2.085,1,3.0,50.0,1.8,0.0,1.0,1.0,50.0,2.4,1,0,392.8,0,0
492,vivo x100,6.7,2,1,256.0,12.0,5000.0,vivo,1411891.0,3200.0,Adreno 730,144.0,8.0,3.2,2.0,2.431,1,3.0,50.0,0.0,0.0,0.0,0.0,32.0,2.4,1,0,392.8,0,0
493,lenovo legion y70,6.66,2,1,128.0,8.0,5100.0,lenovo,1411891.0,3200.0,Adreno 730,144.0,8.0,3.2,2.0,2.431,1,3.0,50.0,2.4,0.0,0.0,1.0,16.0,2.4,1,0,395.2,1,0
494,vivo x100,6.7,2,1,256.0,12.0,5000.0,vivo,1411891.0,3200.0,Adreno 730,144.0,8.0,3.2,2.0,2.431,1,3.0,50.0,0.0,0.0,0.0,0.0,32.0,2.4,1,0,392.8,0,0
495,honor x50i,6.7,1,0,128.0,8.0,4500.0,honor,527185.0,2200.0,Mali-G57 MP2,90.0,8.0,2.2,2.0,2.05,1,2.0,108.0,0.0,0.0,0.0,0.0,8.0,2.0,2,1,391.2,0,0
496,oneplus nord ce2,6.43,2,1,128.0,6.0,4500.0,oneplus,671241.0,2400.0,Mali-G68 MP4,90.0,8.0,2.4,2.0,2.1,1,3.0,64.0,1.8,0.0,0.0,1.0,16.0,2.4,2,1,409.3,1,0
497,infinix zero,6.78,1,0,256.0,8.0,5000.0,infinix,722902.0,2600.0,Mali-G68 MP4,120.0,8.0,2.6,2.0,2.15,1,2.0,50.0,0.0,0.0,0.0,0.0,16.0,2.2,2,1,396.3,1,0
498,xiaomi redmi note 14 pro,6.73,0,0,512.0,12.0,5000.0,xiaomi,419670.0,1850.0,PowerVR GT7600,120.0,2.0,1.85,1.85,1.85,1,3.0,50.0,1.7,0.0,0.0,1.0,16.0,2.2,6,4,521.4,0,0
499,oppo a1,6.72,1,0,256.0,8.0,5000.0,oppo,592489.0,2200.0,Adreno 619,120.0,8.0,2.2,1.8,1.9,1,2.0,50.0,1.8,0.0,0.0,1.0,8.0,2.0,1,0,391.6,1,0
500,vivo iqoo z6,6.58,1,0,128.0,4.0,5000.0,vivo,592489.0,2200.0,Adreno 619,120.0,8.0,2.2,1.8,1.9,1,3.0,50.0,1.8,0.0,0.0,1.0,16.0,2.0,1,0,401.1,1,0
501,realme 12 pro plus,6.7,2,1,128.0,8.0,5000.0,realme,1411891.0,3200.0,Adreno 730,120.0,8.0,3.2,2.0,2.431,1,3.0,108.0,0.0,0.0,0.0,0.0,32.0,2.4,1,0,392.8,0,0
502,samsung galaxy a06,6.7,1,0,64.0,4.0,5000.0,samsung,349222.0,2000.0,Mali-G52 MP2,60.0,8.0,2.0,1.8,1.85,1,2.0,50.0,0.0,0.0,0.0,0.0,8.0,2.0,2,1,261.9,2,0
503,oppo reno9 z,6.5,2,0,128.0,8.0,5000.0,oppo,780000.0,2400.0,Adreno 642,90.0,8.0,2.4,1.8,2.1,1,4.0,64.0,0.0,0.0,0.0,0.0,32.0,2.2,1,0,400.7,0,0
504,vivo y200i,6.72,1,0,512.0,12.0,6000.0,vivo,572954.0,2200.0,Adreno 613,120.0,8.0,2.2,2.0,2.05,1,2.0,50.0,0.0,0.0,0.0,0.0,8.0,2.2,1,0,391.6,0,0
505,blackview a95,6.5,1,0,128.0,8.0,5000.0,xiaomi,303398.0,2100.0,Mali-G72 MP3,60.0,8.0,2.1,2.0,2.05,1,1.0,20.0,0.0,0.0,0.0,0.0,8.0,2.2,2,1,400.7,0,0
506,vivo t3x,6.72,1,0,256.0,8.0,6000.0,vivo,733620.0,2200.0,Adreno 710,120.0,8.0,2.2,1.8,2.0,1,2.0,50.0,1.82,0.0,0.0,0.0,8.0,2.225,1,0,391.6,0,0
507,oneplus v fold,6.76,2,1,256.0,16.0,4800.0,oneplus,1752044.0,3200.0,Adreno 740,120.0,8.0,3.2,2.0,2.55,1,3.0,64.0,2.2,0.0,0.0,1.0,32.0,2.4,1,0,399.35,1,0
508,oneplus ace 3 pro,6.67,0,1,256.0,8.0,5000.0,oneplus,419670.0,1850.0,PowerVR GT7600,120.0,2.0,1.85,1.85,1.85,1,3.0,50.0,1.7,0.0,0.0,1.0,16.0,2.2,6,4,394.6,0,0
509,oppo reno12 f -,6.7,2,1,256.0,12.0,5000.0,oppo,532738.0,2400.0,Mali-G57 MP2,120.0,8.0,2.4,2.0,2.1,1,3.0,50.0,0.0,0.0,0.0,1.0,32.0,2.0,2,1,392.8,0,0
510,samsung a36 -,6.73,0,0,256.0,12.0,5000.0,samsung,419670.0,1850.0,PowerVR GT7600,120.0,2.0,1.85,1.85,1.85,1,3.0,50.0,1.7,0.0,0.0,1.0,16.0,2.2,6,4,521.4,0,0
511,xiaomi redmi note 14 pro,6.67,0,0,256.0,8.0,5000.0,xiaomi,419670.0,1850.0,PowerVR GT7600,120.0,2.0,1.85,1.85,1.85,1,3.0,50.0,1.7,0.0,0.0,1.0,16.0,2.2,6,4,394.6,0,0
512,vivo y200 gt,6.78,2,1,128.0,8.0,6000.0,vivo,1020938.0,2630.0,Adreno 720,144.0,8.0,2.63,1.8,2.129,1,2.0,50.0,0.0,0.0,0.0,0.0,16.0,2.0,1,0,412.8,0,0
513,poco f6,6.67,0,1,256.0,8.0,5000.0,poco,419670.0,1850.0,PowerVR GT7600,120.0,2.0,1.85,1.85,1.85,1,3.0,50.0,1.7,0.0,0.0,1.0,16.0,2.2,6,4,394.6,0,0
514,huawei nova 10 pro,6.78,2,1,128.0,8.0,4500.0,huawei,780000.0,2400.0,Adreno 642,120.0,8.0,2.4,1.8,2.1,1,3.0,50.0,1.8,0.0,0.0,1.0,60.0,2.2,1,0,412.8,1,0
515,honor x5 plus,6.56,1,1,64.0,4.0,5200.0,honor,195539.0,2200.0,PowerVR GE8320,90.0,8.0,2.2,1.8,2.0,1,8.0,50.0,1.8,0.0,0.0,0.0,5.0,2.2,2,4,269.1,1,0
516,oneplus v fold,6.76,2,1,256.0,16.0,4800.0,oneplus,1752044.0,3200.0,Adreno 740,120.0,8.0,3.2,2.0,2.55,1,3.0,64.0,2.2,0.0,0.0,1.0,32.0,2.4,1,0,399.35,1,0
517,oneplus ace 3 pro,6.67,0,1,256.0,8.0,5000.0,oneplus,419670.0,1850.0,PowerVR GT7600,120.0,2.0,1.85,1.85,1.85,1,3.0,50.0,1.7,0.0,0.0,1.0,16.0,2.2,6,4,394.6,0,0
518,infinix zero 30,6.78,2,1,256.0,8.0,5000.0,infinix,969978.0,2600.0,Mali-G77 MP9,144.0,8.0,2.6,2.0,2.3,1,3.0,108.0,1.7,0.0,0.0,1.0,50.0,2.5,2,1,388.2,1,0
519,vivo y22,6.44,1,0,64.0,4.0,5000.0,vivo,419670.0,1850.0,PowerVR GT7600,90.0,2.0,1.85,1.85,1.85,1,3.0,50.0,1.7,0.0,0.0,1.0,16.0,2.2,6,4,272.4,0,0
520,xiaomi redmi a4,6.71,0,0,128.0,4.0,5000.0,xiaomi,419670.0,1850.0,PowerVR GT7600,120.0,2.0,1.85,1.85,1.85,1,3.0,50.0,1.7,0.0,0.0,1.0,16.0,2.2,6,4,268.3,1,0
521,huawei p50 pocket s,6.66,0,1,256.0,8.0,5000.0,huawei,780000.0,2400.0,Adreno 642,120.0,8.0,2.4,1.8,2.1,1,3.0,50.0,1.8,0.0,0.0,1.0,16.0,2.2,1,0,395.2,0,0
522,oppo a98,6.6,2,0,128.0,8.0,5000.0,oppo,780000.0,2400.0,Adreno 642,120.0,8.0,2.4,1.8,2.1,1,2.0,48.0,0.0,0.0,0.0,0.0,16.0,2.2,1,0,399.35,0,0
523,xiaomi redmi 11 prime,6.58,1,0,64.0,4.0,5000.0,xiaomi,515647.0,2200.0,Mali-G57 MP2,90.0,8.0,2.2,2.0,2.05,1,2.0,50.0,1.8,0.0,0.0,0.0,8.0,2.2,2,1,401.1,1,0
524,oppo reno9 pro plus,6.7,2,1,128.0,12.0,4500.0,oppo,1409448.0,3050.0,Mali-G710 MP10,120.0,8.0,3.05,1.8,2.35,1,3.0,50.0,1.8,0.0,1.0,1.0,32.0,2.4,2,1,392.8,0,0
525,xiaomi civi 3,6.55,2,1,256.0,12.0,4500.0,xiaomi,1206715.0,3100.0,Mali-G610 MP6,120.0,8.0,3.1,2.0,2.513,1,3.0,50.0,1.77,0.0,0.0,1.0,32.0,2.0,2,1,401.8,1,0
526,realme c67,6.72,1,0,256.0,8.0,5000.0,realme,461236.0,2800.0,Adreno 610,90.0,8.0,2.8,1.9,2.35,1,2.0,108.0,1.82,0.0,0.0,0.0,8.0,2.05,1,0,391.6,1,0
527,xiaomi redmi note 13,6.67,2,0,128.0,8.0,5000.0,xiaomi,581315.0,2400.0,Mali-G57 MP2,120.0,8.0,2.4,2.0,2.1,1,2.0,108.0,0.0,0.0,0.0,0.0,16.0,2.2,2,1,394.6,0,0
528,vivo s17e,6.78,2,1,128.0,8.0,4600.0,vivo,971424.0,2800.0,-,120.0,8.0,2.8,2.0,2.2,1,2.0,64.0,1.79,0.0,0.0,1.0,16.0,2.45,2,7,388.2,1,0
529,realme c55,6.67,0,0,128.0,8.0,5000.0,realme,419670.0,1850.0,PowerVR GT7600,90.0,2.0,1.85,1.85,1.85,1,3.0,50.0,1.7,0.0,0.0,1.0,16.0,2.2,6,4,394.6,0,0
530,tcl 50se,6.78,0,1,256.0,6.0,5010.0,tcl,353817.0,2000.0,Mali-G52 MP2,90.0,8.0,2.0,1.8,1.85,1,2.0,50.0,1.8,0.0,0.0,0.0,8.0,2.35,2,1,396.3,1,0
531,vivo y77e,6.58,1,0,128.0,6.0,5000.0,vivo,569913.0,2400.0,Mali-G57 MP2,120.0,8.0,2.4,2.0,2.1,1,2.0,13.0,2.2,0.0,0.0,1.0,8.0,2.0,2,1,401.1,1,0
532,huawei nova 9 se,6.78,1,1,128.0,8.0,4000.0,huawei,415362.0,2400.0,Adreno 610,90.0,8.0,2.4,1.9,2.15,1,4.0,108.0,1.9,0.0,0.0,1.0,16.0,2.2,1,0,386.6,1,0
533,xiaomi redmi note 13s,6.6,2,0,128.0,6.0,5000.0,xiaomi,980006.0,3000.0,Mali-G77 MP9,120.0,8.0,3.0,2.0,2.35,1,2.0,50.0,0.0,0.0,0.0,0.0,13.0,2.2,2,1,399.35,0,0
534,samsung galaxy f54,6.7,2,1,128.0,8.0,6000.0,samsung,765609.0,2400.0,Mali-G68 MP5,120.0,8.0,2.4,2.0,2.2,1,3.0,108.0,1.8,0.0,0.0,1.0,32.0,2.2,3,1,392.8,1,0
535,vivo iqoo 11s,6.78,2,1,256.0,8.0,5000.0,vivo,2415558.0,3250.0,Mali-G720  MP12,144.0,8.0,3.25,2.0,2.475,1,3.0,50.0,1.8,1.0,1.0,1.0,32.0,2.0,2,1,517.6,0,0
536,xiaomii 14 lite,6.67,2,1,512.0,12.0,4600.0,xiaomi,1118041.0,2840.0,Adreno 660,144.0,8.0,2.84,1.8,2.163,1,4.0,64.0,0.0,0.0,0.0,0.0,32.0,2.3499999999999996,1,0,394.6,0,0
537,tecno camon 20 pro,6.67,2,1,256.0,8.0,5000.0,tecno,1028453.0,3000.0,Mali-G77 MP9,120.0,8.0,3.0,2.0,2.35,1,3.0,64.0,1.7,0.0,0.0,1.0,32.0,2.5,2,1,394.6,1,0
538,xiaomi redmi note 13s,6.6,2,0,128.0,6.0,5000.0,xiaomi,980006.0,3000.0,Mali-G77 MP9,120.0,8.0,3.0,2.0,2.35,1,2.0,50.0,0.0,0.0,0.0,0.0,13.0,2.2,2,1,399.35,0,0
539,samsung galaxy f54,6.7,2,1,128.0,8.0,6000.0,samsung,765609.0,2400.0,Mali-G68 MP5,120.0,8.0,2.4,2.0,2.2,1,3.0,108.0,1.8,0.0,0.0,1.0,32.0,2.2,3,1,392.8,1,0
540,vivo iqoo 11s,6.78,2,1,256.0,8.0,5000.0,vivo,2415558.0,3250.0,Mali-G720  MP12,144.0,8.0,3.25,2.0,2.475,1,3.0,50.0,1.8,1.0,1.0,1.0,32.0,2.0,2,1,517.6,0,0
541,tecno pova 8,6.58,0,0,256.0,4.0,5000.0,tecno,419670.0,1850.0,PowerVR GT7600,90.0,2.0,1.85,1.85,1.85,1,3.0,50.0,1.7,0.0,0.0,1.0,16.0,2.2,6,4,401.1,0,0
542,xiaomi poco c51,6.52,0,0,32.0,3.0,5000.0,xiaomi,195539.0,2200.0,PowerVR GE8320,60.0,8.0,2.2,1.8,2.0,1,1.0,8.0,0.0,0.0,0.0,0.0,5.0,2.2,2,4,269.1,0,0
543,vivo x fold 3,6.82,2,1,256.0,16.0,4900.0,vivo,2341391.0,3300.0,Adreno 750,120.0,8.0,3.3,2.27,2.901,1,3.0,50.0,0.0,0.0,0.0,0.0,16.0,2.0,1,0,510.3,0,0
544,samsung galaxy f13,6.6,1,0,64.0,4.0,4500.0,samsung,231906.0,2000.0,Mali-G52 MP1,90.0,8.0,2.0,2.0,2.0,1,3.0,50.0,1.8,0.0,0.0,1.0,8.0,2.2,3,1,399.9,1,0
545,honor 70 lite,6.5,1,1,128.0,4.0,5000.0,honor,477542.0,2200.0,Adreno 619,60.0,8.0,2.2,1.8,1.9,1,3.0,50.0,1.8,0.0,0.0,0.0,8.0,2.0,1,0,269.9,1,0
546,honor magic v,7.9,2,1,256.0,12.0,4750.0,honor,1294632.0,3000.0,Adreno 730,90.0,8.0,3.0,1.8,2.212,1,3.0,50.0,1.9,0.0,0.0,1.0,42.0,2.4,1,0,381.8,1,0
547,honor 80,6.67,0,1,256.0,12.0,5000.0,honor,1294632.0,3000.0,Adreno 730,120.0,8.0,3.0,1.8,2.212,1,1.0,200.0,0.0,0.0,0.0,0.0,20.0,2.4,1,0,381.8,0,0
548,vivo y22t,6.55,1,0,64.0,4.0,5000.0,vivo,349222.0,2000.0,Mali-G52 MP2,90.0,8.0,2.0,1.8,1.85,1,2.0,50.0,0.0,0.0,0.0,0.0,8.0,2.0,2,1,401.8,0,0
549,xiaomi 14 pro,6.73,2,1,256.0,12.0,4880.0,xiaomi,2341391.0,3300.0,Adreno 750,120.0,8.0,3.3,2.27,2.901,1,3.0,50.0,1.4,1.0,1.0,1.0,32.0,2.0,1,0,521.4,2,1
550,tcl 505,6.75,0,1,128.0,4.0,5010.0,tcl,353817.0,2000.0,Mali-G52 MP2,90.0,8.0,2.0,1.8,1.85,1,2.0,50.0,1.8,0.0,0.0,0.0,5.0,2.2,2,1,259.9,1,0
551,vivo iqoo z7,6.38,2,0,128.0,6.0,4500.0,vivo,750481.0,2500.0,Mali-G68 MP4,90.0,8.0,2.5,2.0,2.125,1,2.0,64.0,2.4,0.0,0.0,1.0,16.0,2.0,2,1,412.5,1,0
552,vivo y78,6.67,1,1,128.0,8.0,5000.0,vivo,639509.0,2200.0,IMG BXM-8-256,120.0,8.0,2.2,2.0,2.05,1,2.0,50.0,1.8,0.0,0.0,1.0,8.0,2.0,2,4,392.9,1,0
553,oneplus nord ce 2 lite,6.58,1,1,128.0,6.0,5000.0,oneplus,592489.0,2200.0,Adreno 619,120.0,8.0,2.2,1.8,1.9,1,3.0,64.0,1.8,0.0,0.0,0.0,16.0,2.5,1,0,400.0,1,0
554,tecno spark 30 -,6.6,0,0,128.0,6.0,5000.0,tecno,419670.0,1850.0,PowerVR GT7600,120.0,2.0,1.85,1.85,1.85,1,3.0,50.0,1.7,0.0,0.0,1.0,16.0,2.2,6,4,399.35,0,0
555,tecno camon 20 premier,6.0,2,1,512.0,8.0,5000.0,tecno,980006.0,3000.0,Mali-G77 MP9,120.0,8.0,3.0,2.0,2.35,1,2.0,108.0,0.0,0.0,0.0,1.0,16.0,2.2,2,1,429.5,0,0
556,honor 90 lite,6.7,0,1,256.0,8.0,4500.0,honor,527185.0,2200.0,Mali-G57 MP2,90.0,8.0,2.2,2.0,2.05,1,4.0,100.0,1.9,0.0,0.0,1.0,16.0,2.45,2,1,391.2,1,0
557,honor x50i,6.7,0,0,128.0,6.0,4500.0,honor,419670.0,1850.0,PowerVR GT7600,90.0,2.0,1.85,1.85,1.85,1,3.0,50.0,1.7,0.0,0.0,1.0,16.0,2.2,6,4,394.4,0,0
558,honor 600,6.57,0,0,256.0,12.0,9000.0,honor,419670.0,1850.0,PowerVR GT7600,120.0,2.0,1.85,1.85,1.85,1,3.0,50.0,1.7,0.0,0.0,1.0,16.0,2.2,6,4,396.7,0,0
559,google pixel 2 xl,6.0,2,1,64.0,4.0,3520.0,google,438016.0,2450.0,Adreno 540,90.0,8.0,2.45,1.9,2.175,1,1.0,2.0,1.8,1.0,0.0,1.0,8.0,2.4,1,0,536.7,2,1
560,doogee v30t,6.58,1,1,256.0,12.0,10800.0,doogee,722902.0,2600.0,Mali-G68 MP4,120.0,8.0,2.6,2.0,2.15,1,3.0,108.0,1.8,0.0,0.0,1.0,32.0,1.8,2,1,401.1,1,0
561,lenovo thinkphone,6.6,2,1,128.0,8.0,5000.0,lenovo,1411891.0,3200.0,Adreno 730,120.0,8.0,3.2,2.0,2.431,1,2.0,50.0,1.8,0.0,0.0,1.0,32.0,2.4,1,0,398.8,0,0
562,samsung galaxy a14,6.6,1,1,128.0,6.0,5000.0,samsung,310388.0,2000.0,Mali-G52 MP2,60.0,8.0,2.0,1.8,1.85,1,2.0,50.0,0.0,0.0,0.0,0.0,13.0,2.2,2,1,399.9,0,0
563,oppo f27 pro plus,6.73,0,1,256.0,12.0,5000.0,oppo,419670.0,1850.0,PowerVR GT7600,120.0,2.0,1.85,1.85,1.85,1,3.0,50.0,1.7,0.0,0.0,1.0,16.0,2.2,6,4,521.4,0,0
564,honor x50i,6.7,0,0,128.0,6.0,4500.0,honor,419670.0,1850.0,PowerVR GT7600,90.0,2.0,1.85,1.85,1.85,1,3.0,50.0,1.7,0.0,0.0,1.0,16.0,2.2,6,4,394.4,0,0
565,oneplus nord ce 2 lite,6.58,1,1,128.0,6.0,5000.0,oneplus,592489.0,2200.0,Adreno 619,120.0,8.0,2.2,1.8,1.9,1,3.0,64.0,1.8,0.0,0.0,0.0,16.0,2.5,1,0,400.0,1,0
566,xiaomi poco c55,6.71,1,0,64.0,4.0,5000.0,xiaomi,349222.0,2000.0,Mali-G52 MP2,60.0,8.0,2.0,1.8,1.85,1,1.0,50.0,0.0,0.0,0.0,0.0,5.0,2.0,2,1,268.3,1,0
567,tecno camon 40s,6.67,0,0,256.0,8.0,5000.0,tecno,419670.0,1850.0,PowerVR GT7600,120.0,2.0,1.85,1.85,1.85,1,3.0,50.0,1.7,0.0,0.0,1.0,16.0,2.2,6,4,394.6,0,0
568,honor play 40c,6.6,0,0,128.0,6.0,5200.0,honor,477542.0,2200.0,Adreno 619,90.0,8.0,2.2,1.8,1.9,1,1.0,13.0,0.0,0.0,0.0,0.0,5.0,2.0,1,0,267.5,0,0
569,honor play 7t pro,6.7,1,0,128.0,8.0,4000.0,honor,527185.0,2200.0,Mali-G57 MP2,90.0,8.0,2.2,2.0,2.05,1,2.0,50.0,1.8,0.0,0.0,1.0,8.0,2.0,2,1,391.2,1,0
570,honor 80 pro plus,6.67,2,0,256.0,12.0,5000.0,honor,1294632.0,3000.0,Adreno 730,120.0,8.0,3.0,1.8,2.212,1,1.0,200.0,0.0,0.0,0.0,0.0,20.0,2.4,1,0,381.8,0,0
571,vivo iqoo 9t,6.78,2,1,128.0,8.0,4700.0,vivo,1411891.0,3200.0,Adreno 730,120.0,8.0,3.2,2.0,2.431,1,3.0,50.0,1.8,0.0,1.0,1.0,16.0,2.5,1,0,388.2,1,0
572,vivo x fold plus,8.3,2,0,256.0,12.0,4730.0,vivo,1411891.0,3200.0,Adreno 730,120.0,8.0,3.2,2.0,2.431,1,4.0,50.0,0.0,0.0,1.0,1.0,16.0,2.4,1,0,399.35,0,0
573,redmi 11a,6.53,1,0,64.0,4.0,6000.0,nubia,200794.0,2300.0,PowerVR GE8320,90.0,8.0,2.3,1.8,2.05,1,4.0,48.0,2.2,0.0,0.0,1.0,13.0,2.2,2,4,394.7,0,0
574,htc u23 pro,6.7,2,1,256.0,12.0,5000.0,htc,829085.0,2400.0,Adreno 644,120.0,8.0,2.4,1.8,2.085,1,3.0,50.0,1.8,0.0,0.0,1.0,50.0,2.4,1,0,392.8,0,0
575,samsung galaxy f04s,6.5,1,0,64.0,4.0,4000.0,samsung,231906.0,2000.0,Mali-G52 MP1,90.0,8.0,2.0,2.0,2.0,1,3.0,50.0,0.0,0.0,0.0,0.0,5.0,2.2,3,1,400.7,0,0
576,vivo y38,6.67,1,1,256.0,8.0,6000.0,vivo,572954.0,2200.0,Adreno 613,120.0,8.0,2.2,2.0,2.05,1,2.0,50.0,0.0,0.0,0.0,0.0,8.0,2.2,1,0,394.6,0,0
577,realme narzo n53,6.74,0,0,64.0,4.0,5000.0,realme,419670.0,1850.0,PowerVR GT7600,90.0,2.0,1.85,1.85,1.85,1,3.0,50.0,1.7,0.0,0.0,1.0,16.0,2.2,6,4,390.5,1,0
578,xiaomi redmi 14,6.88,0,0,128.0,4.0,5000.0,xiaomi,419670.0,1850.0,PowerVR GT7600,120.0,2.0,1.85,1.85,1.85,1,3.0,50.0,1.7,0.0,0.0,1.0,16.0,2.2,6,4,399.35,0,0
579,redmi 11a,6.53,1,0,64.0,4.0,6000.0,nubia,200794.0,2300.0,PowerVR GE8320,90.0,8.0,2.3,1.8,2.05,1,4.0,48.0,2.2,0.0,0.0,1.0,13.0,2.2,2,4,394.7,0,0
580,samsung galaxy f55,6.7,0,1,128.0,8.0,5000.0,samsung,829085.0,2400.0,Adreno 644,120.0,8.0,2.4,1.8,2.085,1,3.0,50.0,0.0,0.0,0.0,1.0,50.0,2.4,1,0,392.8,0,0
581,xiaomi redmi note 11se,6.43,2,0,64.0,6.0,5000.0,xiaomi,534895.0,2050.0,Mali-G76 MP4,90.0,8.0,2.05,2.0,2.013,1,4.0,64.0,1.9,0.0,0.0,1.0,13.0,2.0,2,1,409.3,1,0
582,xiaomi 14t,6.73,0,0,256.0,12.0,5000.0,xiaomi,419670.0,1850.0,PowerVR GT7600,144.0,2.0,1.85,1.85,1.85,1,3.0,50.0,1.7,0.0,0.0,1.0,16.0,2.2,6,4,521.4,0,0
583,huawei nova 11 se,6.67,2,1,256.0,8.0,4500.0,huawei,415362.0,2400.0,Adreno 610,90.0,8.0,2.4,1.9,2.15,1,3.0,108.0,1.9,0.0,0.0,0.0,32.0,2.45,1,0,394.6,1,0
584,xiaomi poco c50,6.7,1,0,64.0,4.0,5000.0,xiaomi,415362.0,2400.0,Adreno 610,90.0,8.0,2.4,1.9,2.15,1,2.0,50.0,1.8,0.0,0.0,0.0,5.0,2.2,1,0,392.8,0,0
585,oppo find x7,6.67,0,0,256.0,8.0,5000.0,oppo,419670.0,1850.0,PowerVR GT7600,120.0,2.0,1.85,1.85,1.85,1,3.0,50.0,1.7,0.0,0.0,1.0,16.0,2.2,6,4,394.6,0,0
586,vivo y18e,6.56,1,0,64.0,4.0,5000.0,vivo,349222.0,2000.0,Mali-G52 MP2,90.0,8.0,2.0,1.8,1.85,1,1.0,13.0,2.2,0.0,0.0,0.0,5.0,2.2,2,1,269.1,0,0
587,vivo x fold2,8.03,2,1,256.0,12.0,4800.0,vivo,1752044.0,3200.0,Adreno 740,120.0,8.0,3.2,2.0,2.55,1,3.0,50.0,1.8,1.0,1.0,1.0,16.0,2.5,1,0,359.6,1,0
588,nubia z40s pro,6.66,2,1,128.0,8.0,5000.0,nubia,1411891.0,3200.0,Adreno 730,144.0,8.0,3.2,2.0,2.431,1,3.0,64.0,1.6,1.0,1.0,1.0,16.0,2.5,1,0,395.2,1,0
589,tecno spark 30,6.67,0,0,128.0,8.0,5000.0,tecno,419670.0,1850.0,PowerVR GT7600,120.0,2.0,1.85,1.85,1.85,1,3.0,50.0,1.7,0.0,0.0,1.0,16.0,2.2,6,4,394.6,0,0
590,honor x6a,6.56,1,1,128.0,4.0,5200.0,honor,195539.0,2200.0,PowerVR GE8320,90.0,8.0,2.2,1.8,2.0,1,3.0,50.0,1.8,0.0,0.0,0.0,5.0,2.2,2,4,269.1,1,0
591,huawei nova 11 se,6.67,2,1,256.0,8.0,4500.0,huawei,415362.0,2400.0,Adreno 610,90.0,8.0,2.4,1.9,2.15,1,3.0,108.0,1.9,0.0,0.0,0.0,32.0,2.45,1,0,394.6,1,0
592,xiaomi poco c50,6.7,1,0,64.0,4.0,5000.0,xiaomi,415362.0,2400.0,Adreno 610,90.0,8.0,2.4,1.9,2.15,1,2.0,50.0,1.8,0.0,0.0,0.0,5.0,2.2,1,0,392.8,0,0
593,oppo find x7,6.67,0,0,256.0,8.0,5000.0,oppo,419670.0,1850.0,PowerVR GT7600,120.0,2.0,1.85,1.85,1.85,1,3.0,50.0,1.7,0.0,0.0,1.0,16.0,2.2,6,4,394.6,0,0
594,xiaomi redmi 11 pro,6.56,1,0,128.0,6.0,5000.0,xiaomi,515647.0,2200.0,Mali-G57 MP2,90.0,8.0,2.2,2.0,2.05,1,2.0,50.0,0.0,0.0,0.0,0.0,5.0,2.1,2,1,269.1,0,0
595,huawei nova 10z,6.6,1,0,128.0,8.0,4000.0,huawei,419670.0,1850.0,PowerVR GT7600,120.0,2.0,1.85,1.85,1.85,1,3.0,50.0,1.7,0.0,0.0,1.0,16.0,2.2,6,4,398.8,1,0
596,xiaomi redmi a2,6.52,1,0,32.0,3.0,5000.0,xiaomi,155362.0,2000.0,PowerVR GE8300,60.0,4.0,2.0,2.0,2.0,1,1.0,8.0,0.0,0.0,0.0,0.0,5.0,2.2,2,4,269.1,0,0
597,vivo y18e,6.56,1,0,64.0,4.0,5000.0,vivo,349222.0,2000.0,Mali-G52 MP2,90.0,8.0,2.0,1.8,1.85,1,1.0,13.0,2.2,0.0,0.0,0.0,5.0,2.2,2,1,269.1,0,0
598,vivo x fold2,8.03,2,1,256.0,12.0,4800.0,vivo,1752044.0,3200.0,Adreno 740,120.0,8.0,3.2,2.0,2.55,1,3.0,50.0,1.8,1.0,1.0,1.0,16.0,2.5,1,0,359.6,1,0
599,vivo y35 plus,6.64,0,0,512.0,16.0,4900.0,vivo,419670.0,1850.0,PowerVR GT7600,120.0,2.0,1.85,1.85,1.85,1,3.0,50.0,1.7,0.0,0.0,1.0,16.0,2.2,6,4,394.7,0,0
600,xiaomi redmi note 13 pro plus,6.67,2,1,256.0,8.0,5000.0,xiaomi,960142.0,2800.0,-,120.0,8.0,2.8,2.0,2.2,1,3.0,200.0,0.0,0.0,0.0,0.0,16.0,2.2,2,7,445.8,1,0
601,samsung galaxy f34,6.46,0,1,128.0,6.0,6000.0,samsung,605067.0,2400.0,Mali-G68 MP4,120.0,8.0,2.4,2.0,2.1,1,3.0,50.0,0.0,0.0,0.0,1.0,13.0,2.2,3,1,399.35,1,0
602,oppo k11x,6.72,1,0,128.0,8.0,5000.0,oppo,592489.0,2200.0,Adreno 619,120.0,8.0,2.2,1.8,1.9,1,2.0,108.0,1.8,0.0,0.0,1.0,16.0,2.4,1,0,391.6,1,0
603,xiaomi redmi 11 pro,6.56,1,0,128.0,6.0,5000.0,xiaomi,515647.0,2200.0,Mali-G57 MP2,90.0,8.0,2.2,2.0,2.05,1,2.0,50.0,0.0,0.0,0.0,0.0,5.0,2.1,2,1,269.1,0,0
604,samsung galaxy f34,6.46,0,1,128.0,6.0,6000.0,samsung,605067.0,2400.0,Mali-G68 MP4,120.0,8.0,2.4,2.0,2.1,1,3.0,50.0,0.0,0.0,0.0,1.0,13.0,2.2,3,1,399.35,1,0
605,xiaomi 14t,6.73,0,0,512.0,12.0,5000.0,xiaomi,419670.0,1850.0,PowerVR GT7600,144.0,2.0,1.85,1.85,1.85,1,3.0,50.0,1.7,0.0,0.0,1.0,16.0,2.2,6,4,521.4,0,0
606,tecno camon slim,6.67,0,0,128.0,8.0,5000.0,tecno,419670.0,1850.0,PowerVR GT7600,120.0,2.0,1.85,1.85,1.85,1,3.0,50.0,1.7,0.0,0.0,1.0,16.0,2.2,6,4,394.6,0,0
607,vivo x70t pro,6.44,2,0,128.0,8.0,5000.0,vivo,980006.0,3000.0,Mali-G77 MP9,120.0,8.0,3.0,2.0,2.35,1,2.0,64.0,0.0,0.0,0.0,0.0,32.0,2.2,2,1,408.7,1,0
608,vivo v40 lite,6.67,2,1,256.0,8.0,5000.0,vivo,461236.0,2800.0,Adreno 610,120.0,8.0,2.8,1.9,2.35,1,2.0,50.0,1.8,0.0,0.0,0.0,32.0,2.45,1,0,394.6,2,0
609,samsung galaxy z flip,6.67,0,0,256.0,8.0,5000.0,samsung,419670.0,1850.0,PowerVR GT7600,120.0,2.0,1.85,1.85,1.85,1,3.0,50.0,1.7,0.0,0.0,1.0,16.0,2.2,6,4,394.6,0,0
610,realme x3 pro,6.6,1,0,256.0,12.0,4200.0,realme,859084.0,2960.0,Adreno 640,120.0,8.0,2.96,1.8,2.178,1,4.0,64.0,1.8,1.0,1.0,1.0,32.0,2.2,1,0,398.8,1,0
611,xiaomi 14t pro,6.67,2,1,512.0,12.0,5000.0,xiaomi,2347116.0,3400.0,Mali-G720  MP12,144.0,8.0,3.4,2.0,2.494,1,3.0,50.0,1.0,0.0,1.0,1.0,32.0,2.0,2,1,445.8,2,0
612,realme gt 5 pro se,6.74,2,1,256.0,8.0,4700.0,realme,2341391.0,3300.0,Adreno 750,144.0,8.0,3.3,2.27,2.901,1,3.0,50.0,0.0,0.0,0.0,0.0,16.0,2.0,1,0,450.5,0,0
613,xiaomi 14,6.36,2,1,128.0,8.0,4610.0,xiaomi,2341391.0,3300.0,Adreno 750,120.0,8.0,3.3,2.27,2.901,1,3.0,50.0,1.6,1.0,1.0,1.0,32.0,2.0,1,0,460.3,2,1
614,vivo s17t,6.78,2,1,512.0,12.0,4600.0,vivo,1028453.0,3000.0,Mali-G77 MP9,120.0,8.0,3.0,2.0,2.35,1,2.0,50.0,1.9,0.0,0.0,1.0,50.0,2.0,2,1,412.8,1,0
615,oppo k9x,6.5,1,0,128.0,6.0,5000.0,oppo,569913.0,2400.0,Mali-G57 MP2,90.0,8.0,2.4,2.0,2.1,1,3.0,64.0,1.8,0.0,0.0,1.0,16.0,2.4,2,1,404.9,1,0
616,vivo y21t,5.5,0,0,128.0,6.0,5000.0,vivo,419670.0,1850.0,PowerVR GT7600,120.0,2.0,1.85,1.85,1.85,1,3.0,50.0,1.7,0.0,0.0,1.0,16.0,2.2,6,4,353.05,0,0
617,honor magic 7 pro,6.8,2,1,1024.0,16.0,5850.0,honor,3336910.0,4320.0,Adreno 830,120.0,8.0,4.32,3.53,3.728,1,3.0,200.0,1.4,0.0,1.0,1.0,50.0,2.0,1,0,452.8,2,1
618,vivo x100s,6.78,2,1,1024.0,16.0,5100.0,vivo,2347116.0,3400.0,Mali-G720  MP12,120.0,8.0,3.4,2.0,2.494,1,3.0,64.0,0.0,0.0,0.0,0.0,32.0,2.0,2,1,452.9,2,0
619,samsung galaxy m23,6.6,1,1,128.0,4.0,5000.0,samsung,419670.0,1850.0,PowerVR GT7600,90.0,2.0,1.85,1.85,1.85,1,3.0,50.0,1.7,0.0,0.0,1.0,16.0,2.2,6,4,399.9,1,0
620,realme narzo n55,6.58,0,0,64.0,4.0,5000.0,realme,419670.0,1850.0,PowerVR GT7600,90.0,2.0,1.85,1.85,1.85,1,3.0,50.0,1.7,0.0,0.0,1.0,16.0,2.2,6,4,401.1,0,0
621,realme narzo 50i,6.58,0,0,64.0,4.0,5000.0,realme,419670.0,1850.0,PowerVR GT7600,90.0,2.0,1.85,1.85,1.85,1,3.0,50.0,1.7,0.0,0.0,1.0,16.0,2.2,6,4,401.1,0,0
622,vivo x fold,8.03,2,1,256.0,12.0,4600.0,vivo,1294632.0,3000.0,Adreno 730,120.0,8.0,3.0,1.8,2.212,1,4.0,50.0,1.8,0.0,1.0,1.0,16.0,2.5,1,0,359.6,1,0
623,xiaomi mi mix fold,8.0,2,1,512.0,16.0,5020.0,xiaomi,1118041.0,2840.0,Adreno 660,120.0,8.0,2.84,1.8,2.163,1,3.0,108.0,0.0,0.0,0.0,0.0,20.0,2.3499999999999996,1,0,259.5,1,0
624,oppo f17 pro,6.4,2,0,128.0,8.0,4015.0,oppo,380202.0,2200.0,PowerVR GM9446,120.0,8.0,2.2,2.0,2.05,1,4.0,48.0,1.8,0.0,0.0,1.0,16.0,2.4,2,4,411.2,1,0
625,vivo v29 lite,6.78,2,1,128.0,8.0,5000.0,vivo,592489.0,2200.0,Adreno 619,120.0,8.0,2.2,1.8,1.9,1,3.0,64.0,1.8,0.0,0.0,1.0,16.0,2.5,1,0,388.2,1,0
626,samsung galaxy a57,6.7,2,1,256.0,12.0,5000.0,samsung,1390055.0,2900.0,Samsung Xclipse 550,120.0,8.0,2.9,1.95,2.394,1,3.0,50.0,0.0,0.0,0.0,1.0,12.0,2.2,3,3,392.8,0,0
627,samsung galaxy a57,6.7,2,1,256.0,8.0,5000.0,samsung,1390055.0,2900.0,Samsung Xclipse 550,120.0,8.0,2.9,1.95,2.394,1,3.0,50.0,0.0,0.0,0.0,1.0,12.0,2.2,3,3,392.8,0,0
628,nokia c02,5.45,1,0,32.0,2.0,3000.0,nokia,419670.0,1850.0,PowerVR GT7600,120.0,2.0,1.85,1.85,1.85,1,3.0,50.0,1.7,0.0,0.0,1.0,16.0,2.2,6,4,295.4,1,0
629,oppo k9s,6.59,1,0,128.0,4.0,5000.0,oppo,780000.0,2400.0,Adreno 642,90.0,8.0,2.4,1.8,2.1,1,3.0,64.0,1.8,0.0,0.0,1.0,16.0,2.4,1,0,460.1,1,0
630,oneplus 10 ultra,6.67,0,0,256.0,8.0,5000.0,oneplus,419670.0,1850.0,PowerVR GT7600,120.0,2.0,1.85,1.85,1.85,1,3.0,50.0,1.7,0.0,0.0,1.0,16.0,2.2,6,4,394.6,0,0
631,motorola moto e13,6.5,1,0,64.0,2.0,5000.0,motorola,330006.0,1600.0,Mali-G57 MP1,120.0,8.0,1.6,1.6,1.6,1,1.0,13.0,2.2,0.0,0.0,1.0,5.0,2.4,6,1,269.9,2,1
632,motorola rizr rollable,5.0,0,0,256.0,12.0,3000.0,motorola,1752044.0,3200.0,Adreno 740,120.0,8.0,3.2,2.0,2.55,1,3.0,50.0,1.8,0.0,1.0,1.0,16.0,2.2,1,0,526.4,0,0
633,xiaomi civi 2,6.55,2,0,128.0,8.0,4500.0,xiaomi,800145.0,2500.0,Adreno 642,120.0,8.0,2.5,1.8,2.112,1,3.0,64.0,0.0,0.0,0.0,0.0,32.0,2.0,1,0,401.8,0,0
634,oppo f23,6.72,0,0,256.0,8.0,5000.0,oppo,592489.0,2200.0,Adreno 619,120.0,8.0,2.2,1.8,1.9,1,3.0,64.0,1.7,0.0,0.0,0.0,32.0,2.4,1,0,391.6,1,0
635,realme note 9 prime,6.58,0,0,64.0,4.0,5000.0,realme,419670.0,1850.0,PowerVR GT7600,90.0,2.0,1.85,1.85,1.85,1,3.0,50.0,1.7,0.0,0.0,1.0,16.0,2.2,6,4,401.1,0,0
636,vivo x100s,6.78,2,1,1024.0,16.0,5100.0,vivo,2347116.0,3400.0,Mali-G720  MP12,120.0,8.0,3.4,2.0,2.494,1,3.0,64.0,0.0,0.0,0.0,0.0,32.0,2.0,2,1,452.9,2,0
637,samsung galaxy m23,6.6,1,1,128.0,4.0,5000.0,samsung,419670.0,1850.0,PowerVR GT7600,90.0,2.0,1.85,1.85,1.85,1,3.0,50.0,1.7,0.0,0.0,1.0,16.0,2.2,6,4,399.9,1,0
638,realme narzo n55,6.58,0,0,64.0,4.0,5000.0,realme,419670.0,1850.0,PowerVR GT7600,90.0,2.0,1.85,1.85,1.85,1,3.0,50.0,1.7,0.0,0.0,1.0,16.0,2.2,6,4,401.1,0,0
639,oppo a77,6.56,1,1,128.0,6.0,5000.0,oppo,569913.0,2400.0,Mali-G57 MP2,90.0,8.0,2.4,2.0,2.1,1,2.0,48.0,1.7,0.0,0.0,0.0,8.0,2.0,2,1,269.1,1,0
640,asus rog phone 8,6.7,2,1,256.0,12.0,6000.0,asus,1118041.0,2840.0,Adreno 660,165.0,8.0,2.84,1.8,2.163,1,3.0,64.0,1.8,0.0,0.0,1.0,26.0,2.3499999999999996,1,0,392.8,0,0
641,realme narzo 50i,6.58,0,0,64.0,4.0,5000.0,realme,419670.0,1850.0,PowerVR GT7600,90.0,2.0,1.85,1.85,1.85,1,3.0,50.0,1.7,0.0,0.0,1.0,16.0,2.2,6,4,401.1,0,0
642,vivo x fold,8.03,2,1,256.0,12.0,4600.0,vivo,1294632.0,3000.0,Adreno 730,120.0,8.0,3.0,1.8,2.212,1,4.0,50.0,1.8,0.0,1.0,1.0,16.0,2.5,1,0,359.6,1,0
643,xiaomi 14,6.36,2,1,128.0,8.0,4610.0,xiaomi,2341391.0,3300.0,Adreno 750,120.0,8.0,3.3,2.27,2.901,1,3.0,50.0,1.6,1.0,1.0,1.0,32.0,2.0,1,0,460.3,2,1
644,vivo s17t,6.78,2,1,512.0,12.0,4600.0,vivo,1028453.0,3000.0,Mali-G77 MP9,120.0,8.0,3.0,2.0,2.35,1,2.0,50.0,1.9,0.0,0.0,1.0,50.0,2.0,2,1,412.8,1,0
645,oppo k9x,6.5,1,0,128.0,6.0,5000.0,oppo,569913.0,2400.0,Mali-G57 MP2,90.0,8.0,2.4,2.0,2.1,1,3.0,64.0,1.8,0.0,0.0,1.0,16.0,2.4,2,1,404.9,1,0
646,vivo y21t,5.5,0,0,128.0,6.0,5000.0,vivo,419670.0,1850.0,PowerVR GT7600,120.0,2.0,1.85,1.85,1.85,1,3.0,50.0,1.7,0.0,0.0,1.0,16.0,2.2,6,4,353.05,0,0
647,honor magic 7 pro,6.8,2,1,1024.0,16.0,5850.0,honor,3336910.0,4320.0,Adreno 830,120.0,8.0,4.32,3.53,3.728,1,3.0,200.0,1.4,0.0,1.0,1.0,50.0,2.0,1,0,452.8,2,1
648,huawei p30 lite,6.15,1,1,128.0,6.0,4300.0,huawei,336905.0,2200.0,Mali-G51 MP4,120.0,8.0,2.2,1.7,1.95,1,3.0,24.0,0.0,0.0,0.0,0.0,32.0,2.2,4,1,414.9,1,0
649,huawei p30,6.1,2,1,128.0,8.0,3650.0,huawei,739763.0,2600.0,Mali-G76 MP10,120.0,8.0,2.6,1.8,2.03,1,3.0,40.0,0.0,0.0,0.0,0.0,32.0,2.0,4,1,422.5,1,0
650,rog phone 6 pro,6.78,2,0,128.0,8.0,6000.0,asus,1411891.0,3200.0,Adreno 730,165.0,8.0,3.2,2.0,2.431,1,1.0,64.0,0.0,0.0,0.0,0.0,16.0,2.4,1,0,412.8,0,0
651,xiaomi redmi 11 prime,6.58,1,0,64.0,4.0,5000.0,xiaomi,547830.0,2200.0,Mali-G57 MP2,90.0,8.0,2.2,2.0,2.05,1,3.0,50.0,1.8,0.0,0.0,1.0,8.0,2.5,2,1,401.1,1,0
652,oppo reno9 lite,6.55,2,0,128.0,8.0,5000.0,oppo,980006.0,3000.0,Mali-G77 MP9,90.0,8.0,3.0,2.0,2.35,1,3.0,64.0,0.0,0.0,0.0,0.0,16.0,2.2,2,1,401.8,0,0
653,sharp rouvo v,6.5,0,0,32.0,3.0,3500.0,sharp,155362.0,2000.0,PowerVR GE8300,60.0,4.0,2.0,2.0,2.0,1,1.0,8.0,0.0,0.0,0.0,0.0,5.0,2.2,2,4,400.7,0,0
654,oppo k9 pro,6.43,2,0,128.0,8.0,4500.0,oppo,980006.0,3000.0,Mali-G77 MP9,120.0,8.0,3.0,2.0,2.35,1,3.0,64.0,0.0,0.0,0.0,0.0,16.0,2.2,2,1,409.3,0,0
655,huawei y6s 2019,6.1,0,1,32.0,3.0,5000.0,huawei,419670.0,1850.0,PowerVR GT7600,60.0,2.0,1.85,1.85,1.85,1,3.0,50.0,1.7,0.0,0.0,1.0,16.0,2.2,6,4,457.3,0,0
656,xiaomi 12i hypercharge,6.66,2,0,128.0,8.0,5000.0,xiaomi,722902.0,2600.0,Mali-G68 MP4,120.0,8.0,2.6,2.0,2.15,1,3.0,200.0,0.0,0.0,0.0,1.0,16.0,2.2,2,1,395.2,0,0
657,xiaomi 14 ultra,6.73,2,1,256.0,8.0,5300.0,xiaomi,2341391.0,3300.0,Adreno 750,120.0,8.0,3.3,2.27,2.901,1,4.0,50.0,1.8,0.0,1.0,1.0,32.0,2.0,1,0,521.4,1,0
658,realme narzo 9i,6.6,0,1,64.0,4.0,5000.0,realme,415362.0,2400.0,Adreno 610,90.0,8.0,2.4,1.9,2.15,1,3.0,50.0,0.0,0.0,0.0,0.0,8.0,2.2,1,0,399.35,1,0
659,huawei enjoy 20 plus,6.5,1,0,128.0,8.0,5000.0,huawei,419670.0,1850.0,PowerVR GT7600,120.0,2.0,1.85,1.85,1.85,1,3.0,50.0,1.7,0.0,0.0,1.0,16.0,2.2,6,4,404.9,1,0
660,tecno camon slim,6.67,0,0,128.0,8.0,5000.0,tecno,419670.0,1850.0,PowerVR GT7600,120.0,2.0,1.85,1.85,1.85,1,3.0,50.0,1.7,0.0,0.0,1.0,16.0,2.2,6,4,394.6,0,0
661,samsung galaxy a13,6.6,1,0,128.0,6.0,5000.0,samsung,231906.0,2000.0,Mali-G52 MP1,90.0,8.0,2.0,2.0,2.0,1,4.0,50.0,0.0,0.0,0.0,0.0,8.0,2.2,3,1,265.8,1,0
662,vivo x60 pro,6.56,2,1,128.0,8.0,4200.0,vivo,1118041.0,2840.0,Adreno 660,120.0,8.0,2.84,1.8,2.163,1,4.0,50.0,0.0,0.0,0.0,0.0,32.0,2.3499999999999996,1,0,296.8,0,0
663,xiaomi civi,6.59,0,0,128.0,4.0,4500.0,xiaomi,780000.0,2400.0,Adreno 642,120.0,8.0,2.4,1.8,2.1,1,3.0,50.0,1.8,0.0,0.0,1.0,16.0,2.2,1,0,460.1,0,0
664,xiaomi redmi 9 activ,6.53,0,0,64.0,4.0,5000.0,xiaomi,200794.0,2300.0,PowerVR GE8320,90.0,8.0,2.3,1.8,2.05,1,2.0,22.0,2.2,0.0,0.0,0.0,5.0,2.2,2,4,268.7,1,0
665,xiaomi redmi note 13,6.67,2,0,256.0,8.0,5000.0,xiaomi,461236.0,2800.0,Adreno 610,120.0,8.0,2.8,1.9,2.35,1,2.0,108.0,0.0,0.0,0.0,0.0,16.0,2.2,1,0,392.9,0,0
666,xiaomi 14t,6.73,0,0,512.0,12.0,5000.0,xiaomi,419670.0,1850.0,PowerVR GT7600,144.0,2.0,1.85,1.85,1.85,1,3.0,50.0,1.7,0.0,0.0,1.0,16.0,2.2,6,4,521.4,0,0
667,xiaomi 12s ultra,6.73,2,1,256.0,8.0,4860.0,xiaomi,1411891.0,3200.0,Adreno 730,120.0,8.0,3.2,2.0,2.431,1,3.0,48.0,1.9,1.0,1.0,1.0,32.0,2.5,1,0,521.4,1,0
668,vivo y32t,6.51,1,0,128.0,8.0,5000.0,vivo,317084.0,2000.0,Mali-G52 MP2,120.0,8.0,2.0,1.7,1.775,1,2.0,13.0,0.0,0.0,0.0,0.0,8.0,2.2,2,1,269.5,0,0
669,oppo f17,6.44,2,0,128.0,4.0,4000.0,oppo,320666.0,2000.0,Adreno 610,90.0,8.0,2.0,1.8,1.9,1,4.0,16.0,2.2,0.0,0.0,1.0,16.0,2.0,1,0,408.7,1,0
670,huawei nova 7 se,6.5,1,0,128.0,8.0,4000.0,huawei,602614.0,2360.0,Mali-G57 MP6,120.0,8.0,2.36,1.84,2.047,1,4.0,64.0,1.8,0.0,0.0,1.0,16.0,2.0,4,1,404.9,1,0
671,redmi note 11 se,6.43,1,1,64.0,6.0,5000.0,nubia,534895.0,2050.0,Mali-G76 MP4,90.0,8.0,2.05,2.0,2.013,1,4.0,64.0,1.9,0.0,0.0,1.0,13.0,2.45,2,1,409.3,1,0
672,vivo y100a,6.38,2,0,256.0,8.0,4500.0,vivo,750481.0,2500.0,Mali-G68 MP4,120.0,8.0,2.5,2.0,2.125,1,3.0,64.0,0.0,0.0,0.0,0.0,16.0,2.0,2,1,412.5,0,0
673,huawei p50 pro,6.3,2,1,256.0,8.0,5000.0,huawei,419670.0,1850.0,PowerVR GT7600,120.0,2.0,1.85,1.85,1.85,1,3.0,50.0,1.7,0.0,0.0,1.0,16.0,2.2,6,4,409.1,1,0
674,samsung galaxy m42,6.4,1,1,128.0,6.0,6000.0,samsung,494401.0,2200.0,Adreno 618,120.0,8.0,2.2,1.8,1.9,1,3.0,64.0,0.0,0.0,0.0,0.0,32.0,2.0,1,0,411.2,1,0
675,realme x7 pro,6.55,2,1,256.0,8.0,4500.0,realme,708890.0,2600.0,Mali-G77 MP9,120.0,8.0,2.6,2.0,2.3,1,4.0,64.0,1.8,0.0,0.0,1.0,32.0,2.2,2,1,401.8,1,0
676,realme 10,6.4,2,1,256.0,8.0,5000.0,realme,547830.0,2200.0,Mali-G57 MP2,90.0,8.0,2.2,2.0,2.05,1,2.0,50.0,0.0,0.0,0.0,0.0,16.0,2.5,2,1,411.2,1,0
677,xiaomi 14 ultra,6.73,2,1,256.0,12.0,5300.0,xiaomi,2341391.0,3300.0,Adreno 750,120.0,8.0,3.3,2.27,2.901,1,4.0,50.0,1.8,0.0,1.0,1.0,32.0,2.0,1,0,521.4,1,0
678,google pixel 8a,6.1,2,1,256.0,8.0,4492.0,google,1414384.0,2910.0,Mali-G715 MP7,120.0,9.0,2.91,1.7,2.132,1,2.0,50.0,0.0,0.0,0.0,0.0,0.5,2.2,6,1,431.4,0,0
679,xiaomi 14 pro,6.73,2,1,256.0,8.0,4880.0,xiaomi,2341391.0,3300.0,Adreno 750,120.0,8.0,3.3,2.27,2.901,1,3.0,50.0,1.4,1.0,1.0,1.0,32.0,2.0,1,0,521.4,2,1
680,vivo y18s,6.67,0,0,256.0,8.0,5000.0,vivo,419670.0,1850.0,PowerVR GT7600,120.0,2.0,1.85,1.85,1.85,1,3.0,50.0,1.7,0.0,0.0,1.0,16.0,2.2,6,4,394.6,0,0
681,oneplus 10,6.67,0,1,256.0,8.0,5000.0,oneplus,419670.0,1850.0,PowerVR GT7600,120.0,2.0,1.85,1.85,1.85,1,3.0,50.0,1.7,0.0,0.0,1.0,16.0,2.2,6,4,394.6,0,0
682,oneplus nord 2t,6.43,2,1,192.0,6.0,4500.0,oneplus,954090.0,3000.0,Mali-G77 MP9,90.0,8.0,3.0,2.0,2.35,1,3.0,50.0,0.0,0.0,0.0,0.0,24.0,2.2,2,1,409.3,0,0
683,oneplus 11 pro,6.55,2,1,128.0,8.0,5000.0,oneplus,1752044.0,3200.0,Adreno 740,144.0,8.0,3.2,2.0,2.55,1,1.0,32.0,0.0,0.0,0.0,0.0,16.0,2.2,1,0,401.8,0,0
684,oneplus 10r,6.67,0,1,256.0,8.0,5000.0,oneplus,419670.0,1850.0,PowerVR GT7600,120.0,2.0,1.85,1.85,1.85,1,3.0,50.0,1.7,0.0,0.0,1.0,16.0,2.2,6,4,394.6,0,0
685,samsung galaxy m31s,6.5,2,1,128.0,6.0,6000.0,samsung,355351.0,2300.0,Mali-G72 MP3,120.0,8.0,2.3,1.7,2.0,1,4.0,64.0,1.8,0.0,0.0,1.0,32.0,2.2,3,1,404.9,1,0
686,xiaomi redmi k50 ultra,6.66,2,1,128.0,8.0,5000.0,xiaomi,1411891.0,3200.0,Adreno 730,120.0,8.0,3.2,2.0,2.431,1,3.0,50.0,1.9,0.0,0.0,1.0,20.0,2.4,1,0,395.2,1,0
687,vivo y35m plus,6.51,1,0,128.0,4.0,5000.0,vivo,515647.0,2200.0,Mali-G57 MP2,60.0,8.0,2.2,2.0,2.05,1,2.0,13.0,0.0,0.0,0.0,0.0,5.0,2.1,2,1,269.5,0,0
688,huawei nova y71,6.75,1,0,128.0,8.0,6000.0,huawei,419670.0,1850.0,PowerVR GT7600,120.0,2.0,1.85,1.85,1.85,1,3.0,50.0,1.7,0.0,0.0,1.0,16.0,2.2,6,4,259.9,0,0
689,vivo y11,6.51,1,0,64.0,6.0,5000.0,vivo,419670.0,1850.0,PowerVR GT7600,60.0,2.0,1.85,1.85,1.85,1,3.0,50.0,1.7,0.0,0.0,1.0,16.0,2.2,6,4,269.5,0,0
690,samsung galaxy m42,6.4,1,1,128.0,6.0,6000.0,samsung,494401.0,2200.0,Adreno 618,120.0,8.0,2.2,1.8,1.9,1,3.0,64.0,0.0,0.0,0.0,0.0,32.0,2.0,1,0,411.2,1,0
691,realme x7 pro,6.55,2,1,256.0,8.0,4500.0,realme,708890.0,2600.0,Mali-G77 MP9,120.0,8.0,2.6,2.0,2.3,1,4.0,64.0,1.8,0.0,0.0,1.0,32.0,2.2,2,1,401.8,1,0
692,realme 10,6.4,2,1,256.0,8.0,5000.0,realme,547830.0,2200.0,Mali-G57 MP2,90.0,8.0,2.2,2.0,2.05,1,2.0,50.0,0.0,0.0,0.0,0.0,16.0,2.5,2,1,411.2,1,0
693,xiaomi 14 ultra,6.73,2,1,256.0,12.0,5300.0,xiaomi,2341391.0,3300.0,Adreno 750,120.0,8.0,3.3,2.27,2.901,1,4.0,50.0,1.8,0.0,1.0,1.0,32.0,2.0,1,0,521.4,1,0
694,vivo y35m plus,6.51,1,0,128.0,4.0,5000.0,vivo,515647.0,2200.0,Mali-G57 MP2,60.0,8.0,2.2,2.0,2.05,1,2.0,13.0,0.0,0.0,0.0,0.0,5.0,2.1,2,1,269.5,0,0
695,huawei nova y71,6.75,1,0,128.0,8.0,6000.0,huawei,419670.0,1850.0,PowerVR GT7600,120.0,2.0,1.85,1.85,1.85,1,3.0,50.0,1.7,0.0,0.0,1.0,16.0,2.2,6,4,259.9,0,0
696,vivo y36t,6.56,1,1,128.0,6.0,5000.0,vivo,349222.0,2000.0,Mali-G52 MP2,60.0,8.0,2.0,1.8,1.85,1,1.0,13.0,0.0,0.0,0.0,0.0,5.0,2.0,2,1,269.1,0,0
697,xiaomi redmi note 10 je,6.5,1,0,64.0,4.0,4800.0,xiaomi,456551.0,2000.0,Adreno 619,90.0,8.0,2.0,1.8,1.85,1,3.0,48.0,0.0,0.0,0.0,0.0,8.0,2.2,1,0,404.9,0,0
698,samsung galaxy z fold,6.67,0,0,256.0,8.0,5000.0,samsung,419670.0,1850.0,PowerVR GT7600,120.0,2.0,1.85,1.85,1.85,1,3.0,50.0,1.7,0.0,0.0,1.0,16.0,2.2,6,4,394.6,0,0
699,realme c30,6.5,1,0,32.0,2.0,5000.0,realme,341088.0,1800.0,Mali-G57 MP1,120.0,8.0,1.8,1.8,1.8,1,1.0,8.0,2.0,0.0,0.0,0.0,5.0,2.2,6,1,269.9,1,0
700,vivo y21e,6.51,1,0,64.0,3.0,5000.0,vivo,415362.0,2400.0,Adreno 610,60.0,8.0,2.4,1.9,2.15,1,2.0,13.0,2.2,0.0,0.0,0.0,8.0,1.8,1,0,269.5,1,0
701,nokia g400,6.5,0,1,128.0,4.0,5000.0,nokia,456551.0,2000.0,Adreno 619,120.0,8.0,2.0,1.8,1.85,1,1.0,48.0,0.0,0.0,0.0,0.0,8.0,2.2,1,0,400.7,0,0
702,xiaomi 11i hypercharge,6.66,2,0,128.0,6.0,4500.0,xiaomi,750481.0,2500.0,Mali-G68 MP4,120.0,8.0,2.5,2.0,2.125,1,3.0,108.0,1.9,0.0,1.0,1.0,16.0,2.0,2,1,395.2,1,0
703,samsung galaxy m53,6.7,2,1,128.0,8.0,5000.0,samsung,671241.0,2400.0,Mali-G68 MP4,120.0,8.0,2.4,2.0,2.1,1,4.0,64.0,0.0,0.0,0.0,0.0,32.0,2.2,2,1,392.8,1,0
704,nokia x21,6.7,2,0,128.0,6.0,5000.0,nokia,592489.0,2200.0,Adreno 619,120.0,8.0,2.2,1.8,1.9,1,2.0,64.0,0.0,0.0,0.0,1.0,16.0,2.2,1,0,328.8,0,0
705,xiaomi 11i hypercharge,6.66,2,0,128.0,6.0,4500.0,xiaomi,750481.0,2500.0,Mali-G68 MP4,120.0,8.0,2.5,2.0,2.125,1,3.0,108.0,1.9,0.0,1.0,1.0,16.0,2.0,2,1,395.2,1,0
706,samsung galaxy m53,6.7,2,1,128.0,8.0,5000.0,samsung,671241.0,2400.0,Mali-G68 MP4,120.0,8.0,2.4,2.0,2.1,1,4.0,64.0,0.0,0.0,0.0,0.0,32.0,2.2,2,1,392.8,1,0
707,nokia x21,6.7,2,0,128.0,6.0,5000.0,nokia,592489.0,2200.0,Adreno 619,120.0,8.0,2.2,1.8,1.9,1,2.0,64.0,0.0,0.0,0.0,1.0,16.0,2.2,1,0,328.8,0,0
708,huawei mate x2,8.0,2,1,256.0,8.0,4500.0,huawei,1079281.0,3130.0,Mali-G78 MP24,90.0,8.0,3.13,2.05,2.369,1,4.0,50.0,1.9,0.0,1.0,1.0,16.0,2.2,4,1,259.5,1,0
709,vivo s15 pro,6.56,2,1,256.0,8.0,4500.0,vivo,1085324.0,2850.0,Mali-G610 MP6,120.0,8.0,2.85,2.0,2.425,1,3.0,50.0,1.9,0.0,0.0,1.0,32.0,2.5,2,1,397.9,1,0
710,xiaomi mi 11x,6.66,2,0,128.0,6.0,4520.0,xiaomi,1005598.0,3200.0,Adreno 650,120.0,8.0,3.2,1.8,2.208,1,3.0,48.0,1.8,0.0,0.0,1.0,20.0,2.5,1,0,395.2,1,0
711,vivo t2x,6.58,1,1,128.0,6.0,6000.0,vivo,954090.0,3000.0,Mali-G77 MP9,144.0,8.0,3.0,2.0,2.35,1,2.0,50.0,1.8,0.0,0.0,1.0,16.0,2.0,2,1,401.1,1,0
712,vivo v30e se,6.67,0,1,256.0,8.0,5000.0,vivo,419670.0,1850.0,PowerVR GT7600,120.0,2.0,1.85,1.85,1.85,1,3.0,50.0,1.7,0.0,0.0,1.0,16.0,2.2,6,4,394.6,0,0
713,realme x7 pro,6.55,2,1,256.0,8.0,4500.0,realme,708890.0,2600.0,Mali-G77 MP9,120.0,8.0,2.6,2.0,2.3,1,4.0,64.0,1.8,0.0,0.0,1.0,32.0,2.2,2,1,401.8,1,0
714,realme 10,6.4,2,1,256.0,8.0,5000.0,realme,547830.0,2200.0,Mali-G57 MP2,90.0,8.0,2.2,2.0,2.05,1,2.0,50.0,0.0,0.0,0.0,0.0,16.0,2.5,2,1,411.2,1,0
715,xiaomi 14 ultra,6.73,2,1,256.0,12.0,5300.0,xiaomi,2341391.0,3300.0,Adreno 750,120.0,8.0,3.3,2.27,2.901,1,4.0,50.0,1.8,0.0,1.0,1.0,32.0,2.0,1,0,521.4,1,0
716,nubia red magic 7 pro,6.8,2,1,256.0,16.0,5000.0,nubia,1294632.0,3000.0,Adreno 730,120.0,8.0,3.0,1.8,2.212,1,3.0,64.0,1.8,0.0,0.0,1.0,16.0,2.0,1,0,387.0,1,0
717,nubia red magic 7s,6.8,2,1,128.0,8.0,4500.0,nubia,1411891.0,3200.0,Adreno 730,120.0,8.0,3.2,2.0,2.431,1,3.0,64.0,1.8,0.0,0.0,1.0,8.0,2.0,1,0,387.0,1,0
718,honor power,6.78,2,0,256.0,8.0,8000.0,honor,1020938.0,2630.0,Adreno 720,120.0,8.0,2.63,1.8,2.129,1,2.0,50.0,1.95,0.0,0.0,0.0,16.0,2.45,1,0,412.8,0,0
719,honor 90,6.7,2,1,256.0,8.0,4900.0,honor,829085.0,2400.0,Adreno 644,120.0,8.0,2.4,1.8,2.085,1,4.0,200.0,1.9,0.0,0.0,1.0,50.0,2.4,1,0,437.6,1,0
720,oneplus 10,6.67,0,1,256.0,8.0,5000.0,oneplus,419670.0,1850.0,PowerVR GT7600,120.0,2.0,1.85,1.85,1.85,1,3.0,50.0,1.7,0.0,0.0,1.0,16.0,2.2,6,4,394.6,0,0
721,oneplus nord 2t,6.43,2,1,192.0,6.0,4500.0,oneplus,954090.0,3000.0,Mali-G77 MP9,90.0,8.0,3.0,2.0,2.35,1,3.0,50.0,0.0,0.0,0.0,0.0,24.0,2.2,2,1,409.3,0,0
722,xiaomi 12 lite,6.55,2,1,128.0,6.0,4300.0,xiaomi,780000.0,2400.0,Adreno 642,120.0,8.0,2.4,1.8,2.1,1,3.0,108.0,1.9,0.0,0.0,1.0,32.0,2.5,1,0,401.8,1,0
723,xiaomi redmi 10 prime,6.5,0,0,128.0,6.0,5000.0,xiaomi,353817.0,2000.0,Mali-G52 MP2,90.0,8.0,2.0,1.8,1.85,1,3.0,50.0,0.0,0.0,0.0,0.0,8.0,2.35,2,1,400.7,0,0
724,zte v70,6.67,2,1,256.0,8.0,5100.0,zte,569913.0,2400.0,Mali-G57 MP2,90.0,8.0,2.4,2.0,2.1,1,3.0,64.0,1.8,0.0,0.0,1.0,16.0,2.2,2,1,394.6,1,0
