,Name,Screen Size,Display,NFC,ROM,RAM,Battery,antutu_11,clock,gpu,OS_Name,Brand,Refresh Rate,total_cores,max_freq_ghz,min_freq_ghz,weighted_mean,rear_count,rear_mp_max,rear_f/,rear_ois,rear_telephoto,rear_wide,front_mp,front_f/,Chipset_encoded,gpu_family_enc,PPI,SIM_total,has_eSIM
0,iphone 17 pro,6.3,0,1,256.0,12.0,3274.0,2606807.0,4260.0,Apple A19 Pro GPU,0,apple,120.0,6.0,4.26,2.6,3.153,3.0,48.0,1.6,1.0,1.0,1.0,18.0,1.9,6,2,458.1,2,0
1,oppo find x9s,6.59,2,1,256.0,12.0,7025.0,3041307.0,3730.0,Mali-G925  MP12,1,oppo,120.0,8.0,3.73,2.4,2.904,3.0,50.0,0.0,0.0,1.0,1.0,32.0,2.2,2,1,460.1,2,1
2,samsung galaxy s26 ultra,6.9,2,1,256.0,12.0,5000.0,3932243.0,4610.0,Adreno 840,1,samsung,120.0,8.0,4.61,3.63,3.875,4.0,200.0,0.0,0.0,1.0,1.0,12.0,2.2,1,0,498.0,2,1
3,iphone 17 pro max,6.9,0,1,256.0,12.0,3274.0,2606807.0,4260.0,Apple A19 Pro GPU,0,apple,120.0,6.0,4.26,2.6,3.153,3.0,48.0,1.6,1.0,1.0,1.0,18.0,1.9,6,2,457.6,2,0
4,samsung galaxy s26,6.3,2,1,256.0,12.0,4300.0,3145925.0,3800.0,Samsung Xclipse 960,1,samsung,120.0,10.0,3.8,2.75,3.005,3.0,50.0,0.0,0.0,1.0,1.0,12.0,2.2,3,3,409.1,2,1
5,iphone 17,6.3,2,1,256.0,8.0,3274.0,2239708.0,4260.0,Apple A19 GPU,0,apple,120.0,6.0,4.26,2.6,3.153,3.0,48.0,1.6,0.0,1.0,1.0,18.0,1.9,6,2,458.1,2,0
6,samsung galaxy s25 ultra,6.9,2,1,256.0,12.0,5000.0,3336910.0,4320.0,Adreno 830,1,samsung,120.0,8.0,4.32,3.53,3.728,4.0,200.0,0.0,0.0,1.0,1.0,12.0,2.0,1,0,498.0,2,1
7,itel p55 plus,6.6,0,1,256.0,8.0,5000.0,330006.0,1600.0,Mali-G57 MP1,1,itel,90.0,8.0,1.6,1.6,1.6,1.0,50.0,0.0,0.0,0.0,1.0,8.0,2.4,6,1,399.35,0,0
8,samsung galaxy a17,6.7,2,1,128.0,8.0,5000.0,592392.0,2400.0,Mali-G68 MP2,1,samsung,90.0,8.0,2.4,2.0,2.1,3.0,50.0,0.0,0.0,0.0,0.0,13.0,2.0,3,1,384.7,2,0
9,iphone air,6.5,0,1,256.0,12.0,2830.0,2606807.0,4260.0,Apple A19 Pro GPU,0,apple,120.0,6.0,4.26,2.6,3.153,1.0,48.0,1.6,0.0,0.0,0.0,18.0,1.6,6,2,463.4,2,1
10,iphone 15,6.1,2,1,128.0,6.0,3349.0,1633145.0,3460.0,Apple A16 GPU,0,apple,60.0,6.0,3.46,2.02,2.5,2.0,48.0,0.0,0.0,0.0,0.0,12.0,1.9,0,2,461.4,2,1
11,iphone 16 pro max,6.9,2,1,256.0,8.0,5000.0,1808835.0,4050.0,Apple A18 Pro GPU,0,apple,120.0,6.0,4.05,2.42,2.963,3.0,48.0,1.6,0.0,1.0,1.0,12.0,1.9,6,2,457.6,2,0
12,samsung galaxy a57,6.7,2,1,128.0,8.0,5000.0,1390055.0,2900.0,Samsung Xclipse 550,1,samsung,120.0,8.0,2.9,1.95,2.394,3.0,50.0,0.0,0.0,0.0,1.0,12.0,2.2,3,3,384.7,0,0
14,oppo reno15 f,6.57,2,1,256.0,8.0,7000.0,733620.0,2200.0,Adreno 710,1,oppo,120.0,8.0,2.2,1.8,2.0,3.0,50.0,1.8,1.0,0.0,1.0,50.0,2.0,1,0,396.7,2,0
15,oppo find n6,8.12,2,1,512.0,16.0,6000.0,3932243.0,4610.0,Adreno 840,1,oppo,120.0,8.0,4.61,3.63,3.875,4.0,200.0,1.8,0.0,1.0,1.0,20.0,2.2,1,0,399.35,2,1
16,samsung galaxy z flip7,6.9,2,1,256.0,12.0,4300.0,419670.0,1850.0,PowerVR GT7600,1,samsung,120.0,2.0,1.85,1.85,1.85,3.0,50.0,1.7,0.0,0.0,1.0,16.0,2.2,6,4,457.6,2,0
17,xiaomi 14t pro,6.67,2,1,512.0,12.0,5000.0,2347116.0,3400.0,Mali-G720  MP12,1,xiaomi,144.0,8.0,3.4,2.0,2.494,3.0,50.0,1.0,0.0,1.0,1.0,32.0,2.0,2,1,445.8,2,0
20,iphone 17e,6.1,0,1,256.0,8.0,3279.0,2239708.0,4260.0,Apple A19 GPU,0,apple,60.0,6.0,4.26,2.6,3.153,2.0,48.0,1.6,0.0,1.0,0.0,12.0,1.9,6,2,457.3,2,1
21,honor x9d,6.79,2,1,256.0,12.0,8300.0,963651.0,2300.0,Adreno 810,1,honor,120.0,8.0,2.3,1.8,2.013,2.0,108.0,1.75,0.0,0.0,1.0,16.0,2.45,1,0,427.1,2,0
22,meizu mblu note 21 pro,6.78,1,1,256.0,8.0,5000.0,547830.0,2200.0,Mali-G57 MP2,0,meizu,120.0,8.0,2.2,2.0,2.05,2.0,64.0,0.0,0.0,0.0,0.0,13.0,2.5,2,1,388.2,2,0
23,oppo find x9 ultra,6.82,2,1,512.0,12.0,7050.0,3932243.0,4610.0,Adreno 840,1,oppo,120.0,8.0,4.61,3.63,3.875,5.0,200.0,0.0,1.0,1.0,1.0,50.0,2.2,1,0,510.3,2,1
24,iphone 16 pro max,6.9,2,1,512.0,8.0,5000.0,1808835.0,4050.0,Apple A18 Pro GPU,0,apple,120.0,6.0,4.05,2.42,2.963,3.0,48.0,1.6,0.0,1.0,1.0,12.0,1.9,6,2,457.6,2,0
25,samsung galaxy a07,6.7,1,0,128.0,4.0,5000.0,547830.0,2200.0,Mali-G57 MP2,1,samsung,90.0,8.0,2.2,2.0,2.05,2.0,50.0,0.0,0.0,0.0,0.0,8.0,2.5,2,1,261.9,2,0
26,xiaomi redmi note 14 pro plus,6.67,2,1,256.0,8.0,5110.0,1038717.0,2500.0,Adreno 810,1,xiaomi,120.0,8.0,2.5,1.8,2.112,3.0,200.0,1.65,1.0,0.0,1.0,41.0,2.2,1,0,445.8,2,0
27,samsung galaxy a56,6.7,2,1,128.0,8.0,5000.0,1243000.0,2900.0,Samsung Xclipse 540,1,samsung,120.0,8.0,2.9,1.95,2.312,2.0,5.0,1.8,0.0,0.0,0.0,2.0,2.2,3,3,384.7,2,1
28,samsung galaxy a37,6.7,2,1,128.0,8.0,5000.0,997728.0,2750.0,Samsung Xclipse 530,1,samsung,120.0,8.0,2.75,2.0,2.375,3.0,50.0,0.0,0.0,0.0,1.0,12.0,2.2,3,3,384.7,0,0
30,honor x7d,6.77,1,0,256.0,8.0,6500.0,461236.0,2800.0,Adreno 610,1,honor,120.0,8.0,2.8,1.9,2.35,2.0,108.0,1.8,0.0,0.0,0.0,8.0,2.0,1,0,387.7,1,0
31,xiaomi 17 ultra,6.9,2,1,512.0,16.0,6000.0,3932243.0,4610.0,Adreno 840,1,xiaomi,120.0,8.0,4.61,3.63,3.875,2.0,200.0,0.0,0.0,0.0,1.0,50.0,2.2,1,0,457.6,2,0
32,iphone 16 pro max,6.9,2,1,1024.0,8.0,5000.0,1808835.0,4050.0,Apple A18 Pro GPU,0,apple,120.0,6.0,4.05,2.42,2.963,3.0,48.0,1.6,0.0,1.0,1.0,12.0,1.9,6,2,457.6,2,0
33,poco x8 pro max,6.83,2,0,256.0,12.0,8500.0,3041307.0,3730.0,Mali-G925  MP12,1,poco,120.0,8.0,3.73,2.4,2.904,2.0,50.0,1.5,1.0,0.0,1.0,20.0,2.2,2,1,447.0,2,1
34,iphone 17 pro max,6.9,0,1,512.0,12.0,3274.0,2606807.0,4260.0,Apple A19 Pro GPU,0,apple,120.0,6.0,4.26,2.6,3.153,3.0,48.0,1.6,1.0,1.0,1.0,18.0,1.9,6,2,457.6,0,0
35,samsung galaxy s25 fe,6.7,2,1,128.0,8.0,4900.0,2037320.0,3210.0,Samsung Xclipse 940,1,samsung,120.0,10.0,3.21,1.95,2.461,3.0,50.0,1.8,0.0,1.0,1.0,12.0,2.2,3,3,384.7,2,1
36,samsung galaxy z fold7,8.0,2,1,256.0,12.0,4400.0,3336910.0,4320.0,Adreno 830,1,samsung,120.0,8.0,4.32,3.53,3.728,3.0,200.0,1.7,0.0,0.0,0.0,10.0,2.2,1,0,259.5,2,0
37,iphone 16,6.1,2,1,128.0,8.0,5000.0,1918031.0,4050.0,Apple A18 GPU,0,apple,60.0,6.0,4.05,2.42,2.963,2.0,48.0,1.6,0.0,0.0,1.0,12.0,1.9,6,2,461.4,2,0
38,honor 400 pro,6.7,2,1,512.0,12.0,6000.0,2341391.0,3300.0,Adreno 750,1,honor,120.0,8.0,3.3,2.27,2.901,3.0,200.0,1.9,1.0,1.0,1.0,50.0,2.0,1,0,459.5,2,1
39,samsung galaxy s24 plus,6.7,2,1,256.0,12.0,4900.0,2037320.0,3210.0,Samsung Xclipse 940,1,samsung,120.0,10.0,3.21,1.95,2.461,3.0,50.0,1.8,1.0,1.0,1.0,12.0,2.2,3,3,512.9,2,1
40,iphone 17 pro,6.3,0,1,512.0,12.0,3274.0,2606807.0,4260.0,Apple A19 Pro GPU,0,apple,120.0,6.0,4.26,2.6,3.153,3.0,48.0,1.6,1.0,1.0,1.0,18.0,1.9,6,2,458.1,2,0
42,zte nubia z60s pro,6.78,2,1,512.0,16.0,5100.0,1752044.0,3200.0,Adreno 740,1,zte,120.0,8.0,3.2,2.0,2.55,3.0,50.0,1.56,0.0,1.0,1.0,16.0,2.45,1,0,382.9,2,0
43,iphone 14,6.1,2,1,128.0,6.0,3279.0,1413275.0,3230.0,Apple A15 GPU,0,apple,60.0,6.0,3.23,2.02,2.423,2.0,12.0,1.5,0.0,0.0,1.0,12.0,1.9,0,2,457.3,2,1
44,samsung galaxy a07,6.7,1,0,128.0,4.0,6000.0,532738.0,2400.0,Mali-G57 MP2,1,samsung,120.0,8.0,2.4,2.0,2.1,2.0,50.0,1.8,0.0,0.0,0.0,8.0,2.0,2,1,261.9,2,0
45,iphone 17 pro max,6.9,0,1,1024.0,12.0,3274.0,2606807.0,4260.0,Apple A19 Pro GPU,0,apple,120.0,6.0,4.26,2.6,3.153,3.0,48.0,1.6,1.0,1.0,1.0,18.0,1.9,6,2,457.6,2,0
48,iphone 15,6.1,2,1,256.0,6.0,3349.0,1633145.0,3460.0,Apple A16 GPU,0,apple,60.0,6.0,3.46,2.02,2.5,2.0,48.0,0.0,0.0,0.0,0.0,12.0,1.9,0,2,461.4,2,1
50,iphone 16e,6.1,0,1,128.0,8.0,3279.0,1918031.0,4050.0,Apple A18 GPU,0,apple,120.0,6.0,4.05,2.42,2.963,2.0,48.0,1.6,0.0,1.0,0.0,12.0,1.9,6,2,457.3,2,0
51,iphone 17 pro max,6.9,0,1,2048.0,12.0,3274.0,2606807.0,4260.0,Apple A19 Pro GPU,0,apple,120.0,6.0,4.26,2.6,3.153,3.0,48.0,1.6,1.0,1.0,1.0,18.0,1.9,6,2,457.6,0,0
52,xiaomi poco f8 pro,6.59,2,1,256.0,12.0,6210.0,3336910.0,4320.0,Adreno 830,1,xiaomi,120.0,8.0,4.32,3.53,3.728,3.0,50.0,1.88,1.0,1.0,1.0,20.0,2.0,1,0,419.3,2,1
53,samsung galaxy a36,6.7,2,1,128.0,8.0,5000.0,833548.0,2400.0,Adreno 710,1,samsung,120.0,8.0,2.4,1.8,2.1,2.0,8.0,1.8,0.0,0.0,0.0,2.0,2.2,1,0,384.7,2,1
56,nubia z70s ultra,6.76,2,1,256.0,12.0,6600.0,3336910.0,4320.0,Adreno 830,0,nubia,144.0,8.0,4.32,3.53,3.728,3.0,64.0,1.7,0.0,1.0,1.0,16.0,2.0,1,0,399.35,2,0
57,meizu mblu 22 pro,6.79,1,1,256.0,6.0,5000.0,357879.0,2000.0,Mali-G52 MP2,1,meizu,120.0,8.0,2.0,1.7,1.775,2.0,50.0,1.8,0.0,0.0,0.0,5.0,2.0,2,1,263.8,2,0
58,iphone 17,6.3,2,1,512.0,8.0,3274.0,2239708.0,4260.0,Apple A19 GPU,0,apple,120.0,6.0,4.26,2.6,3.153,3.0,48.0,1.6,0.0,1.0,1.0,18.0,1.9,6,2,458.1,2,0
59,nubia neo 3 gt,6.8,2,1,256.0,12.0,6000.0,701417.0,2700.0,Mali-G57 MP4,1,nubia,120.0,8.0,2.7,2.1,2.25,2.0,50.0,0.0,0.0,0.0,0.0,16.0,2.2,6,1,386.0,2,0
60,iphone 17 pro,6.3,0,1,1024.0,12.0,3274.0,2606807.0,4260.0,Apple A19 Pro GPU,0,apple,120.0,6.0,4.26,2.6,3.153,3.0,48.0,1.6,1.0,1.0,1.0,18.0,1.9,6,2,458.1,2,0
62,nubia z70 ultra,6.85,2,1,256.0,12.0,6150.0,3336910.0,4320.0,Adreno 830,1,nubia,144.0,8.0,4.32,3.53,3.728,3.0,64.0,0.0,0.0,0.0,0.0,16.0,2.0,1,0,399.35,2,0
63,oppo find x8,6.59,2,1,512.0,16.0,5630.0,2825187.0,3620.0,Mali-G925  MP12,1,oppo,120.0,8.0,3.62,2.4,2.89,3.0,50.0,0.0,1.0,1.0,1.0,32.0,2.4,2,1,460.1,2,1
64,iphone 16 plus,6.7,2,1,128.0,8.0,5000.0,1918031.0,4050.0,Apple A18 GPU,0,apple,60.0,6.0,4.05,2.42,2.963,2.0,48.0,1.6,0.0,0.0,1.0,12.0,1.9,6,2,459.6,2,0
67,tecno spark 40 pro,6.78,2,0,256.0,8.0,5200.0,601391.0,2200.0,Mali-G57 MP2,1,tecno,144.0,8.0,2.2,2.0,2.05,1.0,50.0,0.0,0.0,0.0,0.0,13.0,2.2,2,1,412.8,1,0
69,iphone 16e,6.1,0,1,256.0,8.0,3279.0,1918031.0,4050.0,Apple A18 GPU,0,apple,120.0,6.0,4.05,2.42,2.963,2.0,48.0,1.6,0.0,1.0,0.0,12.0,1.9,6,2,457.3,2,0
70,samsung galaxy s26 ultra,6.9,2,1,512.0,12.0,5000.0,3932243.0,4610.0,Adreno 840,1,samsung,120.0,8.0,4.61,3.63,3.875,4.0,200.0,0.0,0.0,1.0,1.0,12.0,2.2,1,0,498.0,2,1
72,xiaomi 15 ultra,6.73,2,1,512.0,16.0,5410.0,3336910.0,4320.0,Adreno 830,1,xiaomi,120.0,8.0,4.32,3.53,3.728,4.0,200.0,1.63,0.0,1.0,1.0,32.0,2.0,1,0,521.4,2,0
73,samsung galaxy s25 plus,6.7,2,1,256.0,12.0,4900.0,3336910.0,4320.0,Adreno 830,1,samsung,120.0,8.0,4.32,3.53,3.728,3.0,50.0,0.0,0.0,1.0,1.0,12.0,2.0,1,0,512.9,2,1
74,iphone air,6.5,0,1,1024.0,12.0,2830.0,2606807.0,4260.0,Apple A19 Pro GPU,0,apple,120.0,6.0,4.26,2.6,3.153,1.0,48.0,1.6,0.0,0.0,0.0,18.0,1.6,6,2,463.4,2,1
75,oppo a6 pro,6.57,2,1,256.0,8.0,7000.0,570469.0,2200.0,Mali-G57 MP2,1,oppo,120.0,8.0,2.2,2.0,2.05,2.0,50.0,1.8,0.0,0.0,0.0,16.0,2.4,2,1,396.7,2,0
77,samsung galaxy s25,6.2,2,1,256.0,12.0,4000.0,3336910.0,4320.0,Adreno 830,1,samsung,120.0,8.0,4.32,3.53,3.728,3.0,50.0,0.0,0.0,1.0,1.0,12.0,2.0,1,0,415.7,2,1
78,xiaomi 15,6.36,2,1,256.0,12.0,5240.0,3336910.0,4320.0,Adreno 830,1,xiaomi,120.0,8.0,4.32,3.53,3.728,3.0,50.0,1.62,1.0,1.0,1.0,32.0,2.0,1,0,460.3,2,0
79,xiaomi redmi 15,6.9,1,1,256.0,8.0,7000.0,623235.0,2300.0,Adreno 619,1,xiaomi,144.0,8.0,2.3,2.0,2.075,1.0,50.0,1.8,0.0,0.0,0.0,8.0,2.05,1,0,373.5,1,0
80,oppo find x9 pro,6.78,2,1,512.0,16.0,7500.0,3508681.0,4210.0,Mali-G1 Ultra MP12,1,oppo,120.0,8.0,4.21,2.7,3.189,4.0,200.0,0.0,1.0,1.0,1.0,50.0,2.0,2,1,412.8,2,1
81,xiaomi redmi note 15,6.77,2,0,128.0,6.0,5520.0,833548.0,2400.0,Adreno 710,1,xiaomi,120.0,8.0,2.4,1.8,2.1,2.0,108.0,1.7,1.0,0.0,1.0,20.0,2.2,1,0,387.7,0,0
82,iphone 16 plus,6.7,2,1,256.0,8.0,5000.0,1918031.0,4050.0,Apple A18 GPU,0,apple,60.0,6.0,4.05,2.42,2.963,2.0,48.0,1.6,0.0,0.0,1.0,12.0,1.9,6,2,459.6,2,0
83,samsung galaxy s24 ultra,6.8,2,1,256.0,12.0,5000.0,2341391.0,3300.0,Adreno 750,1,samsung,120.0,8.0,3.3,2.27,2.901,4.0,200.0,2.2,1.0,1.0,1.0,12.0,2.2,1,0,505.3,2,1
84,samsung galaxy s26 ultra,6.9,2,1,1024.0,16.0,5000.0,3932243.0,4610.0,Adreno 840,1,samsung,120.0,8.0,4.61,3.63,3.875,4.0,200.0,0.0,0.0,1.0,1.0,12.0,2.2,1,0,498.0,2,1
85,samsung galaxy s25 ultra,6.9,2,1,512.0,12.0,5000.0,3336910.0,4320.0,Adreno 830,1,samsung,120.0,8.0,4.32,3.53,3.728,4.0,200.0,0.0,0.0,1.0,1.0,12.0,2.0,1,0,498.0,2,1
86,samsung galaxy a17,6.7,2,1,128.0,8.0,5000.0,547830.0,2200.0,Mali-G57 MP2,1,samsung,90.0,8.0,2.2,2.0,2.05,3.0,50.0,0.0,0.0,0.0,0.0,13.0,2.5,2,1,384.7,2,0
87,oppo reno12,6.7,2,1,256.0,12.0,5000.0,877329.0,2500.0,Mali-G615 MP2,1,oppo,120.0,8.0,2.5,2.0,2.25,3.0,50.0,0.0,0.0,0.0,1.0,32.0,2.2,2,1,392.8,0,0
88,samsung galaxy a26,6.7,2,1,128.0,8.0,5000.0,765609.0,2400.0,Mali-G68 MP5,1,samsung,120.0,8.0,2.4,2.0,2.2,3.0,50.0,0.0,0.0,0.0,0.0,13.0,2.2,3,1,384.7,2,0
89,honor x8d,6.77,2,1,128.0,8.0,6800.0,522680.0,2900.0,Adreno 610,1,honor,120.0,8.0,2.9,1.9,2.4,2.0,108.0,1.75,0.0,0.0,0.0,16.0,2.45,1,0,387.7,2,0
90,xiaomi 15,6.36,2,1,512.0,12.0,5240.0,3336910.0,4320.0,Adreno 830,1,xiaomi,120.0,8.0,4.32,3.53,3.728,3.0,50.0,1.62,1.0,1.0,1.0,32.0,2.0,1,0,460.3,2,0
91,honor magic v5,6.43,2,1,512.0,16.0,5820.0,3336910.0,4320.0,Adreno 830,1,honor,120.0,8.0,4.32,3.53,3.728,3.0,64.0,1.6,1.0,1.0,1.0,20.0,2.2,1,0,409.3,2,1
92,oppo find x9,6.59,2,1,512.0,16.0,7025.0,3508681.0,4210.0,Mali-G1 Ultra MP12,1,oppo,120.0,8.0,4.21,2.7,3.189,4.0,50.0,0.0,1.0,1.0,1.0,32.0,2.4,2,1,460.1,2,1
93,sony xperia 10 vii,6.1,2,1,128.0,8.0,5000.0,833548.0,2400.0,Adreno 710,1,sony,120.0,8.0,2.4,1.8,2.1,2.0,50.0,1.9,0.0,0.0,0.0,8.0,2.0,1,0,422.5,2,0
95,oppo reno10 pro,6.74,2,1,256.0,12.0,4700.0,1411891.0,3200.0,Adreno 730,1,oppo,120.0,8.0,3.2,2.0,2.431,3.0,64.0,2.2,0.0,1.0,1.0,32.0,2.4,1,0,450.5,1,0
96,iphone air,6.5,0,1,512.0,12.0,2830.0,2606807.0,4260.0,Apple A19 Pro GPU,0,apple,120.0,6.0,4.26,2.6,3.153,1.0,48.0,1.6,0.0,0.0,0.0,18.0,1.6,6,2,463.4,2,1
97,samsung galaxy s24,6.2,2,1,512.0,8.0,4000.0,2037320.0,3210.0,Samsung Xclipse 940,1,samsung,120.0,10.0,3.21,1.95,2.461,3.0,50.0,1.8,1.0,1.0,1.0,12.0,2.2,3,3,415.7,2,1
98,samsung galaxy z fold7,8.0,2,1,512.0,12.0,4400.0,3336910.0,4320.0,Adreno 830,1,samsung,120.0,8.0,4.32,3.53,3.728,3.0,200.0,1.7,0.0,0.0,0.0,10.0,2.2,1,0,259.5,2,0
99,sony xperia 1 vii,6.5,2,1,256.0,12.0,5000.0,3336910.0,4320.0,Adreno 830,1,sony,120.0,8.0,4.32,3.53,3.728,3.0,52.0,1.9,0.0,1.0,1.0,12.0,2.0,1,0,396.5,1,0
100,honor 400,6.55,2,1,256.0,12.0,6000.0,1020938.0,2630.0,Adreno 720,1,honor,120.0,8.0,2.63,1.8,2.129,2.0,200.0,1.9,1.0,0.0,1.0,50.0,2.0,1,0,460.1,2,1
101,samsung galaxy s26 plus,6.7,2,1,512.0,12.0,4900.0,3145925.0,3800.0,Samsung Xclipse 960,1,samsung,120.0,10.0,3.8,2.75,3.005,3.0,50.0,0.0,0.0,1.0,1.0,12.0,2.2,3,3,512.9,0,0
102,xiaomi 15 ultra,6.73,2,1,1024.0,16.0,5410.0,3336910.0,4320.0,Adreno 830,1,xiaomi,120.0,8.0,4.32,3.53,3.728,4.0,200.0,1.63,0.0,1.0,1.0,32.0,2.0,1,0,521.4,2,0
104,nothing phone 3a,6.77,2,1,128.0,8.0,5000.0,1038717.0,2500.0,Adreno 810,1,nothing,120.0,8.0,2.5,1.8,2.112,3.0,50.0,1.88,0.0,1.0,1.0,32.0,2.2,1,0,387.7,2,0
106,samsung galaxy s25 fe,6.7,2,1,512.0,8.0,4900.0,2037320.0,3210.0,Samsung Xclipse 940,1,samsung,120.0,10.0,3.21,1.95,2.461,3.0,50.0,1.8,0.0,1.0,1.0,12.0,2.2,3,3,384.7,2,1
108,poco x8 pro max,6.83,2,0,512.0,12.0,8500.0,3041307.0,3730.0,Mali-G925  MP12,1,poco,120.0,8.0,3.73,2.4,2.904,2.0,50.0,1.5,1.0,0.0,1.0,20.0,2.2,2,1,447.0,2,1
109,samsung galaxy z fold 6,7.6,2,1,256.0,12.0,4400.0,2341391.0,3300.0,Adreno 750,1,samsung,120.0,8.0,3.3,2.27,2.901,2.0,2.0,1.8,0.0,1.0,1.0,10.0,1.8,1,0,374.7,2,1
110,meizu lucky 08,6.78,2,0,256.0,12.0,6000.0,794701.0,2400.0,Adreno 710,1,meizu,120.0,8.0,2.4,1.95,2.175,2.0,108.0,1.67,0.0,0.0,0.0,8.0,2.0,1,0,450.4,2,0
111,samsung galaxy m55,6.7,2,1,256.0,8.0,5000.0,829085.0,2400.0,Adreno 644,1,samsung,120.0,8.0,2.4,1.8,2.085,3.0,50.0,1.8,0.0,0.0,1.0,50.0,2.4,1,0,392.8,1,0
113,iphone 17e,6.1,0,1,512.0,8.0,3279.0,2239708.0,4260.0,Apple A19 GPU,0,apple,120.0,6.0,4.26,2.6,3.153,2.0,48.0,1.6,0.0,1.0,0.0,12.0,1.9,6,2,457.3,2,1
114,xiaomi 17 ultra,6.9,2,1,1024.0,16.0,6000.0,3932243.0,4610.0,Adreno 840,1,xiaomi,120.0,8.0,4.61,3.63,3.875,2.0,200.0,0.0,0.0,0.0,1.0,50.0,2.2,1,0,457.6,2,0
115,samsung galaxy s26 plus,6.7,2,1,256.0,12.0,4900.0,3145925.0,3800.0,Samsung Xclipse 960,1,samsung,120.0,10.0,3.8,2.75,3.005,3.0,50.0,0.0,0.0,1.0,1.0,12.0,2.2,3,3,512.9,2,1
117,oppo a58,6.72,0,0,128.0,8.0,5000.0,349222.0,2000.0,Mali-G52 MP2,1,oppo,60.0,8.0,2.0,1.8,1.85,2.0,50.0,0.0,0.0,0.0,0.0,8.0,2.0,2,1,393.3,1,0
118,oppo reno14,6.59,2,1,256.0,12.0,6000.0,1718082.0,3350.0,Mali-G615 MP6,1,oppo,120.0,8.0,3.35,2.2,2.719,3.0,50.0,1.8,1.0,1.0,1.0,50.0,2.0,2,1,460.1,2,0
119,honor x9d,6.79,2,1,512.0,12.0,8300.0,963651.0,2300.0,Adreno 810,1,honor,120.0,8.0,2.3,1.8,2.013,2.0,108.0,1.75,0.0,0.0,1.0,16.0,2.45,1,0,427.1,2,0
120,oppo reno12 f,6.7,2,1,256.0,8.0,5000.0,532738.0,2400.0,Mali-G57 MP2,1,oppo,120.0,8.0,2.4,2.0,2.1,3.0,50.0,0.0,0.0,0.0,1.0,32.0,2.0,2,1,392.8,0,0
121,oppo a6 pro,6.57,2,1,128.0,8.0,7000.0,570469.0,2200.0,Mali-G57 MP2,1,oppo,120.0,8.0,2.2,2.0,2.05,2.0,50.0,1.8,0.0,0.0,0.0,16.0,2.4,2,1,396.7,2,0
123,oppo find n3,7.82,2,1,512.0,16.0,4805.0,1752044.0,3200.0,Adreno 740,1,oppo,120.0,8.0,3.2,2.0,2.55,3.0,64.0,1.7,0.0,1.0,1.0,32.0,2.2,1,0,426.0,2,1
124,oppo find n5,8.12,2,1,512.0,16.0,5600.0,3336910.0,4320.0,Adreno 830,1,oppo,120.0,8.0,4.32,3.53,3.728,3.0,50.0,1.8,1.0,1.0,1.0,8.0,2.4,1,0,399.35,2,1
126,oppo find x5 pro,6.7,2,1,256.0,12.0,5000.0,1294632.0,3000.0,Adreno 730,1,oppo,120.0,8.0,3.0,1.8,2.212,3.0,50.0,1.7,0.0,1.0,1.0,32.0,2.4,1,0,525.9,1,0
127,samsung galaxy z flip7,6.9,2,1,512.0,12.0,4300.0,419670.0,1850.0,PowerVR GT7600,1,samsung,120.0,2.0,1.85,1.85,1.85,3.0,50.0,1.7,0.0,0.0,1.0,16.0,2.2,6,4,457.6,2,0
128,huawei mate x7,8.0,2,1,512.0,16.0,5600.0,419670.0,1850.0,PowerVR GT7600,1,huawei,120.0,2.0,1.85,1.85,1.85,3.0,50.0,1.7,0.0,0.0,1.0,16.0,2.2,6,4,259.5,0,0
129,honor x7d,6.77,1,0,128.0,8.0,6500.0,461236.0,2800.0,Adreno 610,1,honor,120.0,8.0,2.8,1.9,2.35,2.0,108.0,1.8,0.0,0.0,0.0,8.0,2.0,1,0,387.7,2,0
130,meizu mblu 22 pro,6.79,1,1,128.0,4.0,5000.0,357879.0,2000.0,Mali-G52 MP2,1,meizu,120.0,8.0,2.0,1.7,1.775,2.0,50.0,1.8,0.0,0.0,0.0,8.0,2.0,2,1,263.8,2,0
131,oppo a79,6.72,0,1,256.0,8.0,5000.0,527185.0,2200.0,Mali-G57 MP2,1,oppo,90.0,8.0,2.2,2.0,2.05,2.0,50.0,1.8,0.0,0.0,0.0,8.0,2.0,2,1,391.6,1,0
132,iphone 14 pro,6.1,2,1,256.0,6.0,3200.0,1633145.0,3460.0,Apple A16 GPU,0,apple,120.0,6.0,3.46,2.02,2.5,3.0,48.0,1.8,1.0,1.0,1.0,12.0,1.9,0,2,461.4,2,1
134,redmi note 13 pro,6.67,2,1,512.0,12.0,5100.0,794701.0,2400.0,Adreno 710,1,nubia,120.0,8.0,2.4,1.95,2.175,3.0,200.0,0.0,0.0,0.0,0.0,16.0,2.0,1,0,445.8,1,0
136,oppo a6t,6.75,1,1,128.0,4.0,6100.0,461236.0,2800.0,Adreno 610,1,oppo,120.0,8.0,2.8,1.9,2.35,1.0,13.0,2.2,0.0,0.0,0.0,5.0,2.2,1,0,259.9,2,0
137,nubia v70 design,6.7,1,1,128.0,8.0,5000.0,330006.0,1600.0,Mali-G57 MP1,1,nubia,120.0,8.0,1.6,1.6,1.6,2.0,50.0,0.0,0.0,0.0,0.0,6.0,2.4,6,1,261.9,2,0
138,samsung galaxy s25 edge,6.7,2,1,256.0,12.0,3900.0,419670.0,1850.0,PowerVR GT7600,1,samsung,120.0,2.0,1.85,1.85,1.85,3.0,50.0,1.7,0.0,0.0,1.0,16.0,2.2,6,4,512.9,2,1
141,meizu mblu 22,6.79,1,0,64.0,3.0,5000.0,153667.0,1600.0,PowerVR GE8322,1,meizu,90.0,8.0,1.6,1.2,1.4,1.0,13.0,1.8,0.0,0.0,0.0,5.0,2.2,6,4,345.45000000000005,0,0
142,oppo a6t,6.75,1,1,256.0,6.0,6100.0,461236.0,2800.0,Adreno 610,1,oppo,120.0,8.0,2.8,1.9,2.35,1.0,13.0,2.2,0.0,0.0,0.0,5.0,2.2,1,0,259.9,2,0
143,samsung galaxy s25 plus,6.7,2,1,512.0,12.0,4900.0,3336910.0,4320.0,Adreno 830,1,samsung,120.0,8.0,4.32,3.53,3.728,3.0,50.0,0.0,0.0,1.0,1.0,12.0,2.0,1,0,512.9,2,1
144,samsung galaxy s26,6.3,2,1,512.0,12.0,4300.0,3145925.0,3800.0,Samsung Xclipse 960,1,samsung,120.0,10.0,3.8,2.75,3.005,3.0,50.0,0.0,0.0,1.0,1.0,12.0,2.2,3,3,409.1,2,1
145,oppo reno10,6.7,2,1,256.0,8.0,5000.0,802497.0,2600.0,Mali-G68 MP4,1,oppo,120.0,8.0,2.6,2.0,2.15,3.0,64.0,1.7,0.0,1.0,1.0,32.0,2.4,2,1,394.4,1,0
146,iphone 15 pro,6.1,2,1,256.0,8.0,3274.0,1503813.0,3780.0,Apple A17 GPU,0,apple,120.0,6.0,3.78,2.11,2.667,3.0,48.0,1.78,0.0,1.0,1.0,12.0,1.9,6,2,461.4,2,1
148,nubia air,6.78,2,0,256.0,8.0,5000.0,639225.0,2200.0,Mali-G57 MP2,1,nubia,120.0,8.0,2.2,2.0,2.05,2.0,50.0,0.0,0.0,0.0,0.0,20.0,2.0,6,1,412.8,2,0
151,oppo a6t,6.75,1,1,64.0,4.0,6100.0,461236.0,2800.0,Adreno 610,1,oppo,120.0,8.0,2.8,1.9,2.35,1.0,13.0,2.2,0.0,0.0,0.0,5.0,2.2,1,0,259.9,2,0
156,meizu mblu 21,6.79,0,0,128.0,6.0,4900.0,330006.0,1600.0,Mali-G57 MP1,1,meizu,90.0,8.0,1.6,1.6,1.6,1.0,13.0,0.0,0.0,0.0,0.0,8.0,2.4,6,1,345.45000000000005,2,0
158,samsung galaxy z flip6,6.7,2,1,256.0,12.0,4000.0,2341391.0,3300.0,Adreno 750,1,samsung,120.0,8.0,3.3,2.27,2.901,1.0,2.0,1.8,0.0,0.0,1.0,32.0,2.2,1,0,425.7,2,1
159,tecno spark 50,6.78,1,0,128.0,4.0,6700.0,357879.0,2000.0,Mali-G52 MP2,1,tecno,120.0,8.0,2.0,1.7,1.775,1.0,50.0,0.0,0.0,0.0,0.0,8.0,2.0,2,1,412.8,2,0
160,honor 400,6.55,2,1,512.0,12.0,6000.0,1020938.0,2630.0,Adreno 720,1,honor,120.0,8.0,2.63,1.8,2.129,2.0,200.0,1.9,1.0,0.0,1.0,50.0,2.0,1,0,460.1,2,1
161,honor x7d,6.77,1,1,256.0,8.0,6500.0,623235.0,2300.0,Adreno 619,1,honor,120.0,8.0,2.3,2.0,2.075,2.0,50.0,1.8,0.0,0.0,0.0,5.0,2.2,1,0,260.8,2,0
165,xiaomi redmi note 12 pro,6.67,2,1,256.0,8.0,5000.0,722902.0,2600.0,Mali-G68 MP4,1,xiaomi,120.0,8.0,2.6,2.0,2.15,3.0,50.0,1.9,0.0,0.0,1.0,16.0,2.2,2,1,394.6,1,0
166,honor play 10,6.74,1,0,128.0,4.0,5000.0,357879.0,2000.0,Mali-G52 MP2,1,honor,90.0,8.0,2.0,1.7,1.775,1.0,13.0,0.0,0.0,0.0,0.0,5.0,2.0,2,1,260.3,2,0
167,nubia v60 design,6.6,0,0,256.0,6.0,5000.0,330006.0,1600.0,Mali-G57 MP1,1,nubia,90.0,8.0,1.6,1.6,1.6,2.0,50.0,0.0,0.0,0.0,0.0,8.0,2.4,6,1,267.5,1,0
168,honor x7c,6.77,1,0,256.0,8.0,6000.0,461236.0,2800.0,Adreno 610,1,honor,120.0,8.0,2.8,1.9,2.35,2.0,108.0,1.75,0.0,0.0,0.0,8.0,2.0,1,0,387.7,1,0
170,honor x5c plus,6.74,1,1,64.0,4.0,5130.0,357879.0,2000.0,Mali-G52 MP2,1,honor,90.0,8.0,2.0,1.7,1.775,1.0,50.0,1.8,0.0,0.0,0.0,5.0,2.2,2,1,260.3,1,0
171,sony xperia 1vi,6.5,2,1,256.0,12.0,5000.0,2341391.0,3300.0,Adreno 750,1,sony,120.0,8.0,3.3,2.27,2.901,4.0,52.0,1.985,0.0,0.0,0.0,12.0,2.0,1,0,400.7,0,0
172,meizu mblu 21,6.79,0,0,64.0,4.0,4900.0,330006.0,1600.0,Mali-G57 MP1,1,meizu,90.0,8.0,1.6,1.6,1.6,1.0,13.0,0.0,0.0,0.0,0.0,8.0,2.4,6,1,345.45000000000005,2,0
174,vivo y28,6.68,1,0,256.0,8.0,6000.0,349222.0,2000.0,Mali-G52 MP2,1,vivo,90.0,8.0,2.0,1.8,1.85,2.0,50.0,1.8,0.0,0.0,0.0,8.0,2.05,2,1,263.7,2,0
175,honor x5c plus,6.74,1,1,128.0,4.0,5130.0,357879.0,2000.0,Mali-G52 MP2,1,honor,90.0,8.0,2.0,1.7,1.775,1.0,50.0,1.8,0.0,0.0,0.0,5.0,2.2,2,1,260.3,1,0
176,samsung galaxy s23 plus,6.6,2,1,256.0,8.0,4700.0,1752044.0,3200.0,Adreno 740,1,samsung,120.0,8.0,3.2,2.0,2.55,3.0,50.0,1.8,0.0,1.0,1.0,12.0,2.2,1,0,390.5,2,1
177,itel p55 plus,6.6,0,0,128.0,8.0,5000.0,330006.0,1600.0,Mali-G57 MP1,1,itel,90.0,8.0,1.6,1.6,1.6,1.0,50.0,0.0,0.0,0.0,1.0,8.0,2.4,6,1,399.35,0,0
178,xiaomi redmi note 11 pro plus,6.67,2,1,256.0,8.0,4500.0,750481.0,2500.0,Mali-G68 MP4,1,xiaomi,120.0,8.0,2.5,2.0,2.125,3.0,108.0,1.8,0.0,0.0,1.0,16.0,2.0,2,1,394.6,1,0
179,vivo y16,6.51,1,0,128.0,4.0,5000.0,199111.0,2300.0,PowerVR GE8320,1,vivo,90.0,8.0,2.3,1.8,2.05,2.0,13.0,2.2,0.0,0.0,0.0,5.0,2.2,2,4,269.5,1,0
181,oppo reno8,6.4,2,1,256.0,8.0,4500.0,954090.0,3000.0,Mali-G77 MP9,1,oppo,90.0,8.0,3.0,2.0,2.35,3.0,50.0,1.8,0.0,0.0,0.0,32.0,2.4,2,1,411.2,1,0
182,vivo v25,6.44,2,1,128.0,8.0,4500.0,671241.0,2400.0,Mali-G68 MP4,1,vivo,90.0,8.0,2.4,2.0,2.1,3.0,64.0,1.79,0.0,0.0,1.0,50.0,2.0,2,1,409.2,1,0
183,iphone 12 pro max i,6.7,2,1,128.0,6.0,3687.0,1337390.0,3100.0,Apple A14 GPU,0,apple,60.0,6.0,3.1,1.8,2.233,3.0,12.0,1.6,1.0,1.0,1.0,12.0,2.2,0,2,456.8,2,1
184,samsung galaxy s23 ultra,6.8,2,1,256.0,8.0,5000.0,1752044.0,3200.0,Adreno 740,1,samsung,120.0,8.0,3.2,2.0,2.55,4.0,200.0,1.7,1.0,1.0,1.0,12.0,2.2,1,0,501.1,2,1
185,xiaomi redmi note 13,6.67,2,0,128.0,6.0,5000.0,461236.0,2800.0,Adreno 610,1,xiaomi,120.0,8.0,2.8,1.9,2.35,3.0,108.0,0.0,0.0,0.0,0.0,16.0,2.2,1,0,394.6,1,0
186,iphone 16 pro,6.3,2,1,1024.0,8.0,5000.0,1808835.0,4050.0,Apple A18 Pro GPU,0,apple,120.0,6.0,4.05,2.42,2.963,3.0,48.0,1.6,0.0,1.0,1.0,12.0,1.9,6,2,458.1,2,0
187,samsung galaxy a16,6.7,2,1,128.0,8.0,5000.0,532738.0,2400.0,Mali-G57 MP2,1,samsung,90.0,8.0,2.4,2.0,2.1,3.0,50.0,1.8,0.0,0.0,1.0,13.0,2.0,2,1,384.7,2,0
188,samsung galaxy note 10 plus,6.8,2,1,256.0,12.0,4300.0,798922.0,2730.0,Mali-G76 MP12,1,samsung,120.0,8.0,2.73,1.95,2.257,3.0,16.0,2.1,1.0,1.0,1.0,10.0,2.2,3,1,494.7,1,0
189,samsung galaxy s20,6.2,2,0,128.0,8.0,4000.0,901199.0,2730.0,Mali-G77 MP11,1,samsung,120.0,8.0,2.73,2.0,2.308,3.0,64.0,1.8,1.0,1.0,1.0,10.0,2.2,3,1,566.0,1,0
191,samsung galaxy s23 ultra,6.8,2,1,512.0,12.0,5000.0,1752044.0,3200.0,Adreno 740,1,samsung,120.0,8.0,3.2,2.0,2.55,4.0,200.0,1.7,1.0,1.0,1.0,12.0,2.2,1,0,501.1,2,1
192,tecno spark 40,6.67,1,1,256.0,8.0,5200.0,354158.0,2000.0,Mali-G52 MP2,1,tecno,120.0,8.0,2.0,1.8,1.85,1.0,50.0,0.0,0.0,0.0,0.0,8.0,2.2,2,1,263.0,1,0
193,samsung galaxy note 10,6.3,2,1,256.0,8.0,3500.0,798922.0,2730.0,Mali-G76 MP12,1,samsung,120.0,8.0,2.73,1.95,2.257,3.0,16.0,2.1,1.0,1.0,1.0,10.0,2.2,3,1,400.5,1,0
195,nubia redmagic 8s pro,6.8,2,1,256.0,12.0,6000.0,1752044.0,3200.0,Adreno 740,1,nubia,120.0,8.0,3.2,2.0,2.55,3.0,50.0,1.9,0.0,0.0,1.0,16.0,2.0,1,0,399.9,1,0
196,xiaomi redmi note 11 pro,6.67,2,1,128.0,8.0,5000.0,493222.0,2050.0,Mali-G57 MP2,1,xiaomi,120.0,8.0,2.05,2.0,2.013,4.0,108.0,1.9,0.0,1.0,1.0,16.0,2.4,2,1,394.6,1,0
198,samsung galaxy note 20 ultra,6.9,2,1,256.0,12.0,4500.0,901199.0,2730.0,Mali-G77 MP11,1,samsung,90.0,8.0,2.73,2.0,2.308,3.0,108.0,1.8,1.0,1.0,1.0,10.0,2.2,3,1,493.8,1,0
199,samsung galaxy note 20,6.7,2,0,256.0,8.0,4300.0,901199.0,2730.0,Mali-G77 MP11,1,samsung,60.0,8.0,2.73,2.0,2.308,3.0,64.0,1.8,1.0,1.0,1.0,10.0,2.2,3,1,392.8,1,0
200,samsung galaxy s20 fe,6.5,2,1,256.0,8.0,4500.0,964589.0,2840.0,Adreno 650,1,samsung,120.0,8.0,2.84,1.8,2.163,3.0,12.0,1.8,0.0,1.0,1.0,32.0,2.0,1,0,404.9,1,0
201,zte nubia z60s pro,6.78,2,1,256.0,12.0,5100.0,1752044.0,3200.0,Adreno 740,1,zte,120.0,8.0,3.2,2.0,2.55,3.0,50.0,1.56,0.0,1.0,1.0,16.0,2.45,1,0,382.9,2,0
202,iphone 15 pro max,6.7,2,1,1024.0,8.0,4422.0,1503813.0,3780.0,Apple A17 GPU,0,apple,120.0,6.0,3.78,2.11,2.667,3.0,48.0,1.78,0.0,1.0,1.0,12.0,1.9,6,2,459.6,2,1
203,oppo reno13 f,6.67,2,1,256.0,8.0,5800.0,570469.0,2200.0,Mali-G57 MP2,1,oppo,120.0,8.0,2.2,2.0,2.05,3.0,50.0,1.8,0.0,0.0,1.0,32.0,2.4,2,1,394.6,1,0
204,asus rog phone 6,6.78,2,1,256.0,12.0,6000.0,1411891.0,3200.0,Adreno 730,1,asus,165.0,8.0,3.2,2.0,2.431,3.0,50.0,1.9,0.0,0.0,1.0,12.0,2.4,1,0,394.6,1,0
205,oppo a18,6.56,1,0,64.0,4.0,5000.0,349222.0,2000.0,Mali-G52 MP2,1,oppo,90.0,8.0,2.0,1.8,1.85,2.0,8.0,0.0,0.0,0.0,0.0,5.0,2.0,2,1,269.1,1,0
206,nubia v70 max,6.9,1,1,128.0,4.0,6000.0,330006.0,1600.0,Mali-G57 MP1,1,nubia,120.0,8.0,1.6,1.6,1.6,2.0,50.0,0.0,0.0,0.0,0.0,8.0,2.4,6,1,259.6,2,0
208,samsung galaxy a72,6.7,2,1,256.0,8.0,5000.0,514122.0,2300.0,Adreno 618,1,samsung,90.0,8.0,2.3,1.8,1.925,4.0,64.0,1.8,1.0,1.0,1.0,32.0,2.2,1,0,392.8,1,0
209,xiaomi redmi 10c,6.71,1,1,128.0,4.0,5000.0,415362.0,2400.0,Adreno 610,1,xiaomi,60.0,8.0,2.4,1.9,2.15,2.0,50.0,1.8,0.0,0.0,0.0,2.0,2.4,1,0,268.3,1,0
211,masstel s7,6.745,1,0,128.0,4.0,5000.0,153667.0,1600.0,PowerVR GE8322,1,masstel,60.0,8.0,1.6,1.2,1.4,1.0,3.0,2.0,0.0,0.0,0.0,5.0,2.0,6,4,260.1,2,0
212,samsung galaxy a54,6.4,2,1,256.0,8.0,5000.0,765609.0,2400.0,Mali-G68 MP5,1,samsung,120.0,8.0,2.4,2.0,2.2,3.0,50.0,1.8,0.0,0.0,1.0,32.0,2.2,3,1,402.7,1,0
213,honor x5b,6.56,1,0,64.0,4.0,5200.0,195539.0,2200.0,PowerVR GE8320,1,honor,90.0,8.0,2.2,1.8,2.0,1.0,13.0,1.8,0.0,0.0,0.0,5.0,2.2,2,4,269.1,1,0
214,nubia a36,6.75,1,0,64.0,4.0,5000.0,419670.0,1850.0,PowerVR GT7600,1,nubia,90.0,2.0,1.85,1.85,1.85,3.0,50.0,1.7,0.0,0.0,1.0,16.0,2.2,6,4,259.9,2,0
215,nubia a56,6.75,1,0,128.0,4.0,5000.0,419670.0,1850.0,PowerVR GT7600,1,nubia,90.0,2.0,1.85,1.85,1.85,3.0,50.0,1.7,0.0,0.0,1.0,16.0,2.2,6,4,259.9,2,0
216,realme 9 pro,6.6,1,0,128.0,8.0,5000.0,592489.0,2200.0,Adreno 619,1,realme,120.0,8.0,2.2,1.8,1.9,3.0,64.0,1.79,0.0,0.0,1.0,16.0,2.2,1,0,400.4,1,0
218,tecno spark 30c,6.67,0,1,128.0,4.0,5000.0,357879.0,2000.0,Mali-G52 MP2,1,tecno,120.0,8.0,2.0,1.7,1.775,1.0,48.0,0.0,0.0,0.0,0.0,8.0,2.0,2,1,263.0,0,0
219,xiaomi 14 pro,6.8,2,1,128.0,8.0,5000.0,1411891.0,3200.0,Adreno 730,1,xiaomi,120.0,8.0,3.2,2.0,2.431,3.0,64.0,0.0,0.0,0.0,0.0,32.0,2.4,1,0,403.2,0,0
220,samsung galaxy a21s,6.5,1,0,64.0,6.0,5000.0,231906.0,2000.0,Mali-G52 MP1,1,samsung,120.0,8.0,2.0,2.0,2.0,4.0,48.0,2.0,0.0,0.0,1.0,13.0,2.2,3,1,269.9,1,0
221,samsung galaxy a06s,6.8,1,0,128.0,6.0,6000.0,353817.0,2000.0,Mali-G52 MP2,1,samsung,120.0,8.0,2.0,1.8,1.85,3.0,13.0,0.0,0.0,0.0,0.0,5.0,2.35,2,1,403.2,0,0
223,xperia 10 v,6.1,2,1,128.0,8.0,5000.0,592489.0,2200.0,Adreno 619,1,sony,60.0,8.0,2.2,1.8,1.9,2.0,48.0,1.8,0.0,0.0,1.0,8.0,2.0,1,0,449.5,1,0
224,xiaomi 14 lite,6.66,2,0,128.0,8.0,4600.0,1118041.0,2840.0,Adreno 660,1,xiaomi,144.0,8.0,2.84,1.8,2.163,4.0,64.0,0.0,0.0,0.0,0.0,32.0,2.3499999999999996,1,0,395.2,0,0
225,samsung galaxy a15,6.5,2,1,256.0,8.0,5000.0,513180.0,2200.0,Mali-G57 MP2,1,samsung,90.0,8.0,2.2,2.0,2.05,3.0,50.0,0.0,0.0,0.0,0.0,13.0,2.2,2,1,396.5,1,0
226,oppo reno13f -,6.73,0,0,512.0,12.0,5000.0,419670.0,1850.0,PowerVR GT7600,1,oppo,120.0,2.0,1.85,1.85,1.85,3.0,50.0,1.7,0.0,0.0,1.0,16.0,2.2,6,4,521.4,0,0
227,xiaomi 14,6.36,2,1,256.0,12.0,4610.0,2341391.0,3300.0,Adreno 750,1,xiaomi,120.0,8.0,3.3,2.27,2.901,3.0,50.0,1.6,1.0,1.0,1.0,32.0,2.0,1,0,460.3,2,1
228,tecno phantom v fold,6.73,2,1,256.0,12.0,5000.0,1453683.0,3200.0,Mali-G710 MP10,1,tecno,120.0,8.0,3.2,1.8,2.369,3.0,50.0,1.9,0.0,1.0,1.0,32.0,2.5,2,1,521.4,1,0
229,xiaomi 14,6.36,2,1,256.0,8.0,4610.0,2341391.0,3300.0,Adreno 750,1,xiaomi,120.0,8.0,3.3,2.27,2.901,3.0,50.0,1.6,1.0,1.0,1.0,32.0,2.0,1,0,460.3,2,1
231,samsung a36 -,6.67,0,0,256.0,8.0,5000.0,419670.0,1850.0,PowerVR GT7600,1,samsung,120.0,2.0,1.85,1.85,1.85,3.0,50.0,1.7,0.0,0.0,1.0,16.0,2.2,6,4,394.6,0,0
232,samsung galaxy note 20 ultra,6.9,2,0,256.0,12.0,4500.0,901199.0,2730.0,Mali-G77 MP11,1,samsung,120.0,8.0,2.73,2.0,2.308,3.0,108.0,1.8,1.0,1.0,1.0,10.0,2.2,3,1,493.8,1,0
233,realme 9 se,6.6,1,0,128.0,6.0,5000.0,780000.0,2400.0,Adreno 642,1,realme,144.0,8.0,2.4,1.8,2.1,3.0,48.0,1.8,0.0,0.0,1.0,16.0,2.1,1,0,400.4,1,0
235,tecno pova 4,6.9,1,0,128.0,6.0,7000.0,534895.0,2050.0,Mali-G76 MP4,1,tecno,90.0,8.0,2.05,2.0,2.013,4.0,48.0,0.0,0.0,0.0,0.0,8.0,2.225,2,1,457.6,0,0
236,tecno camon 19,6.8,1,1,128.0,4.0,5000.0,349222.0,2000.0,Mali-G52 MP2,0,tecno,90.0,8.0,2.0,1.8,1.85,2.0,64.0,1.7,0.0,0.0,1.0,16.0,2.0,2,1,395.1,1,0
237,samsung galaxy a34,6.6,2,1,256.0,8.0,5000.0,722902.0,2600.0,Mali-G68 MP4,1,samsung,120.0,8.0,2.6,2.0,2.15,3.0,48.0,1.8,0.0,0.0,1.0,13.0,2.2,2,1,398.8,1,0
238,huawei enjoy 50 pro,6.7,0,1,128.0,8.0,5000.0,415362.0,2400.0,Adreno 610,1,huawei,120.0,8.0,2.4,1.9,2.15,2.0,50.0,1.8,0.0,0.0,0.0,8.0,2.2,1,0,391.2,0,0
240,oppo reno13f -,6.73,0,0,256.0,12.0,5000.0,419670.0,1850.0,PowerVR GT7600,1,oppo,120.0,2.0,1.85,1.85,1.85,3.0,50.0,1.7,0.0,0.0,1.0,16.0,2.2,6,4,521.4,0,0
241,oppo reno13f -,6.67,0,0,256.0,8.0,5000.0,419670.0,1850.0,PowerVR GT7600,1,oppo,120.0,2.0,1.85,1.85,1.85,3.0,50.0,1.7,0.0,0.0,1.0,16.0,2.2,6,4,394.6,0,0
242,oppo reno13f -,6.67,0,0,128.0,8.0,5000.0,419670.0,1850.0,PowerVR GT7600,1,oppo,120.0,2.0,1.85,1.85,1.85,3.0,50.0,1.7,0.0,0.0,1.0,16.0,2.2,6,4,394.6,0,0
243,tecno pova neo 2,6.82,1,1,64.0,4.0,7000.0,349222.0,2000.0,Mali-G52 MP2,1,tecno,90.0,8.0,2.0,1.8,1.85,1.0,16.0,0.0,0.0,0.0,1.0,8.0,2.0,2,1,262.6,1,0
244,bphone b86s,6.1,0,0,128.0,4.0,3000.0,412926.0,2000.0,Adreno 612,1,bphone,90.0,8.0,2.0,1.7,1.775,2.0,12.0,1.8,0.0,0.0,0.0,32.0,2.2,1,0,396.6,2,1
245,bphone b86s,6.1,0,0,128.0,4.0,3000.0,412926.0,2000.0,Adreno 612,1,bphone,90.0,8.0,2.0,1.7,1.775,2.0,12.0,1.8,0.0,0.0,0.0,32.0,2.2,1,0,396.6,2,1
248,samsung galaxy m21s,6.4,2,0,128.0,6.0,6000.0,355351.0,2300.0,Mali-G72 MP3,1,samsung,120.0,8.0,2.3,1.7,2.0,3.0,64.0,2.2,0.0,0.0,1.0,32.0,2.2,3,1,402.7,1,0
249,iphone 15 pro max,6.7,2,1,1024.0,8.0,5000.0,1503813.0,3780.0,Apple A17 GPU,1,apple,120.0,6.0,3.78,2.11,2.667,3.0,48.0,1.78,0.0,1.0,1.0,12.0,1.9,6,2,459.6,0,0
250,apple iphone 5s,4.0,0,0,16.0,1.0,1560.0,419670.0,1850.0,PowerVR GT7600,1,apple,120.0,2.0,1.85,1.85,1.85,3.0,50.0,1.7,0.0,0.0,1.0,16.0,2.2,6,4,326.0,1,0
251,xiaomi redmi note 9 pro,6.66,1,1,64.0,6.0,5020.0,514122.0,2300.0,Adreno 618,1,xiaomi,120.0,8.0,2.3,1.8,1.925,4.0,64.0,1.9,0.0,0.0,1.0,16.0,2.5,1,0,395.2,1,0
252,samsung galaxy a23,6.6,1,0,128.0,6.0,5000.0,415362.0,2400.0,Adreno 610,1,samsung,90.0,8.0,2.4,1.9,2.15,4.0,50.0,0.0,0.0,0.0,0.0,8.0,2.2,1,0,399.35,0,0
253,oppo a52,6.5,1,0,128.0,6.0,5000.0,323556.0,2000.0,Adreno 610,1,oppo,120.0,8.0,2.0,1.8,1.9,4.0,12.0,1.7,0.0,0.0,1.0,16.0,2.0,1,0,411.2,1,0
254,xiaomi 12x,6.28,2,1,128.0,8.0,4500.0,1005598.0,3200.0,Adreno 650,1,xiaomi,120.0,8.0,3.2,1.8,2.208,3.0,50.0,1.9,0.0,1.0,1.0,32.0,2.5,1,0,419.1,1,0
255,vivo x200 ultra,6.82,2,0,256.0,12.0,6000.0,3336910.0,4320.0,Adreno 830,1,vivo,120.0,8.0,4.32,3.53,3.728,3.0,200.0,1.7,0.0,1.0,1.0,50.0,2.0,1,0,510.3,0,0
256,oppo a32,6.5,1,0,64.0,4.0,5000.0,251428.0,1800.0,Adreno 610,1,oppo,90.0,8.0,1.8,1.8,1.8,3.0,13.0,2.0,0.0,0.0,1.0,16.0,2.0,1,0,269.9,1,0
257,oppo reno13f -,6.73,0,0,512.0,12.0,5000.0,419670.0,1850.0,PowerVR GT7600,1,oppo,120.0,2.0,1.85,1.85,1.85,3.0,50.0,1.7,0.0,0.0,1.0,16.0,2.2,6,4,521.4,0,0
258,oppo reno13f - -,6.67,2,1,128.0,8.0,5800.0,570469.0,2200.0,Mali-G57 MP2,1,oppo,120.0,8.0,2.2,2.0,2.05,3.0,50.0,1.8,0.0,0.0,1.0,32.0,2.4,2,1,394.6,2,0
260,oppo a92,6.5,1,0,128.0,8.0,5000.0,323556.0,2000.0,Adreno 610,1,oppo,120.0,8.0,2.0,1.8,1.9,4.0,48.0,1.7,0.0,0.0,1.0,16.0,2.0,1,0,404.9,1,0
261,bphone b40,6.58,0,0,64.0,4.0,5000.0,419670.0,1850.0,PowerVR GT7600,1,bphone,90.0,2.0,1.85,1.85,1.85,3.0,50.0,1.7,0.0,0.0,1.0,16.0,2.2,6,4,401.1,1,0
262,samsung galaxy a70,6.7,2,0,128.0,6.0,4500.0,412926.0,2000.0,Adreno 612,1,samsung,120.0,8.0,2.0,1.7,1.775,3.0,32.0,1.7,0.0,0.0,0.0,32.0,2.2,1,0,384.7,1,0
264,samsung galaxy xcover6 pro,6.6,1,1,128.0,6.0,4050.0,780000.0,2400.0,Adreno 642,1,samsung,120.0,8.0,2.4,1.8,2.1,2.0,50.0,1.8,0.0,0.0,1.0,13.0,2.0,1,0,399.9,0,0
266,xiaomi 14,6.36,2,1,512.0,12.0,4610.0,2341391.0,3300.0,Adreno 750,1,xiaomi,120.0,8.0,3.3,2.27,2.901,3.0,50.0,1.6,1.0,1.0,1.0,32.0,2.0,1,0,460.3,2,1
267,oppo find x8 mini,6.3,2,0,256.0,12.0,5600.0,2825187.0,3620.0,Mali-G925  MP12,1,oppo,120.0,8.0,3.62,2.4,2.89,3.0,50.0,1.8,0.0,1.0,1.0,32.0,2.4,2,1,458.1,0,0
269,oppo a31,6.5,1,0,128.0,4.0,4230.0,199111.0,2300.0,PowerVR GE8320,1,oppo,90.0,8.0,2.3,1.8,2.05,3.0,12.0,0.0,0.0,0.0,0.0,8.0,2.2,2,4,269.9,1,0
270,vsmart joy 3,6.5,1,0,32.0,2.0,5000.0,243691.0,1800.0,Adreno 506,1,vsmart,120.0,8.0,1.8,1.8,1.8,3.0,13.0,0.0,0.0,0.0,0.0,8.0,2.2,1,0,269.9,1,0
271,samsung galaxy m51,6.66,1,0,128.0,6.0,7000.0,494401.0,2200.0,Adreno 618,1,samsung,120.0,8.0,2.2,1.8,1.9,3.0,64.0,2.0,0.0,0.0,1.0,32.0,2.0,1,0,387.0,1,0
272,samsung galaxy s 2019,6.1,0,0,128.0,8.0,3500.0,419670.0,1850.0,PowerVR GT7600,1,samsung,120.0,2.0,1.85,1.85,1.85,3.0,50.0,1.7,0.0,0.0,1.0,16.0,2.2,6,4,457.3,0,0
273,nokia 7 2,6.3,1,1,64.0,4.0,3500.0,347995.0,2200.0,Adreno 512,1,nokia,90.0,8.0,2.2,1.84,2.02,3.0,48.0,0.0,0.0,0.0,0.0,20.0,2.2,1,0,409.1,1,0
275,vsmart joy 2 plus,6.2,1,0,32.0,2.0,4500.0,419670.0,1850.0,PowerVR GT7600,1,vsmart,120.0,2.0,1.85,1.85,1.85,3.0,50.0,1.7,0.0,0.0,1.0,16.0,2.2,6,4,415.7,0,0
277,tecno pop 6 go,6.0,1,0,32.0,2.0,4000.0,419670.0,1850.0,PowerVR GT7600,1,tecno,120.0,2.0,1.85,1.85,1.85,3.0,50.0,1.7,0.0,0.0,1.0,16.0,2.2,6,4,178.9,0,0
278,infinix smart 9,6.7,1,0,64.0,3.0,5000.0,357879.0,2000.0,Mali-G52 MP2,1,infinix,120.0,8.0,2.0,1.7,1.775,1.0,13.0,1.9,0.0,0.0,0.0,8.0,2.0,2,1,261.9,2,0
283,iphone 16 pro,6.3,2,1,128.0,8.0,5000.0,1808835.0,4050.0,Apple A18 Pro GPU,0,apple,120.0,6.0,4.05,2.42,2.963,3.0,48.0,1.6,0.0,1.0,1.0,12.0,1.9,6,2,458.1,2,0
285,xiaomi 15t pro,6.83,2,0,512.0,12.0,5500.0,2874956.0,3730.0,Mali-G925  MP12,1,xiaomi,144.0,8.0,3.73,2.4,2.904,3.0,50.0,1.62,1.0,1.0,1.0,32.0,2.2,2,1,447.0,0,0
286,iphone 16 pro,6.3,2,1,256.0,8.0,5000.0,1808835.0,4050.0,Apple A18 Pro GPU,0,apple,120.0,6.0,4.05,2.42,2.963,3.0,48.0,1.6,0.0,1.0,1.0,12.0,1.9,6,2,458.1,2,0
287,honor x9c,6.78,2,1,256.0,12.0,6600.0,733620.0,2200.0,Adreno 710,1,honor,120.0,8.0,2.2,1.8,2.0,2.0,108.0,1.75,1.0,0.0,1.0,16.0,2.45,1,0,412.8,1,0
288,iphone 15 plus,6.7,2,1,128.0,6.0,4383.0,1633145.0,3460.0,Apple A16 GPU,0,apple,60.0,6.0,3.46,2.02,2.5,2.0,48.0,0.0,0.0,0.0,0.0,12.0,1.9,0,2,459.6,2,1
289,iphone 15 pro,6.1,2,1,128.0,8.0,3274.0,1503813.0,3780.0,Apple A17 GPU,0,apple,120.0,6.0,3.78,2.11,2.667,3.0,48.0,1.78,0.0,1.0,1.0,12.0,1.9,6,2,461.4,2,1
290,iphone 14 pro,6.1,2,1,128.0,6.0,3200.0,1633145.0,3460.0,Apple A16 GPU,0,apple,120.0,6.0,3.46,2.02,2.5,3.0,48.0,1.8,1.0,1.0,1.0,12.0,1.9,0,2,461.4,2,1
291,oppo find x9,6.59,2,1,256.0,12.0,7025.0,3508681.0,4210.0,Mali-G1 Ultra MP12,1,oppo,120.0,8.0,4.21,2.7,3.189,4.0,50.0,0.0,1.0,1.0,1.0,32.0,2.4,2,1,460.1,2,1
292,iphone 14 pro max,6.7,2,1,256.0,6.0,4323.0,1633145.0,3460.0,Apple A16 GPU,0,apple,120.0,6.0,3.46,2.02,2.5,3.0,48.0,1.8,1.0,1.0,1.0,12.0,1.9,0,2,459.6,2,1
293,iphone 16,6.1,2,1,256.0,8.0,5000.0,1918031.0,4050.0,Apple A18 GPU,0,apple,120.0,6.0,4.05,2.42,2.963,2.0,48.0,1.6,0.0,0.0,1.0,12.0,1.9,6,2,461.4,2,0
294,iphone 11,6.1,1,1,64.0,4.0,3110.0,1091336.0,2650.0,Apple A13 GPU,0,apple,90.0,6.0,2.65,1.6,1.95,1.0,12.0,1.8,0.0,0.0,1.0,12.0,2.2,0,2,323.6,2,1
295,iphone 15 plus,6.7,2,1,256.0,6.0,4383.0,1633145.0,3460.0,Apple A16 GPU,0,apple,60.0,6.0,3.46,2.02,2.5,2.0,48.0,0.0,0.0,0.0,0.0,12.0,1.9,0,2,459.6,2,1
296,samsung galaxy a07,6.7,1,0,256.0,8.0,5000.0,547830.0,2200.0,Mali-G57 MP2,1,samsung,120.0,8.0,2.2,2.0,2.05,2.0,50.0,0.0,0.0,0.0,0.0,8.0,2.5,2,1,261.9,2,0
297,xiaomi redmi note 13 pro,6.67,2,1,256.0,8.0,5100.0,794701.0,2400.0,Adreno 710,1,xiaomi,120.0,8.0,2.4,1.95,2.175,3.0,200.0,0.0,0.0,0.0,0.0,16.0,2.0,1,0,445.8,2,1
298,realme gt neo 3,6.7,2,1,128.0,6.0,5000.0,1085324.0,2850.0,Mali-G610 MP6,1,realme,120.0,8.0,2.85,2.0,2.425,3.0,50.0,1.9,0.0,0.0,1.0,16.0,2.5,2,1,394.4,1,0
299,samsung galaxy a06,6.7,1,0,128.0,4.0,5000.0,349222.0,2000.0,Mali-G52 MP2,1,samsung,90.0,8.0,2.0,1.8,1.85,1.0,2.0,2.4,0.0,0.0,0.0,8.0,2.0,2,1,261.9,1,0
300,iphone 13 pro max,6.7,2,1,128.0,6.0,4352.0,1413275.0,3230.0,Apple A15 GPU,0,apple,120.0,6.0,3.23,2.02,2.423,3.0,12.0,1.5,0.0,1.0,1.0,12.0,2.2,0,2,456.8,2,1
301,nubia neo 2,6.72,1,1,256.0,8.0,6000.0,757199.0,2700.0,Mali-G57 MP4,1,nubia,120.0,8.0,2.7,2.1,2.25,2.0,50.0,1.8,0.0,0.0,1.0,16.0,2.2,6,1,391.6,1,0
303,oppo reno14 f,6.57,2,1,256.0,8.0,6000.0,733620.0,2200.0,Adreno 710,1,oppo,120.0,8.0,2.2,1.8,2.0,3.0,50.0,1.8,1.0,0.0,1.0,32.0,2.0,1,0,396.7,2,0
304,iphone 12,6.1,2,1,128.0,4.0,2815.0,1337390.0,3100.0,Apple A14 GPU,0,apple,90.0,6.0,3.1,1.8,2.233,2.0,12.0,1.6,0.0,0.0,1.0,12.0,2.2,0,2,457.3,2,1
306,nubia neo 3,6.8,1,1,256.0,8.0,6000.0,639225.0,2200.0,Mali-G57 MP2,1,nubia,120.0,8.0,2.2,2.0,2.05,2.0,50.0,1.8,0.0,0.0,0.0,16.0,2.0,6,1,403.2,1,0
307,iphone 13 pro max,6.7,2,1,256.0,6.0,4352.0,1413275.0,3230.0,Apple A15 GPU,0,apple,120.0,6.0,3.23,2.02,2.423,3.0,12.0,1.5,0.0,1.0,1.0,12.0,2.2,0,2,456.8,2,1
308,iphone 12 mini i,5.4,2,1,64.0,4.0,2227.0,1337390.0,3100.0,Apple A14 GPU,0,apple,90.0,6.0,3.1,1.8,2.233,2.0,12.0,1.6,0.0,0.0,1.0,12.0,2.2,0,2,477.3,2,1
309,tecno spark 30 pro transformer,6.78,2,1,256.0,8.0,5000.0,570469.0,2200.0,Mali-G57 MP2,1,tecno,120.0,8.0,2.2,2.0,2.05,1.0,108.0,1.75,0.0,0.0,0.0,13.0,2.4,2,1,412.8,2,0
310,vivo iqoo z9 turbo,6.72,2,1,256.0,12.0,6000.0,1795718.0,3000.0,Adreno 735,1,vivo,144.0,8.0,3.0,2.0,2.525,1.0,8.0,0.0,1.0,0.0,1.0,16.0,2.2,1,0,391.6,0,0
312,samsung galaxy s24 ultra,6.8,2,1,512.0,12.0,5000.0,2341391.0,3300.0,Adreno 750,1,samsung,120.0,8.0,3.3,2.27,2.901,4.0,200.0,2.2,1.0,1.0,1.0,12.0,2.2,1,0,505.3,2,1
313,oppo find n,7.1,2,1,256.0,8.0,4500.0,1118041.0,2840.0,Adreno 660,1,oppo,120.0,8.0,2.84,1.8,2.163,3.0,50.0,1.8,0.0,1.0,1.0,32.0,2.4,1,0,399.35,1,0
314,samsung galaxy s24 fe,6.7,2,1,128.0,8.0,4700.0,1971406.0,3110.0,Samsung Xclipse 940,1,samsung,120.0,10.0,3.11,1.95,2.451,2.0,50.0,0.0,0.0,0.0,0.0,10.0,2.4,3,3,392.8,0,0
316,xiaomi redmi note 12s,6.43,2,0,256.0,8.0,5000.0,493222.0,2050.0,Mali-G57 MP2,1,xiaomi,90.0,8.0,2.05,2.0,2.013,3.0,108.0,1.89,0.0,0.0,1.0,16.0,2.45,2,1,409.3,1,0
317,xiaomi 17t pro,6.83,2,0,512.0,12.0,7000.0,3508681.0,4210.0,Mali-G1 Ultra MP12,1,xiaomi,144.0,8.0,4.21,2.7,3.189,3.0,50.0,1.67,0.0,1.0,1.0,32.0,2.2,2,1,447.0,0,0
318,samsung galaxy m55,6.7,2,1,256.0,12.0,5000.0,829085.0,2400.0,Adreno 644,1,samsung,120.0,8.0,2.4,1.8,2.085,3.0,50.0,1.8,0.0,0.0,1.0,50.0,2.4,1,0,392.8,1,0
320,xiaomi redmi note 12,6.67,2,0,128.0,4.0,5000.0,461236.0,2800.0,Adreno 610,1,xiaomi,120.0,8.0,2.8,1.9,2.35,3.0,50.0,1.8,0.0,0.0,1.0,13.0,2.45,1,0,394.6,1,0
321,honor 600 pro,6.57,0,0,256.0,12.0,9000.0,419670.0,1850.0,PowerVR GT7600,1,honor,120.0,2.0,1.85,1.85,1.85,3.0,50.0,1.7,0.0,0.0,1.0,16.0,2.2,6,4,396.7,0,0
322,redmi k50 gaming,6.67,2,1,128.0,8.0,4700.0,1294632.0,3000.0,Adreno 730,1,nubia,120.0,8.0,3.0,1.8,2.212,3.0,64.0,1.9,0.0,0.0,1.0,20.0,2.4,1,0,394.6,1,0
323,samsung galaxy a25,6.5,2,1,128.0,6.0,5000.0,605067.0,2400.0,Mali-G68 MP4,1,samsung,120.0,8.0,2.4,2.0,2.1,3.0,50.0,0.0,0.0,0.0,0.0,13.0,2.2,3,1,396.5,1,0
325,oppo find n3 flip,6.8,2,1,256.0,12.0,4300.0,1755232.0,3050.0,Mali-G715  MP11,1,oppo,120.0,8.0,3.05,1.8,2.35,3.0,50.0,1.8,0.0,1.0,1.0,32.0,2.4,2,1,403.2,1,0
326,redmi turbo 5 max,6.78,2,0,256.0,16.0,9000.0,3041307.0,3730.0,Mali-G925  MP12,1,nubia,120.0,8.0,3.73,2.4,2.904,2.0,50.0,0.0,1.0,0.0,0.0,20.0,2.2,2,1,412.8,0,0
327,samsung galaxy a16,6.7,2,1,128.0,4.0,5000.0,547830.0,2200.0,Mali-G57 MP2,1,samsung,90.0,8.0,2.2,2.0,2.05,3.0,50.0,1.8,0.0,0.0,1.0,13.0,2.5,2,1,384.7,2,0
328,samsung galaxy s24 plus,6.7,2,1,512.0,12.0,4900.0,2037320.0,3210.0,Samsung Xclipse 940,1,samsung,120.0,10.0,3.21,1.95,2.461,3.0,50.0,1.8,1.0,1.0,1.0,12.0,2.2,3,3,512.9,2,1
330,samsung galaxy s22 ultra,6.8,2,1,128.0,8.0,5000.0,1294632.0,3000.0,Adreno 730,1,samsung,120.0,8.0,3.0,1.8,2.212,4.0,108.0,1.8,0.0,0.0,1.0,40.0,2.2,1,0,501.1,2,1
331,xiaomi redmi 13c,6.74,1,0,128.0,6.0,5000.0,349222.0,2000.0,Mali-G52 MP2,1,xiaomi,90.0,8.0,2.0,1.8,1.85,2.0,50.0,0.0,0.0,0.0,0.0,8.0,2.0,2,1,260.3,1,0
334,samsung galaxy a54,6.4,2,1,128.0,8.0,5000.0,765609.0,2400.0,Mali-G68 MP5,1,samsung,120.0,8.0,2.4,2.0,2.2,3.0,50.0,1.8,0.0,0.0,1.0,32.0,2.2,3,1,402.7,1,0
336,samsung galaxy a23,6.6,1,0,128.0,4.0,5000.0,415362.0,2400.0,Adreno 610,1,samsung,120.0,8.0,2.4,1.9,2.15,4.0,50.0,0.0,0.0,0.0,0.0,8.0,2.2,1,0,399.9,1,0
337,tecno spark 40,6.67,1,1,128.0,6.0,5200.0,354158.0,2000.0,Mali-G52 MP2,1,tecno,120.0,8.0,2.0,1.8,1.85,1.0,50.0,0.0,0.0,0.0,0.0,8.0,2.2,2,1,263.0,1,0
340,oppo a58,6.72,1,0,128.0,6.0,5000.0,349222.0,2000.0,Mali-G52 MP2,1,oppo,120.0,8.0,2.0,1.8,1.85,2.0,50.0,1.8,0.0,0.0,0.0,8.0,2.0,2,1,391.6,1,0
341,samsung galaxy s22 ultra đã kích hoạt online,6.8,2,1,256.0,12.0,5000.0,1294632.0,3000.0,Adreno 730,1,samsung,120.0,8.0,3.0,1.8,2.212,4.0,108.0,1.8,0.0,0.0,1.0,40.0,2.2,1,0,501.1,2,1
342,nubia v70 max,6.9,1,1,128.0,6.0,6000.0,330006.0,1600.0,Mali-G57 MP1,1,nubia,120.0,8.0,1.6,1.6,1.6,2.0,50.0,0.0,0.0,0.0,0.0,8.0,2.4,6,1,259.6,2,0
343,samsung galaxy a05s,6.7,1,0,128.0,6.0,5000.0,415362.0,2400.0,Adreno 610,1,samsung,90.0,8.0,2.4,1.9,2.15,3.0,50.0,1.8,0.0,0.0,0.0,13.0,2.0,1,0,392.8,1,0
344,xiaomi redmi note 12 pro,6.67,2,1,256.0,8.0,5000.0,517306.0,2300.0,Adreno 618,1,xiaomi,120.0,8.0,2.3,1.8,1.925,4.0,108.0,1.9,0.0,0.0,1.0,16.0,2.45,1,0,394.6,1,0
346,samsung galaxy z fold4,7.6,2,1,256.0,12.0,4400.0,1411891.0,3200.0,Adreno 730,1,samsung,120.0,8.0,3.2,2.0,2.431,3.0,50.0,1.8,0.0,1.0,1.0,10.0,2.4,1,0,372.6,2,1
347,xiaomi redmi note 12 turbo,6.67,2,1,256.0,8.0,5000.0,1285461.0,2910.0,Adreno 725,1,xiaomi,120.0,8.0,2.91,1.8,2.198,3.0,64.0,2.2,0.0,0.0,1.0,16.0,2.5,1,0,394.6,1,0
348,iphone 12,6.1,2,1,64.0,4.0,2815.0,1337390.0,3100.0,Apple A14 GPU,0,apple,90.0,6.0,3.1,1.8,2.233,2.0,12.0,1.6,0.0,0.0,1.0,12.0,2.2,0,2,457.3,2,1
349,xiaomi redmi turbo 4,6.67,0,0,256.0,8.0,5000.0,419670.0,1850.0,PowerVR GT7600,1,xiaomi,120.0,2.0,1.85,1.85,1.85,3.0,50.0,1.7,0.0,0.0,1.0,16.0,2.2,6,4,394.6,0,0
350,xiaomi poco f8 ultra,6.9,2,1,256.0,12.0,6500.0,3932243.0,4610.0,Adreno 840,1,xiaomi,120.0,8.0,4.61,3.63,3.875,3.0,50.0,1.0,0.0,1.0,1.0,32.0,2.2,1,0,457.6,2,1
351,xiaomi 13 pro -,6.73,2,1,256.0,12.0,4820.0,1752044.0,3200.0,Adreno 740,1,xiaomi,120.0,8.0,3.2,2.0,2.55,3.0,50.0,1.9,0.0,1.0,1.0,32.0,2.0,1,0,521.4,1,0
352,huawei mate xt ultimate,10.2,2,0,256.0,16.0,5600.0,1155792.0,2300.0,Maleoon 910,1,huawei,120.0,8.0,2.3,1.55,1.88,3.0,50.0,0.0,0.0,0.0,0.0,8.0,2.2,4,6,399.35,2,0
353,vivo iqoo z9,6.78,2,0,128.0,8.0,6000.0,1020938.0,2630.0,Adreno 720,1,vivo,144.0,8.0,2.63,1.8,2.129,2.0,50.0,0.0,0.0,0.0,0.0,16.0,2.0,1,0,412.8,0,0
355,samsung galaxy s21 fe,6.4,2,1,128.0,8.0,4500.0,1042710.0,2900.0,Mali-G78 MP14,1,samsung,120.0,8.0,2.91,2.2,2.518,3.0,12.0,1.8,0.0,1.0,1.0,32.0,2.2,3,1,402.7,1,0
356,huawei p60 pro,6.66,2,1,256.0,8.0,4815.0,1411891.0,3200.0,Adreno 730,1,huawei,120.0,8.0,3.2,2.0,2.431,3.0,48.0,1.4,0.0,0.0,1.0,13.0,2.4,1,0,395.2,1,0
357,xiaomi 13 lite,6.55,2,1,256.0,8.0,4500.0,829085.0,2400.0,Adreno 644,1,xiaomi,120.0,8.0,2.4,1.8,2.085,3.0,50.0,1.8,0.0,0.0,1.0,32.0,2.4,1,0,401.8,1,0
358,google pixel 7 pro,6.7,0,1,128.0,8.0,5000.0,1158921.0,2850.0,Mali-G710 MP7,1,google,120.0,8.0,2.85,1.8,2.2,3.0,50.0,1.9,1.0,1.0,1.0,8.0,2.2,6,1,512.9,2,1
359,samsung galaxy a52s,6.5,2,1,128.0,8.0,4500.0,780000.0,2400.0,Adreno 642,1,samsung,120.0,8.0,2.4,1.8,2.1,4.0,64.0,1.8,0.0,0.0,1.0,32.0,2.2,1,0,404.9,1,0
360,iphone 14 plus,6.7,2,1,128.0,6.0,4325.0,1413275.0,3230.0,Apple A15 GPU,0,apple,60.0,6.0,3.23,2.02,2.423,2.0,12.0,1.5,0.0,0.0,1.0,12.0,1.9,0,2,456.8,2,1
361,xiaomi redmi note 10 pro,6.66,2,0,128.0,8.0,5020.0,517306.0,2300.0,Adreno 618,1,xiaomi,120.0,8.0,2.3,1.8,1.925,4.0,108.0,1.9,0.0,0.0,1.0,16.0,2.5,1,0,395.2,1,0
362,huawei p60,6.66,2,1,128.0,8.0,4815.0,1411891.0,3200.0,Adreno 730,1,huawei,120.0,8.0,3.2,2.0,2.431,3.0,48.0,1.4,1.0,1.0,1.0,13.0,2.4,1,0,395.2,1,0
363,xiaomi black shark 5,6.66,2,1,128.0,8.0,4650.0,1005598.0,3200.0,Adreno 650,1,xiaomi,144.0,8.0,3.2,1.8,2.208,3.0,64.0,1.8,0.0,0.0,1.0,16.0,2.5,1,0,395.2,1,0
364,google pixel 7,6.3,2,1,128.0,8.0,4355.0,1158921.0,2850.0,Mali-G710 MP7,1,google,90.0,8.0,2.85,1.8,2.2,2.0,50.0,1.9,0.0,0.0,1.0,8.0,2.2,6,1,417.7,2,1
365,xiaomi poco x4 pro,6.67,2,1,128.0,6.0,5000.0,592489.0,2200.0,Adreno 619,1,xiaomi,120.0,8.0,2.2,1.8,1.9,3.0,108.0,0.0,0.0,0.0,0.0,16.0,2.2,1,0,394.6,1,0
366,samsung galaxy s24,6.2,2,1,256.0,8.0,4000.0,2037320.0,3210.0,Samsung Xclipse 940,1,samsung,120.0,10.0,3.21,1.95,2.461,3.0,50.0,1.8,1.0,1.0,1.0,12.0,2.2,3,3,415.7,2,1
369,samsung galaxy z fold5,7.6,2,1,256.0,12.0,4400.0,1752044.0,3200.0,Adreno 740,1,samsung,120.0,8.0,3.2,2.0,2.55,3.0,50.0,1.8,1.0,1.0,1.0,10.0,1.8,1,0,372.6,2,1
370,xiaomi 15 pro,6.73,0,0,256.0,8.0,5000.0,1038717.0,2500.0,Adreno 810,1,xiaomi,120.0,8.0,2.5,1.8,2.112,3.0,50.0,1.88,0.0,0.0,1.0,41.0,2.2,1,0,521.4,0,0
371,xiaomi 17 pro max,6.67,0,0,256.0,8.0,5000.0,419670.0,1850.0,PowerVR GT7600,1,xiaomi,2160.0,2.0,1.85,1.85,1.85,3.0,50.0,1.7,0.0,0.0,1.0,16.0,2.2,6,4,394.6,0,0
372,honor magic 6 pro,6.8,2,1,512.0,12.0,5600.0,2341391.0,3300.0,Adreno 750,1,honor,120.0,8.0,3.3,2.27,2.901,3.0,180.0,1.4,1.0,1.0,1.0,50.0,2.0,1,0,403.2,1,0
373,nubia neo,6.6,1,0,256.0,8.0,4500.0,757199.0,2700.0,Mali-G57 MP4,1,nubia,120.0,8.0,2.7,2.1,2.25,2.0,50.0,1.8,0.0,0.0,0.0,8.0,2.0,5,1,399.9,1,0
374,google pixel 9 pro,6.3,2,1,128.0,16.0,4700.0,1499601.0,3100.0,Mali-G715 MP7,1,google,120.0,8.0,3.1,1.92,2.323,3.0,50.0,1.68,0.0,1.0,1.0,42.0,2.2,6,1,458.1,2,1
375,honor magic 5,6.73,2,1,256.0,12.0,5100.0,1752044.0,3200.0,Adreno 740,1,honor,120.0,8.0,3.2,2.0,2.55,3.0,54.0,1.9,1.0,1.0,1.0,12.0,2.2,1,0,521.4,1,0
376,google pixel 8 pro,6.7,2,1,128.0,8.0,5050.0,1414384.0,2910.0,Mali-G715 MP7,1,google,120.0,9.0,2.91,1.7,2.132,2.0,50.0,1.7,1.0,1.0,0.0,5.0,2.2,6,1,392.8,1,0
377,google pixel 9,6.3,2,1,128.0,12.0,4700.0,1499601.0,3100.0,Mali-G715 MP7,1,google,120.0,8.0,3.1,1.92,2.323,2.0,50.0,1.68,0.0,0.0,1.0,0.5,2.2,6,1,419.5,2,1
378,samsung galaxy m14,6.6,1,1,128.0,4.0,6000.0,592392.0,2400.0,Mali-G68 MP2,1,samsung,90.0,8.0,2.4,2.0,2.1,3.0,50.0,1.8,0.0,0.0,1.0,13.0,2.0,3,1,399.9,1,0
379,iphone 13 pro,6.1,2,1,128.0,6.0,3095.0,1413275.0,3230.0,Apple A15 GPU,0,apple,120.0,6.0,3.23,2.02,2.423,3.0,12.0,1.5,0.0,1.0,1.0,12.0,2.2,0,2,457.3,2,1
381,xiaomi 13 ultra,6.73,2,1,256.0,12.0,5000.0,1752044.0,3200.0,Adreno 740,1,xiaomi,120.0,8.0,3.2,2.0,2.55,4.0,50.0,1.8,1.0,1.0,1.0,32.0,2.0,1,0,391.1,1,0
385,xiaomi 17,6.67,0,0,256.0,8.0,5000.0,419670.0,1850.0,PowerVR GT7600,1,xiaomi,2160.0,2.0,1.85,1.85,1.85,3.0,50.0,1.7,0.0,0.0,1.0,16.0,2.2,6,4,394.6,0,0
386,poco f6,6.67,2,1,256.0,8.0,5000.0,1795718.0,3000.0,Adreno 735,1,poco,120.0,8.0,3.0,2.0,2.525,2.0,50.0,1.59,0.0,0.0,1.0,20.0,2.2,1,0,445.8,2,1
387,honor x40,6.66,2,0,128.0,6.0,5100.0,592489.0,2200.0,Adreno 619,1,honor,120.0,8.0,2.2,1.8,1.9,2.0,50.0,1.8,0.0,0.0,1.0,8.0,2.0,1,0,395.2,1,0
388,tecno pova 8,6.58,0,0,128.0,4.0,5000.0,419670.0,1850.0,PowerVR GT7600,1,tecno,90.0,2.0,1.85,1.85,1.85,3.0,50.0,1.7,0.0,0.0,1.0,16.0,2.2,6,4,401.1,0,0
389,nothing phone 2,6.55,2,1,256.0,8.0,5000.0,1752044.0,3200.0,Adreno 740,1,nothing,120.0,8.0,3.2,2.0,2.55,3.0,108.0,1.9,0.0,0.0,1.0,16.0,2.2,1,0,401.8,1,0
390,xiaomi 13t pro,6.67,2,1,512.0,12.0,5000.0,1798756.0,3350.0,Mali-G715  MP11,1,xiaomi,144.0,8.0,3.35,2.0,2.544,3.0,50.0,0.0,0.0,1.0,1.0,20.0,2.0,2,1,445.8,2,1
391,huawei mate x6,6.78,2,0,256.0,12.0,5100.0,1752044.0,3200.0,Adreno 740,1,huawei,120.0,8.0,3.2,2.0,2.55,3.0,50.0,1.4,0.0,1.0,1.0,8.0,2.2,1,0,412.8,0,0
393,infinix hot 50i,6.7,1,0,128.0,4.0,5000.0,357879.0,2000.0,Mali-G52 MP2,1,infinix,120.0,8.0,2.0,1.7,1.775,1.0,48.0,1.79,0.0,0.0,0.0,8.0,2.0,2,1,261.9,2,0
394,oppo reno8 t,6.4,2,1,256.0,8.0,5000.0,547830.0,2200.0,Mali-G57 MP2,1,oppo,90.0,8.0,2.2,2.0,2.05,3.0,100.0,0.0,0.0,0.0,0.0,32.0,2.5,2,1,411.2,1,0
395,samsung galaxy s23 plus,6.6,2,1,512.0,8.0,4700.0,1752044.0,3200.0,Adreno 740,1,samsung,120.0,8.0,3.2,2.0,2.55,3.0,50.0,1.8,0.0,1.0,1.0,12.0,2.2,1,0,390.5,2,1
397,samsung galaxy s22 -,6.1,2,1,128.0,8.0,3700.0,1294632.0,3000.0,Adreno 730,1,samsung,120.0,8.0,3.0,1.8,2.212,3.0,50.0,1.8,0.0,1.0,1.0,10.0,2.2,1,0,422.5,2,1
398,realme v30,6.51,0,0,64.0,4.0,5000.0,419670.0,1850.0,PowerVR GT7600,1,realme,90.0,2.0,1.85,1.85,1.85,3.0,50.0,1.7,0.0,0.0,1.0,16.0,2.2,6,4,269.5,0,0
399,huawei mate 60 pro,6.82,2,1,256.0,12.0,5000.0,1062256.0,2620.0,Maleoon 910,1,huawei,120.0,8.0,2.62,1.53,1.899,3.0,50.0,1.4,1.0,1.0,1.0,13.0,2.4,4,6,510.3,1,0
400,sharp aquos r8,6.6,2,1,256.0,8.0,4570.0,1752044.0,3200.0,Adreno 740,1,sharp,240.0,8.0,3.2,2.0,2.55,1.0,13.0,0.0,0.0,0.0,1.0,8.0,2.2,1,0,390.5,0,0
401,samsung galaxy buddy2,6.6,1,1,128.0,4.0,5000.0,525163.0,2200.0,Adreno 619,1,samsung,90.0,8.0,2.2,1.8,1.9,1.0,50.0,0.0,0.0,0.0,0.0,8.0,2.2,1,0,399.35,0,0
402,xiaomi 17 pro,6.67,0,0,256.0,8.0,5000.0,419670.0,1850.0,PowerVR GT7600,1,xiaomi,2160.0,2.0,1.85,1.85,1.85,3.0,50.0,1.7,0.0,0.0,1.0,16.0,2.2,6,4,394.6,0,0
403,meizu 20,6.55,2,1,128.0,12.0,4700.0,1752044.0,3200.0,Adreno 740,1,meizu,144.0,8.0,3.2,2.0,2.55,3.0,50.0,1.9,0.0,0.0,1.0,32.0,2.5,1,0,402.9,1,0
404,xiaomi redmi k70 pro,6.73,0,1,128.0,8.0,5120.0,2341391.0,3300.0,Adreno 750,1,xiaomi,120.0,8.0,3.3,2.27,2.901,3.0,50.0,1.7000000000000002,0.0,1.0,1.0,32.0,2.0,1,0,521.4,0,0
405,oneplus nord n30,6.72,1,1,128.0,8.0,5000.0,592489.0,2200.0,Adreno 619,1,oneplus,120.0,8.0,2.2,1.8,1.9,3.0,108.0,1.8,0.0,0.0,1.0,16.0,2.4,1,0,391.6,1,0
407,honor 200 pro,6.7,2,1,256.0,12.0,5200.0,1795718.0,3000.0,Adreno 735,1,honor,120.0,8.0,3.0,2.0,2.525,3.0,50.0,1.9,1.0,1.0,0.0,50.0,2.2,1,0,392.8,0,0
409,samsung galaxy m44,6.58,1,0,128.0,6.0,5000.0,1118041.0,2840.0,Adreno 660,1,samsung,120.0,8.0,2.84,1.8,2.163,3.0,50.0,0.0,0.0,0.0,0.0,13.0,2.3499999999999996,1,0,401.1,0,0
411,leitz phone 1,6.6,2,1,256.0,12.0,5000.0,1118041.0,2840.0,Adreno 660,1,leitz,240.0,8.0,2.84,1.8,2.163,1.0,20.0,1.9,0.0,0.0,0.0,2.6,2.3,1,0,399.35,0,0
412,redmi k60 pro,6.66,2,1,128.0,8.0,5000.0,1752044.0,3200.0,Adreno 740,1,nubia,120.0,8.0,3.2,2.0,2.55,3.0,54.0,1.9,0.0,0.0,1.0,16.0,2.2,1,0,526.9,1,0
413,oppo find x8 pro,6.78,2,0,512.0,16.0,5910.0,2825187.0,3620.0,Mali-G925  MP12,1,oppo,120.0,8.0,3.62,2.4,2.89,3.0,50.0,0.0,0.0,1.0,1.0,32.0,2.4,2,1,412.8,0,0
414,huawei p60 art,6.67,2,1,512.0,12.0,5100.0,1411891.0,3200.0,Adreno 730,1,huawei,120.0,8.0,3.2,2.0,2.431,3.0,48.0,1.4,1.0,1.0,1.0,13.0,2.4,1,0,394.6,1,0
415,vivo y02s 3g,6.51,1,0,32.0,3.0,5000.0,199111.0,2300.0,PowerVR GE8320,1,vivo,60.0,8.0,2.3,1.8,2.05,1.0,8.0,0.0,0.0,0.0,0.0,5.0,2.2,2,4,269.5,1,0
416,xiaomi poco m7,6.79,0,1,128.0,6.0,5000.0,419670.0,1850.0,PowerVR GT7600,1,xiaomi,120.0,2.0,1.85,1.85,1.85,3.0,50.0,1.7,0.0,0.0,1.0,16.0,2.2,6,4,345.45000000000005,0,0
417,google pixel 6,6.4,2,1,128.0,8.0,4614.0,1019946.0,2800.0,Mali-G78 MP20,1,google,90.0,8.0,2.8,1.8,2.163,2.0,50.0,1.9,0.0,0.0,1.0,8.0,2.0,6,1,411.2,2,1
418,honor x8a,6.7,1,1,128.0,8.0,4500.0,353817.0,2000.0,Mali-G52 MP2,1,honor,90.0,8.0,2.0,1.8,1.85,2.0,5.0,1.9,0.0,0.0,1.0,16.0,2.5,2,1,389.5,1,0
419,vivo x90 pro,6.78,2,1,256.0,8.0,4870.0,1755232.0,3050.0,Mali-G715  MP11,1,vivo,120.0,8.0,3.05,1.8,2.35,3.0,50.0,1.6,0.0,1.0,1.0,32.0,2.5,2,1,412.8,1,0
420,xiaomi 17,6.3,2,1,512.0,12.0,7000.0,3932243.0,4610.0,Adreno 840,1,xiaomi,120.0,8.0,4.61,3.63,3.875,3.0,50.0,1.7,0.0,1.0,1.0,50.0,2.2,1,0,458.1,2,0
421,xiaomi redmi note 13 turbo,6.73,2,0,512.0,12.0,5255.0,708890.0,2600.0,Mali-G77 MP9,1,xiaomi,120.0,8.0,2.6,2.0,2.3,3.0,64.0,0.0,0.0,0.0,0.0,32.0,2.2,2,1,521.4,0,0
422,realme gt6 pro,6.67,0,1,256.0,8.0,5000.0,419670.0,1850.0,PowerVR GT7600,1,realme,120.0,2.0,1.85,1.85,1.85,3.0,50.0,1.7,0.0,0.0,1.0,16.0,2.2,6,4,394.6,0,0
423,oppo find x7,6.67,0,0,256.0,8.0,5000.0,419670.0,1850.0,PowerVR GT7600,1,oppo,120.0,2.0,1.85,1.85,1.85,3.0,50.0,1.7,0.0,0.0,1.0,16.0,2.2,6,4,394.6,0,0
424,tecno spark 50 pro,6.58,0,0,128.0,4.0,5000.0,419670.0,1850.0,PowerVR GT7600,1,tecno,90.0,2.0,1.85,1.85,1.85,3.0,50.0,1.7,0.0,0.0,1.0,16.0,2.2,6,4,401.1,0,0
425,xiaomi mi 10 ultra,6.66,2,1,256.0,12.0,4500.0,964589.0,2840.0,Adreno 650,1,xiaomi,120.0,8.0,2.84,1.8,2.163,3.0,48.0,1.9,1.0,1.0,1.0,20.0,2.3,1,0,387.0,1,0
426,vivo iqoo 10 pro,6.78,2,1,256.0,8.0,4700.0,1411891.0,3200.0,Adreno 730,1,vivo,120.0,8.0,3.2,2.0,2.431,3.0,50.0,1.9,0.0,1.0,1.0,16.0,2.5,1,0,517.6,1,0
427,google pixel 9 pro xl,6.8,2,1,128.0,16.0,5060.0,1499601.0,3100.0,Mali-G715 MP7,1,google,120.0,8.0,3.1,1.92,2.323,3.0,50.0,1.68,0.0,1.0,1.0,42.0,2.2,6,1,403.2,2,1
428,realme c75x -,6.67,0,0,128.0,8.0,5000.0,419670.0,1850.0,PowerVR GT7600,1,realme,120.0,2.0,1.85,1.85,1.85,3.0,50.0,1.7,0.0,0.0,1.0,16.0,2.2,6,4,394.6,0,0
429,iqoo 11,6.78,2,1,128.0,8.0,5000.0,1752044.0,3200.0,Adreno 740,1,iqoo,144.0,8.0,3.2,2.0,2.55,3.0,50.0,1.9,0.0,1.0,1.0,16.0,2.5,1,0,506.8,1,0
430,red magic 7s pro,6.8,2,1,256.0,12.0,5000.0,1411891.0,3200.0,Adreno 730,1,nubia,120.0,8.0,3.2,2.0,2.431,3.0,64.0,1.8,0.0,0.0,1.0,16.0,2.4,1,0,387.0,1,0
431,samsung galaxy a75,6.4,2,0,128.0,6.0,6000.0,1118041.0,2840.0,Adreno 660,1,samsung,90.0,8.0,2.84,1.8,2.163,4.0,108.0,0.0,0.0,0.0,0.0,32.0,2.3499999999999996,1,0,411.2,0,0
432,xiaomi poco f7,6.67,0,0,256.0,8.0,5000.0,419670.0,1850.0,PowerVR GT7600,1,xiaomi,120.0,2.0,1.85,1.85,1.85,3.0,50.0,1.7,0.0,0.0,1.0,16.0,2.2,6,4,394.6,0,0
433,vivo x90,6.78,2,1,128.0,8.0,4810.0,1755232.0,3050.0,Mali-G715  MP11,1,vivo,120.0,8.0,3.05,1.8,2.35,3.0,50.0,1.8,0.0,1.0,1.0,32.0,2.5,2,1,412.8,1,0
434,google pixel fold,7.6,2,1,256.0,12.0,4821.0,1158921.0,2850.0,Mali-G710 MP7,1,google,120.0,8.0,2.85,1.8,2.2,3.0,48.0,1.7,1.0,1.0,1.0,9.5,2.0,6,1,372.6,2,1
435,xiaomi poco f5 pro,6.66,2,1,64.0,6.0,4520.0,1005598.0,3200.0,Adreno 650,1,xiaomi,120.0,8.0,3.2,1.8,2.208,3.0,48.0,1.8,0.0,0.0,1.0,20.0,2.5,1,0,395.2,0,0
437,oppo reno9 pro,6.75,2,1,128.0,12.0,4600.0,1208784.0,2995.0,Adreno 660,1,oppo,120.0,8.0,2.995,1.8,2.182,4.0,64.0,1.9,0.0,1.0,1.0,13.0,2.4,1,0,391.0,0,0
438,vivo iqoo 10,6.78,2,1,128.0,8.0,4700.0,1411891.0,3200.0,Adreno 730,1,vivo,120.0,8.0,3.2,2.0,2.431,3.0,50.0,1.9,0.0,1.0,1.0,16.0,2.5,1,0,388.2,1,0
440,oppo a2m,6.56,1,0,256.0,12.0,5000.0,527185.0,2200.0,Mali-G57 MP2,1,oppo,90.0,8.0,2.2,2.0,2.05,1.0,13.0,2.2,0.0,0.0,0.0,5.0,2.2,2,1,269.1,0,0
443,oppo find n2,7.0,2,1,256.0,12.0,4520.0,1411891.0,3200.0,Adreno 730,1,oppo,120.0,8.0,3.2,2.0,2.431,3.0,50.0,1.8,0.0,1.0,1.0,32.0,2.4,1,0,485.7,1,0
444,motorola razr 40 ultra,6.9,2,1,256.0,8.0,3800.0,1411891.0,3200.0,Adreno 730,1,motorola,165.0,8.0,3.2,2.0,2.431,2.0,13.0,1.5,0.0,0.0,1.0,32.0,2.4,1,0,457.6,2,1
445,realme gt neo 6,6.71,2,1,128.0,12.0,5000.0,1752044.0,3200.0,Adreno 740,1,realme,120.0,8.0,3.2,2.0,2.55,3.0,50.0,0.0,0.0,0.0,0.0,16.0,2.2,1,0,268.3,0,0
446,google pixel 5,6.0,2,1,128.0,8.0,4080.0,597153.0,2400.0,Adreno 620,1,google,90.0,8.0,2.4,1.8,1.925,2.0,16.0,1.7,0.0,0.0,1.0,8.0,2.0,1,0,429.5,2,1
447,samsung galaxy m16,6.5,0,0,128.0,6.0,7000.0,1042710.0,2900.0,Mali-G78 MP14,1,samsung,90.0,8.0,2.91,2.2,2.518,4.0,48.0,0.0,0.0,0.0,0.0,8.0,2.0,3,1,269.9,1,0
449,vivo y56,6.58,1,0,128.0,8.0,5000.0,515647.0,2200.0,Mali-G57 MP2,1,vivo,120.0,8.0,2.2,2.0,2.05,2.0,50.0,1.8,0.0,0.0,1.0,16.0,2.0,2,1,401.1,1,0
450,oppo find x8 ultra,6.67,0,0,256.0,8.0,5000.0,419670.0,1850.0,PowerVR GT7600,1,oppo,120.0,2.0,1.85,1.85,1.85,3.0,50.0,1.7,0.0,0.0,1.0,16.0,2.2,6,4,394.6,0,0
451,samsung a56 -,6.73,0,0,256.0,12.0,5000.0,419670.0,1850.0,PowerVR GT7600,1,samsung,120.0,2.0,1.85,1.85,1.85,3.0,50.0,1.7,0.0,0.0,1.0,16.0,2.2,6,4,521.4,0,0
452,xiaomi mix alpha,7.9,2,1,512.0,12.0,4050.0,859084.0,2960.0,Adreno 640,1,xiaomi,120.0,8.0,2.96,1.8,2.178,3.0,108.0,0.0,0.0,0.0,0.0,24.0,2.1500000000000004,1,0,381.8,1,0
453,samsung galaxy a74,6.7,2,0,256.0,12.0,5000.0,1005598.0,3200.0,Adreno 650,1,samsung,120.0,8.0,3.2,1.8,2.208,4.0,108.0,0.0,0.0,0.0,0.0,44.0,2.5,1,0,392.8,1,0
454,honor x9,6.81,1,1,128.0,8.0,4800.0,592489.0,2200.0,Adreno 619,1,honor,120.0,8.0,2.2,1.8,1.9,3.0,48.0,0.0,0.0,0.0,0.0,16.0,2.2,1,0,384.9,1,0
456,vivo iqoo z9x,6.72,1,0,128.0,8.0,6000.0,733620.0,2200.0,Adreno 710,1,vivo,120.0,8.0,2.2,1.8,2.0,2.0,50.0,0.0,0.0,0.0,0.0,8.0,2.225,1,0,391.6,0,0
457,honor magic v flip 2,6.82,2,1,1024.0,16.0,5200.0,2341391.0,3300.0,Adreno 750,1,honor,120.0,8.0,3.3,2.27,2.901,2.0,200.0,1.9,0.0,0.0,1.0,50.0,2.0,1,0,510.3,2,1
458,oneplus ace 2 pro,6.74,2,1,256.0,16.0,5000.0,1752044.0,3200.0,Adreno 740,1,oneplus,120.0,8.0,3.2,2.0,2.55,3.0,50.0,0.0,0.0,0.0,1.0,16.0,2.2,1,0,420.5,0,0
459,samsung galaxy a16,6.7,2,0,256.0,8.0,5000.0,532738.0,2400.0,Mali-G57 MP2,1,samsung,90.0,8.0,2.4,2.0,2.1,2.0,50.0,1.8,0.0,0.0,0.0,13.0,2.0,2,1,384.7,0,0
460,realme c75 -,6.67,0,0,128.0,8.0,5000.0,419670.0,1850.0,PowerVR GT7600,1,realme,120.0,2.0,1.85,1.85,1.85,3.0,50.0,1.7,0.0,0.0,1.0,16.0,2.2,6,4,394.6,0,0
462,vivo y01,6.51,1,0,32.0,2.0,5000.0,419670.0,1850.0,PowerVR GT7600,1,vivo,120.0,2.0,1.85,1.85,1.85,3.0,50.0,1.7,0.0,0.0,1.0,16.0,2.2,6,4,269.5,1,0
463,vivo iqoo 9 pro,6.78,2,1,256.0,8.0,4700.0,1294632.0,3000.0,Adreno 730,1,vivo,120.0,8.0,3.0,1.8,2.212,3.0,50.0,1.8,1.0,1.0,1.0,16.0,2.5,1,0,517.6,1,0
464,realme gt3,6.74,2,1,128.0,8.0,4600.0,1411891.0,3200.0,Adreno 730,1,realme,144.0,8.0,3.2,2.0,2.431,3.0,50.0,1.9,0.0,0.0,1.0,16.0,2.5,1,0,450.5,1,0
465,oppo a58,6.56,0,0,256.0,8.0,5000.0,515647.0,2200.0,Mali-G57 MP2,1,oppo,90.0,8.0,2.2,2.0,2.05,2.0,50.0,0.0,0.0,0.0,0.0,8.0,2.1,2,1,269.1,0,0
466,oppo a97,6.56,1,0,256.0,8.0,5000.0,419670.0,1850.0,PowerVR GT7600,1,oppo,90.0,2.0,1.85,1.85,1.85,3.0,50.0,1.7,0.0,0.0,1.0,16.0,2.2,6,4,402.9,1,0
467,huawei nova 11i,6.8,1,0,128.0,8.0,5000.0,415362.0,2400.0,Adreno 610,1,huawei,90.0,8.0,2.4,1.9,2.15,2.0,48.0,1.8,0.0,0.0,0.0,16.0,2.2,1,0,385.4,1,0
468,xiaomi 17t pro,6.83,2,0,1024.0,12.0,7000.0,3508681.0,4210.0,Mali-G1 Ultra MP12,1,xiaomi,144.0,8.0,4.21,2.7,3.189,3.0,50.0,1.67,1.0,1.0,1.0,32.0,2.2,2,1,447.0,0,0
469,realme 10 pro plus,6.7,2,1,64.0,6.0,5000.0,722902.0,2600.0,Mali-G68 MP4,1,realme,120.0,8.0,2.6,2.0,2.15,3.0,108.0,2.4,0.0,0.0,1.0,16.0,2.4,2,1,392.8,1,0
470,honor 200 lite,6.7,2,1,256.0,8.0,4500.0,581315.0,2400.0,Mali-G57 MP2,1,honor,90.0,8.0,2.4,2.0,2.1,3.0,108.0,0.0,0.0,0.0,1.0,50.0,2.2,2,1,394.4,0,0
471,vivo x90 pro plus,6.78,2,1,256.0,12.0,4700.0,1752044.0,3200.0,Adreno 740,1,vivo,120.0,8.0,3.2,2.0,2.55,3.0,64.0,1.6,1.0,1.0,1.0,32.0,2.5,1,0,517.6,1,0
472,vivo y66,5.5,1,0,32.0,3.0,3000.0,419670.0,1850.0,PowerVR GT7600,1,vivo,60.0,2.0,1.85,1.85,1.85,3.0,50.0,1.7,0.0,0.0,1.0,16.0,2.2,6,4,267.0,0,0
474,nubia neo 5 max,6.67,0,0,256.0,8.0,5000.0,419670.0,1850.0,PowerVR GT7600,1,nubia,120.0,2.0,1.85,1.85,1.85,3.0,50.0,1.7,0.0,0.0,1.0,16.0,2.2,6,4,394.6,0,0
475,honor x7,6.74,1,0,128.0,4.0,5000.0,415362.0,2400.0,Adreno 610,1,honor,90.0,8.0,2.4,1.9,2.15,4.0,48.0,0.0,0.0,0.0,1.0,8.0,2.2,1,0,261.9,1,0
476,vivo x note,7.0,2,1,256.0,8.0,5000.0,1294632.0,3000.0,Adreno 730,1,vivo,120.0,8.0,3.0,1.8,2.212,4.0,50.0,1.6,1.0,1.0,1.0,16.0,2.5,1,0,485.7,1,0
477,meizu 20 pro,6.81,2,1,128.0,12.0,5000.0,1752044.0,3200.0,Adreno 740,1,meizu,120.0,8.0,3.2,2.0,2.55,3.0,50.0,1.9,0.0,1.0,1.0,32.0,2.5,1,0,515.3,1,0
480,google pixel 3 xl,6.3,2,1,64.0,4.0,3430.0,570119.0,2800.0,Adreno 630,1,google,90.0,8.0,2.8,1.8,2.3,1.0,2.0,1.8,1.0,0.0,1.0,8.0,1.8,1,0,522.5,2,1
482,google pixel 3,5.5,2,1,64.0,4.0,2915.0,570119.0,2800.0,Adreno 630,1,google,90.0,8.0,2.8,1.8,2.3,1.0,2.0,1.8,1.0,0.0,1.0,8.0,1.8,1,0,439.1,2,1
483,zenfone 10,6.3,2,1,256.0,16.0,5000.0,1752044.0,3200.0,Adreno 740,1,asus,120.0,8.0,3.2,2.0,2.55,1.0,200.0,0.0,1.0,0.0,0.0,16.0,2.2,1,0,458.1,0,0
484,oppo k10x,6.59,1,0,128.0,6.0,5000.0,592489.0,2200.0,Adreno 619,1,oppo,144.0,8.0,2.2,1.8,1.9,3.0,64.0,1.8,0.0,0.0,1.0,16.0,2.0,1,0,401.0,1,0
485,nothing phone 3a pro,6.77,2,1,256.0,8.0,5000.0,1038717.0,2500.0,Adreno 810,1,nothing,120.0,8.0,2.5,1.8,2.112,3.0,50.0,1.88,0.0,0.0,0.0,50.0,2.2,1,0,387.7,2,0
486,samsung galaxy s24fe,6.7,2,1,256.0,8.0,4700.0,1971406.0,3110.0,Samsung Xclipse 940,1,samsung,120.0,10.0,3.11,1.95,2.451,2.0,8.0,1.8,0.0,1.0,0.0,10.0,2.4,3,3,384.7,2,1
487,iqoo neo 7 pro,6.78,2,0,256.0,8.0,5000.0,1411891.0,3200.0,Adreno 730,1,iqoo,120.0,8.0,3.2,2.0,2.431,3.0,50.0,0.0,0.0,0.0,1.0,16.0,2.4,1,0,412.8,0,0
488,huawei mate 50e,6.7,2,1,256.0,8.0,4460.0,780000.0,2400.0,Adreno 642,1,huawei,90.0,8.0,2.4,1.8,2.1,2.0,50.0,1.4,0.0,0.0,1.0,13.0,2.4,1,0,392.8,1,0
489,realme gt neo 5 se,6.74,2,1,256.0,8.0,5500.0,1285461.0,2910.0,Adreno 725,1,realme,144.0,8.0,2.91,1.8,2.198,3.0,64.0,1.8,0.0,0.0,1.0,16.0,2.5,1,0,450.5,1,0
490,tecno pova curve 2,6.78,2,1,256.0,8.0,8000.0,768176.0,2400.0,Mali-G610 MP2,0,tecno,144.0,8.0,2.4,2.0,2.2,2.0,50.0,0.0,0.0,0.0,0.0,13.0,2.2,2,1,412.8,0,0
491,xiaomi poco f4 gt,6.66,2,1,128.0,8.0,4700.0,1294632.0,3000.0,Adreno 730,1,xiaomi,120.0,8.0,3.0,1.8,2.212,3.0,64.0,1.9,0.0,0.0,1.0,20.0,2.4,1,0,395.2,1,0
493,realme narzo 50i prime,6.5,1,0,32.0,3.0,5000.0,341088.0,1800.0,Mali-G57 MP1,1,realme,60.0,8.0,1.8,1.8,1.8,1.0,8.0,2.0,0.0,0.0,1.0,5.0,2.2,6,1,269.9,1,0
494,xiaomi redmi note 14 pro,6.67,0,0,128.0,8.0,5000.0,419670.0,1850.0,PowerVR GT7600,1,xiaomi,120.0,2.0,1.85,1.85,1.85,3.0,50.0,1.7,0.0,0.0,1.0,16.0,2.2,6,4,394.6,0,0
495,xiaomi civi 1s,6.55,2,1,128.0,8.0,4500.0,800145.0,2500.0,Adreno 642,1,xiaomi,120.0,8.0,2.5,1.8,2.112,3.0,64.0,1.8,0.0,0.0,1.0,32.0,2.0,1,0,401.8,1,0
496,huawei enjoy 60x,6.95,1,1,128.0,8.0,7000.0,415362.0,2400.0,Adreno 610,1,huawei,90.0,8.0,2.4,1.9,2.15,2.0,50.0,2.4,0.0,0.0,1.0,8.0,2.0,1,0,375.5,1,0
497,google pixel 9 pro fold,8.0,2,1,128.0,16.0,4650.0,1499601.0,3100.0,Mali-G715 MP7,1,google,120.0,8.0,3.1,1.92,2.323,3.0,48.0,1.7,1.0,1.0,1.0,10.0,2.2,6,1,330.3,2,1
498,vivo x100 pro,6.78,2,1,256.0,12.0,5400.0,2415558.0,3250.0,Mali-G720  MP12,1,vivo,120.0,8.0,3.25,2.0,2.475,3.0,50.0,1.8,1.0,1.0,1.0,32.0,2.0,2,1,412.8,1,0
499,realme v30t,6.5,1,0,128.0,8.0,5000.0,515647.0,2200.0,Mali-G57 MP2,1,realme,120.0,8.0,2.2,2.0,2.05,2.0,13.0,0.0,0.0,0.0,0.0,5.0,2.1,2,1,400.7,0,0
500,oppo reno 11 a,6.73,0,0,256.0,12.0,5000.0,419670.0,1850.0,PowerVR GT7600,1,oppo,120.0,2.0,1.85,1.85,1.85,3.0,50.0,1.7,0.0,0.0,1.0,16.0,2.2,6,4,521.4,0,0
501,xiaomi mi 10t,6.66,1,1,128.0,6.0,5000.0,964589.0,2840.0,Adreno 650,1,xiaomi,144.0,8.0,2.84,1.8,2.163,3.0,64.0,1.9,0.0,0.0,1.0,20.0,2.2,1,0,395.2,1,0
502,xiaomi redmi note 14,6.67,0,0,128.0,8.0,5000.0,419670.0,1850.0,PowerVR GT7600,1,xiaomi,120.0,2.0,1.85,1.85,1.85,3.0,50.0,1.7,0.0,0.0,1.0,16.0,2.2,6,4,394.6,0,0
503,google pixel 6 pro,6.7,0,1,128.0,12.0,5003.0,1019946.0,2800.0,Mali-G78 MP20,1,google,120.0,8.0,2.8,1.8,2.163,3.0,50.0,1.9,1.0,1.0,1.0,1.1,2.2,6,1,512.9,2,1
504,zte nubia z50 ultra,6.8,2,1,256.0,8.0,5000.0,1752044.0,3200.0,Adreno 740,1,zte,120.0,8.0,3.2,2.0,2.55,3.0,64.0,1.6,0.0,1.0,1.0,50.0,2.0,1,0,399.9,1,0
506,samsung w22,7.6,2,1,256.0,12.0,4400.0,1118041.0,2840.0,Adreno 660,1,samsung,120.0,8.0,2.84,1.8,2.163,3.0,12.0,1.812,0.0,0.0,0.0,10.0,2.2,1,0,372.6,1,0
509,oppo a2x,6.56,1,0,128.0,6.0,5000.0,527185.0,2200.0,Mali-G57 MP2,1,oppo,90.0,8.0,2.2,2.0,2.05,1.0,13.0,2.2,0.0,0.0,0.0,5.0,2.2,2,1,269.1,1,0
510,honor 600,6.57,0,0,256.0,8.0,9000.0,419670.0,1850.0,PowerVR GT7600,1,honor,120.0,2.0,1.85,1.85,1.85,3.0,50.0,1.7,0.0,0.0,1.0,16.0,2.2,6,4,396.7,0,0
511,honor 90 pro,6.78,2,1,256.0,12.0,5000.0,1411891.0,3200.0,Adreno 730,1,honor,120.0,8.0,3.2,2.0,2.431,3.0,200.0,1.9,1.0,0.0,1.0,50.0,2.4,1,0,412.8,1,0
512,google pixel 6a,6.1,2,1,128.0,6.0,4410.0,1019946.0,2800.0,Mali-G78 MP20,1,google,120.0,8.0,2.8,1.8,2.163,2.0,12.0,1.7,0.0,0.0,1.0,8.0,2.0,6,1,431.4,2,1
513,oppo a2,6.72,1,0,256.0,12.0,5000.0,527185.0,2200.0,Mali-G57 MP2,1,oppo,90.0,8.0,2.2,2.0,2.05,2.0,50.0,1.8,0.0,0.0,0.0,8.0,2.0,2,1,391.6,1,0
514,honor magic 2,6.39,2,1,128.0,8.0,3500.0,739763.0,2600.0,Mali-G76 MP10,1,honor,120.0,8.0,2.6,1.8,2.03,3.0,24.0,1.8,0.0,0.0,0.0,16.0,2.0,4,1,403.3,1,0
515,realme narzo 50,6.6,1,0,64.0,4.0,5000.0,493222.0,2050.0,Mali-G57 MP2,1,realme,120.0,8.0,2.05,2.0,2.013,3.0,50.0,1.8,0.0,0.0,1.0,16.0,2.1,2,1,400.4,1,0
516,nokia x30,6.5,0,1,64.0,4.0,5850.0,251428.0,1800.0,Adreno 610,1,nokia,90.0,8.0,1.8,1.8,1.8,4.0,48.0,0.0,0.0,0.0,0.0,16.0,2.0,1,0,400.7,0,0
517,huawei nova 10 se,6.66,2,1,256.0,8.0,4500.0,780000.0,2400.0,Adreno 642,1,huawei,90.0,8.0,2.4,1.8,2.1,3.0,108.0,0.0,0.0,0.0,0.0,16.0,2.2,1,0,395.2,1,0
518,samsung a06 -,6.58,0,0,64.0,4.0,5000.0,419670.0,1850.0,PowerVR GT7600,1,samsung,90.0,2.0,1.85,1.85,1.85,3.0,50.0,1.7,0.0,0.0,1.0,16.0,2.2,6,4,401.1,0,0
519,motorola moto g73,6.5,1,1,256.0,8.0,5000.0,593307.0,2200.0,IMG BXM-8-256,1,motorola,120.0,8.0,2.2,2.0,2.05,2.0,50.0,1.8,0.0,0.0,1.0,16.0,2.4,2,4,404.9,1,0
520,samsung a06 -,6.58,0,0,64.0,4.0,5000.0,419670.0,1850.0,PowerVR GT7600,1,samsung,90.0,2.0,1.85,1.85,1.85,3.0,50.0,1.7,0.0,0.0,1.0,16.0,2.2,6,4,401.1,0,0
522,honor 80 gt,6.66,2,1,256.0,12.0,4800.0,1411891.0,3200.0,Adreno 730,1,honor,120.0,8.0,3.2,2.0,2.431,3.0,54.0,1.9,0.0,0.0,1.0,16.0,2.4,1,0,395.2,1,0
523,vivo v27,6.78,2,1,128.0,8.0,4600.0,419670.0,1850.0,PowerVR GT7600,1,vivo,120.0,2.0,1.85,1.85,1.85,3.0,50.0,1.7,0.0,0.0,1.0,16.0,2.2,6,4,388.2,1,0
524,oppo a1 pro,6.7,2,1,128.0,6.0,5000.0,592489.0,2200.0,Adreno 619,1,oppo,120.0,8.0,2.2,1.8,1.9,2.0,108.0,2.4,0.0,0.0,1.0,16.0,2.2,1,0,392.8,1,0
525,honor x6,6.5,1,1,128.0,4.0,5000.0,419670.0,1850.0,PowerVR GT7600,1,honor,90.0,2.0,1.85,1.85,1.85,3.0,50.0,1.7,0.0,0.0,1.0,16.0,2.2,6,4,269.9,1,0
527,nubia red magic 10,6.67,0,0,256.0,8.0,5000.0,419670.0,1850.0,PowerVR GT7600,1,nubia,120.0,2.0,1.85,1.85,1.85,3.0,50.0,1.7,0.0,0.0,1.0,16.0,2.2,6,4,394.6,0,0
529,vivo v7,5.7,1,0,32.0,4.0,3000.0,176718.0,1800.0,Adreno 506,1,vivo,90.0,8.0,1.8,1.8,1.8,1.0,16.0,2.0,0.0,0.0,0.0,24.0,2.0,1,0,282.5,1,0
531,google pixel 2,5.0,2,1,64.0,4.0,2700.0,438016.0,2450.0,Adreno 540,1,google,90.0,8.0,2.45,1.9,2.175,1.0,2.0,1.8,1.0,0.0,1.0,8.0,2.4,1,0,440.6,2,1
533,realme v20,6.5,0,0,128.0,4.0,5000.0,515647.0,2200.0,Mali-G57 MP2,1,realme,90.0,8.0,2.2,2.0,2.05,1.0,13.0,0.0,0.0,0.0,0.0,5.0,2.1,2,1,269.9,0,0
534,vivo y36,6.64,1,0,256.0,8.0,5000.0,415362.0,2400.0,Adreno 610,1,vivo,90.0,8.0,2.4,1.9,2.15,2.0,50.0,1.8,0.0,0.0,0.0,16.0,2.45,1,0,394.7,1,0
535,infinix note 30 pro,6.78,2,1,256.0,8.0,5000.0,547830.0,2200.0,Mali-G57 MP2,1,infinix,120.0,8.0,2.2,2.0,2.05,2.0,108.0,2.4,0.0,0.0,1.0,16.0,2.0,2,1,396.3,1,0
536,nothing phone 1,6.55,2,1,128.0,8.0,4500.0,800145.0,2500.0,Adreno 642,1,nothing,120.0,8.0,2.5,1.8,2.112,2.0,50.0,0.0,0.0,0.0,0.0,16.0,2.0,1,0,401.8,0,0
537,xiaomi redmi k70e,6.67,2,1,128.0,8.0,5500.0,1609292.0,3350.0,Mali-G615 MP6,1,xiaomi,120.0,8.0,3.35,2.2,2.719,3.0,50.0,2.4,0.0,0.0,1.0,20.0,2.2,2,1,526.1,1,0
538,vivo nex 3,6.89,2,1,256.0,8.0,4500.0,859084.0,2960.0,Adreno 640,1,vivo,120.0,8.0,2.96,1.8,2.178,3.0,64.0,1.8,0.0,1.0,1.0,16.0,2.1,1,0,363.0,1,0
539,tecno pova curve 2,6.78,2,1,128.0,8.0,8000.0,768176.0,2400.0,Mali-G610 MP2,0,tecno,144.0,8.0,2.4,2.0,2.2,2.0,50.0,0.0,0.0,0.0,0.0,13.0,2.2,2,1,412.8,0,0
540,xiaomi 15t pro,6.73,0,0,256.0,12.0,5000.0,419670.0,1850.0,PowerVR GT7600,1,xiaomi,144.0,2.0,1.85,1.85,1.85,3.0,50.0,1.7,0.0,0.0,1.0,16.0,2.2,6,4,521.4,0,0
541,oppo a1x,6.56,1,0,128.0,6.0,5000.0,515647.0,2200.0,Mali-G57 MP2,1,oppo,90.0,8.0,2.2,2.0,2.05,2.0,13.0,2.2,0.0,0.0,1.0,8.0,2.2,2,1,269.1,1,0
543,nubia redmagic 8s pro transparent,6.8,2,1,512.0,16.0,6000.0,1752044.0,3200.0,Adreno 740,1,nubia,120.0,8.0,3.2,2.0,2.55,3.0,50.0,1.88,0.0,0.0,0.0,16.0,2.2,1,0,399.9,1,0
544,honor x9b,6.78,2,1,256.0,12.0,5800.0,733620.0,2200.0,Adreno 710,1,honor,120.0,8.0,2.2,1.8,2.0,3.0,8.0,1.75,0.0,0.0,1.0,6.0,2.45,1,0,429.3,1,0
545,oppo k10 pro,6.62,2,1,128.0,8.0,5000.0,1118041.0,2840.0,Adreno 660,1,oppo,120.0,8.0,2.84,1.8,2.163,3.0,50.0,1.8,0.0,0.0,1.0,16.0,2.5,1,0,397.6,1,0
546,xiaomi redmi note 12r pro,6.67,2,0,256.0,12.0,5000.0,521686.0,2000.0,Adreno 619,1,xiaomi,120.0,8.0,2.0,1.8,1.85,2.0,48.0,2.4,0.0,0.0,1.0,8.0,2.0,1,0,394.6,1,0
547,google pixel 5a,6.6,2,1,128.0,6.0,4680.0,597153.0,2400.0,Adreno 620,1,google,120.0,8.0,2.4,1.8,1.925,2.0,16.0,1.0,0.0,0.0,1.0,8.0,2.0,1,0,399.35,2,1
548,huawei nova 10,6.66,2,1,128.0,8.0,4000.0,780000.0,2400.0,Adreno 642,1,huawei,120.0,8.0,2.4,1.8,2.1,3.0,50.0,1.9,0.0,0.0,1.0,60.0,2.4,1,0,395.2,1,0
549,xiaomi redmi note 13r pro,6.67,2,0,256.0,12.0,5000.0,581315.0,2400.0,Mali-G57 MP2,1,xiaomi,120.0,8.0,2.4,2.0,2.1,2.0,108.0,1.7,0.0,0.0,1.0,16.0,2.2,2,1,394.6,1,0
550,xiaomi redmi note 13,6.67,2,0,256.0,12.0,5000.0,461236.0,2800.0,Adreno 610,1,xiaomi,120.0,8.0,2.8,1.9,2.35,2.0,108.0,0.0,0.0,0.0,0.0,16.0,2.2,1,0,392.9,0,0
551,realme 11x,6.72,1,0,128.0,6.0,5000.0,513180.0,2200.0,Mali-G57 MP2,1,realme,120.0,8.0,2.2,2.0,2.05,2.0,100.0,0.0,0.0,0.0,0.0,16.0,2.2,2,1,391.6,0,0
552,vivo y52,6.58,1,1,128.0,4.0,5000.0,515647.0,2200.0,Mali-G57 MP2,1,vivo,90.0,8.0,2.2,2.0,2.05,3.0,48.0,1.792,0.0,0.0,0.0,8.0,2.0,2,1,401.1,1,0
553,vivo iqoo neo 8 pro,6.78,2,1,256.0,8.0,4500.0,1208784.0,2995.0,Adreno 660,1,vivo,120.0,8.0,2.995,1.8,2.182,3.0,50.0,1.8,1.0,1.0,1.0,16.0,2.4,1,0,517.6,1,0
555,asus rog phone 7 pro,6.6,0,1,128.0,8.0,5000.0,1752044.0,3200.0,Adreno 740,1,asus,120.0,8.0,3.2,2.0,2.55,3.0,50.0,1.8,0.0,1.0,1.0,16.0,2.2,1,0,399.35,0,0
556,realme 12 pro,6.7,1,1,128.0,16.0,5000.0,1285461.0,2910.0,Adreno 725,1,realme,144.0,8.0,2.91,1.8,2.198,3.0,108.0,0.0,0.0,0.0,0.0,32.0,2.5,1,0,392.8,0,0
557,oppo find x7 ultra,6.67,0,0,256.0,8.0,5000.0,419670.0,1850.0,PowerVR GT7600,1,oppo,120.0,2.0,1.85,1.85,1.85,3.0,50.0,1.7,0.0,0.0,1.0,16.0,2.2,6,4,394.6,0,0
558,vivo s19,6.78,2,1,256.0,8.0,6000.0,1020938.0,2630.0,Adreno 720,1,vivo,120.0,8.0,2.63,1.8,2.129,2.0,50.0,0.0,0.0,0.0,1.0,5.0,2.0,1,0,412.8,0,0
559,xiaomi 14 ultra,6.73,2,1,512.0,12.0,5300.0,2341391.0,3300.0,Adreno 750,1,xiaomi,120.0,8.0,3.3,2.27,2.901,4.0,50.0,1.8,0.0,1.0,1.0,32.0,2.0,1,0,521.4,1,0
560,oneplus ace 2v,6.74,2,1,256.0,12.0,5000.0,1411891.0,3200.0,Adreno 730,1,oneplus,120.0,8.0,3.2,2.0,2.431,3.0,50.0,1.8,0.0,0.0,1.0,16.0,2.4,1,0,450.5,1,0
561,huawei nova 12 pro,6.78,2,1,256.0,8.0,4900.0,1062256.0,2620.0,Maleoon 910,1,huawei,120.0,8.0,2.62,1.53,1.899,3.0,50.0,1.9,0.0,1.0,1.0,60.0,2.2,4,6,429.3,1,0
562,blackview n6000,6.4,0,1,256.0,8.0,3880.0,547830.0,2200.0,Mali-G57 MP2,1,xiaomi,120.0,8.0,2.2,2.0,2.05,2.0,48.0,0.0,0.0,0.0,0.0,13.0,2.5,2,1,84.4,0,0
563,xiaomi redmi note 14 pro plus,6.73,0,0,512.0,12.0,5000.0,419670.0,1850.0,PowerVR GT7600,1,xiaomi,120.0,2.0,1.85,1.85,1.85,3.0,50.0,1.7,0.0,0.0,1.0,16.0,2.2,6,4,521.4,0,0
564,vivo v30 pro,6.78,2,1,512.0,12.0,5000.0,1206715.0,3100.0,Mali-G610 MP6,1,vivo,120.0,8.0,3.1,2.0,2.513,3.0,50.0,1.85,1.0,0.0,1.0,50.0,2.0,2,1,452.9,1,0
565,xperia 5 v,6.1,2,1,256.0,8.0,5000.0,1752044.0,3200.0,Adreno 740,1,sony,120.0,8.0,3.2,2.0,2.55,2.0,48.0,1.9,0.0,0.0,1.0,12.0,2.0,1,0,449.5,1,0
566,samsung galaxy z flip 5,6.7,2,1,512.0,8.0,4200.0,1752044.0,3200.0,Adreno 740,1,samsung,144.0,8.0,3.2,2.0,2.55,2.0,12.0,0.0,0.0,0.0,1.0,10.0,2.2,1,0,392.8,0,0
567,google pixel 4a,5.8,2,1,128.0,6.0,3140.0,506661.0,2200.0,Adreno 618,1,google,120.0,8.0,2.2,1.8,1.9,1.0,2.0,1.0,1.0,0.0,1.0,8.0,2.0,1,0,444.3,2,1
568,tecno pova 7 neo,6.67,0,0,256.0,8.0,5000.0,419670.0,1850.0,PowerVR GT7600,1,tecno,120.0,2.0,1.85,1.85,1.85,3.0,50.0,1.7,0.0,0.0,1.0,16.0,2.2,6,4,394.6,0,0
569,honor 80 pro,7.9,2,1,256.0,12.0,5000.0,1294632.0,3000.0,Adreno 730,1,honor,120.0,8.0,3.0,1.8,2.212,1.0,200.0,0.0,0.0,0.0,0.0,20.0,2.4,1,0,381.8,0,0
571,motorola edge plus,6.7,2,1,256.0,12.0,5000.0,964589.0,2840.0,Adreno 650,1,motorola,90.0,8.0,2.84,1.8,2.163,3.0,108.0,1.8,0.0,1.0,1.0,25.0,2.0,1,0,384.7,1,0
572,motorola edge 40,6.55,2,1,128.0,8.0,4400.0,969978.0,2600.0,Mali-G77 MP9,1,motorola,144.0,8.0,2.6,2.0,2.3,3.0,50.0,1.4,0.0,0.0,1.0,32.0,2.4,2,1,401.8,1,0
573,sony xperia 5 iv,6.1,2,1,128.0,8.0,5000.0,1294632.0,3000.0,Adreno 730,1,sony,120.0,8.0,3.0,1.8,2.212,3.0,12.0,1.7,0.0,1.0,1.0,12.0,2.0,1,0,457.3,1,0
576,tecno spark 10c,6.6,0,0,128.0,16.0,5000.0,1798756.0,3350.0,Mali-G715  MP11,1,tecno,90.0,8.0,3.35,2.0,2.544,1.0,16.0,0.0,0.0,0.0,0.0,8.0,2.0,2,1,267.5,0,0
577,oneplus open,6.3,2,1,256.0,16.0,4805.0,1752044.0,3200.0,Adreno 740,1,oneplus,120.0,8.0,3.2,2.0,2.55,3.0,64.0,0.0,0.0,1.0,1.0,32.0,2.2,1,0,458.1,0,0
578,infinix hot 50 pro,6.78,2,0,256.0,8.0,5000.0,570469.0,2200.0,Mali-G57 MP2,1,infinix,120.0,8.0,2.2,2.0,2.05,1.0,50.0,0.0,0.0,0.0,0.0,8.0,2.4,2,1,412.8,0,0
580,huawei pocket s,6.9,2,1,128.0,8.0,4000.0,780000.0,2400.0,Adreno 642,1,huawei,120.0,8.0,2.4,1.8,2.1,2.0,40.0,1.8,0.0,0.0,1.0,7.0,2.2,1,0,457.6,1,0
581,vivo y200 pro,6.78,2,0,128.0,8.0,5000.0,592489.0,2200.0,Adreno 619,1,vivo,120.0,8.0,2.2,1.8,1.9,2.0,64.0,0.0,0.0,0.0,0.0,16.0,2.2,1,0,412.8,0,0
582,oppo phf110,6.72,1,0,128.0,8.0,5000.0,592489.0,2200.0,Adreno 619,1,oppo,120.0,8.0,2.2,1.8,1.9,2.0,108.0,0.0,0.0,0.0,0.0,16.0,2.2,1,0,391.6,0,0
583,vivo x80 pro plus,6.78,2,1,256.0,8.0,4700.0,1294632.0,3000.0,Adreno 730,1,vivo,120.0,8.0,3.0,1.8,2.212,4.0,50.0,1.3,0.0,1.0,1.0,44.0,2.4,1,0,517.6,1,0
584,vivo iqoo neo 8,6.78,2,1,256.0,12.0,5000.0,1411891.0,3200.0,Adreno 730,1,vivo,144.0,8.0,3.2,2.0,2.431,2.0,50.0,1.88,0.0,0.0,1.0,16.0,2.45,1,0,412.8,1,0
585,vivo y100i,6.64,1,0,512.0,12.0,5000.0,527185.0,2200.0,Mali-G57 MP2,1,vivo,120.0,8.0,2.2,2.0,2.05,2.0,50.0,1.8,0.0,0.0,1.0,8.0,2.0,2,1,394.7,1,0
586,redmi k60 ultra,6.7,2,1,128.0,8.0,4700.0,1294632.0,3000.0,Adreno 730,1,nubia,120.0,8.0,3.0,1.8,2.212,3.0,108.0,0.0,0.0,0.0,1.0,32.0,2.4,1,0,450.2,0,0
588,realme gt 5 pro,6.74,2,1,256.0,8.0,4700.0,2341391.0,3300.0,Adreno 750,1,realme,144.0,8.0,3.3,2.27,2.901,3.0,200.0,0.0,0.0,0.0,0.0,32.0,2.0,1,0,450.5,0,0
589,vivo y95,6.22,1,0,64.0,4.0,4030.0,193115.0,2000.0,Adreno 505,1,vivo,90.0,8.0,2.0,1.45,1.725,2.0,13.0,2.2,0.0,0.0,0.0,20.0,2.0,1,0,270.4,1,0
590,samsung a06 -,6.6,0,0,128.0,6.0,5000.0,419670.0,1850.0,PowerVR GT7600,1,samsung,120.0,2.0,1.85,1.85,1.85,3.0,50.0,1.7,0.0,0.0,1.0,16.0,2.2,6,4,399.35,0,0
591,honor 90,6.7,2,1,256.0,12.0,5000.0,829085.0,2400.0,Adreno 644,1,honor,120.0,8.0,2.4,1.8,2.085,3.0,200.0,1.9,0.0,0.0,1.0,50.0,2.4,1,0,392.8,1,0
592,oneplus 12,6.7,2,1,256.0,12.0,5000.0,2341391.0,3300.0,Adreno 750,1,oneplus,120.0,8.0,3.3,2.27,2.901,3.0,64.0,0.0,0.0,1.0,1.0,32.0,2.0,1,0,392.8,0,0
593,oneplus nord ce 4 lite,6.67,0,1,256.0,8.0,5000.0,419670.0,1850.0,PowerVR GT7600,1,oneplus,120.0,2.0,1.85,1.85,1.85,3.0,50.0,1.7,0.0,0.0,1.0,16.0,2.2,6,4,394.6,1,0
594,motorola edge 40 pro,6.67,2,1,256.0,12.0,4600.0,1752044.0,3200.0,Adreno 740,1,motorola,165.0,8.0,3.2,2.0,2.55,3.0,50.0,1.6,0.0,1.0,1.0,60.0,2.2,1,0,394.6,1,0
595,oppo k11,6.7,2,1,256.0,8.0,4870.0,806420.0,2700.0,Adreno 642,1,oppo,120.0,8.0,2.7,1.8,2.138,3.0,50.0,0.0,0.0,0.0,0.0,16.0,2.2,1,0,392.8,0,0
597,oppo a2 pro,6.7,2,1,256.0,8.0,5000.0,802497.0,2600.0,Mali-G68 MP4,1,oppo,120.0,8.0,2.6,2.0,2.15,2.0,64.0,1.7,0.0,0.0,0.0,8.0,2.0,2,1,394.4,1,0
599,samsung a26 -,6.67,0,0,256.0,8.0,5000.0,419670.0,1850.0,PowerVR GT7600,1,samsung,120.0,2.0,1.85,1.85,1.85,3.0,50.0,1.7,0.0,0.0,1.0,16.0,2.2,6,4,394.6,0,0
600,google pixel 4 xl,6.3,2,1,64.0,6.0,3700.0,820253.0,2840.0,Adreno 640,1,google,90.0,8.0,2.84,1.8,2.163,2.0,16.0,1.7,1.0,1.0,1.0,8.0,2.0,1,0,533.9,2,1
601,realme gt neo 6,6.73,0,1,128.0,12.0,5000.0,419670.0,1850.0,PowerVR GT7600,1,realme,120.0,2.0,1.85,1.85,1.85,3.0,50.0,1.7,0.0,0.0,1.0,16.0,2.2,6,4,521.4,0,0
603,xiaomi 15t,6.73,0,0,256.0,12.0,5000.0,419670.0,1850.0,PowerVR GT7600,1,xiaomi,120.0,2.0,1.85,1.85,1.85,3.0,50.0,1.7,0.0,0.0,1.0,16.0,2.2,6,4,521.4,0,0
604,vivo s17,6.78,2,1,256.0,8.0,4600.0,800145.0,2500.0,Adreno 642,1,vivo,120.0,8.0,2.5,1.8,2.112,2.0,50.0,1.88,0.0,0.0,1.0,50.0,2.0,1,0,412.8,1,0
605,vivo y71,6.22,1,0,16.0,3.0,3360.0,180934.0,1400.0,Adreno 308,1,vivo,60.0,4.0,1.4,1.4,1.4,1.0,13.0,0.0,0.0,0.0,0.0,5.0,2.2,1,0,258.8,1,0
606,honor magic v3,7.0,2,0,512.0,12.0,5150.0,3336910.0,4320.0,Adreno 830,1,honor,120.0,8.0,4.32,3.53,3.728,3.0,50.0,0.0,0.0,1.0,1.0,16.0,2.0,1,0,485.7,0,0
607,vivo y27s,6.64,1,0,256.0,8.0,5000.0,419670.0,1850.0,PowerVR GT7600,1,vivo,90.0,2.0,1.85,1.85,1.85,3.0,50.0,1.7,0.0,0.0,1.0,16.0,2.2,6,4,394.7,1,0
608,vivo s19 pro,6.78,2,1,256.0,8.0,5000.0,1798756.0,3350.0,Mali-G715  MP11,1,vivo,120.0,8.0,3.35,2.0,2.544,3.0,50.0,0.0,1.0,1.0,0.0,50.0,2.0,2,1,412.8,0,0
609,vivo iqoo z7x,6.64,1,1,128.0,8.0,6000.0,592489.0,2200.0,Adreno 619,1,vivo,120.0,8.0,2.2,1.8,1.9,2.0,50.0,1.8,0.0,0.0,1.0,8.0,2.0,1,0,394.7,1,0
611,vivo v29,6.7,2,1,256.0,12.0,5000.0,800145.0,2500.0,Adreno 642,1,vivo,120.0,8.0,2.5,1.8,2.112,1.0,64.0,0.0,0.0,0.0,0.0,50.0,2.0,1,0,392.8,0,0
612,samsung galaxy c55,6.7,2,1,128.0,8.0,5000.0,829085.0,2400.0,Adreno 644,1,samsung,120.0,8.0,2.4,1.8,2.085,3.0,50.0,1.8,0.0,1.0,1.0,50.0,2.4,1,0,392.8,0,0
614,vivo x100,6.7,2,1,256.0,12.0,5000.0,1411891.0,3200.0,Adreno 730,1,vivo,144.0,8.0,3.2,2.0,2.431,3.0,50.0,0.0,0.0,0.0,0.0,32.0,2.4,1,0,392.8,0,0
615,lenovo legion y70,6.66,2,1,128.0,8.0,5100.0,1411891.0,3200.0,Adreno 730,1,lenovo,144.0,8.0,3.2,2.0,2.431,3.0,50.0,2.4,0.0,0.0,1.0,16.0,2.4,1,0,395.2,1,0
616,vivo x100,6.7,2,1,256.0,12.0,5000.0,1411891.0,3200.0,Adreno 730,1,vivo,144.0,8.0,3.2,2.0,2.431,3.0,50.0,0.0,0.0,0.0,0.0,32.0,2.4,1,0,392.8,0,0
617,honor x50i,6.7,1,0,128.0,8.0,4500.0,527185.0,2200.0,Mali-G57 MP2,1,honor,90.0,8.0,2.2,2.0,2.05,2.0,108.0,0.0,0.0,0.0,0.0,8.0,2.0,2,1,391.2,0,0
618,oneplus nord ce2,6.43,2,1,128.0,6.0,4500.0,671241.0,2400.0,Mali-G68 MP4,1,oneplus,90.0,8.0,2.4,2.0,2.1,3.0,64.0,1.8,0.0,0.0,1.0,16.0,2.4,2,1,409.3,1,0
619,infinix zero,6.78,1,0,256.0,8.0,5000.0,722902.0,2600.0,Mali-G68 MP4,1,infinix,120.0,8.0,2.6,2.0,2.15,2.0,50.0,0.0,0.0,0.0,0.0,16.0,2.2,2,1,396.3,1,0
621,xiaomi redmi note 14 pro,6.73,0,0,512.0,12.0,5000.0,419670.0,1850.0,PowerVR GT7600,1,xiaomi,120.0,2.0,1.85,1.85,1.85,3.0,50.0,1.7,0.0,0.0,1.0,16.0,2.2,6,4,521.4,0,0
622,oppo a1,6.72,1,0,256.0,8.0,5000.0,592489.0,2200.0,Adreno 619,1,oppo,120.0,8.0,2.2,1.8,1.9,2.0,50.0,1.8,0.0,0.0,1.0,8.0,2.0,1,0,391.6,1,0
623,vivo iqoo z6,6.58,1,0,128.0,4.0,5000.0,592489.0,2200.0,Adreno 619,1,vivo,120.0,8.0,2.2,1.8,1.9,3.0,50.0,1.8,0.0,0.0,1.0,16.0,2.0,1,0,401.1,1,0
624,realme 12 pro plus,6.7,2,1,128.0,8.0,5000.0,1411891.0,3200.0,Adreno 730,1,realme,120.0,8.0,3.2,2.0,2.431,3.0,108.0,0.0,0.0,0.0,0.0,32.0,2.4,1,0,392.8,0,0
628,samsung galaxy a06,6.7,1,0,64.0,4.0,5000.0,349222.0,2000.0,Mali-G52 MP2,1,samsung,60.0,8.0,2.0,1.8,1.85,2.0,50.0,0.0,0.0,0.0,0.0,8.0,2.0,2,1,261.9,2,0
629,oppo reno9 z,6.5,2,0,128.0,8.0,5000.0,780000.0,2400.0,Adreno 642,1,oppo,90.0,8.0,2.4,1.8,2.1,4.0,64.0,0.0,0.0,0.0,0.0,32.0,2.2,1,0,400.7,0,0
630,vivo y200i,6.72,1,0,512.0,12.0,6000.0,572954.0,2200.0,Adreno 613,1,vivo,120.0,8.0,2.2,2.0,2.05,2.0,50.0,0.0,0.0,0.0,0.0,8.0,2.2,1,0,391.6,0,0
631,blackview a95,6.5,1,0,128.0,8.0,5000.0,303398.0,2100.0,Mali-G72 MP3,1,xiaomi,60.0,8.0,2.1,2.0,2.05,1.0,20.0,0.0,0.0,0.0,0.0,8.0,2.2,2,1,400.7,0,0
632,vivo t3x,6.72,1,0,256.0,8.0,6000.0,733620.0,2200.0,Adreno 710,1,vivo,120.0,8.0,2.2,1.8,2.0,2.0,50.0,1.82,0.0,0.0,0.0,8.0,2.225,1,0,391.6,0,0
633,oneplus v fold,6.76,2,1,256.0,16.0,4800.0,1752044.0,3200.0,Adreno 740,1,oneplus,120.0,8.0,3.2,2.0,2.55,3.0,64.0,2.2,0.0,0.0,1.0,32.0,2.4,1,0,399.35,1,0
634,oneplus ace 3 pro,6.67,0,1,256.0,8.0,5000.0,419670.0,1850.0,PowerVR GT7600,1,oneplus,120.0,2.0,1.85,1.85,1.85,3.0,50.0,1.7,0.0,0.0,1.0,16.0,2.2,6,4,394.6,0,0
635,oppo reno12 f -,6.7,2,1,256.0,12.0,5000.0,532738.0,2400.0,Mali-G57 MP2,1,oppo,120.0,8.0,2.4,2.0,2.1,3.0,50.0,0.0,0.0,0.0,1.0,32.0,2.0,2,1,392.8,0,0
636,samsung a36 -,6.73,0,0,256.0,12.0,5000.0,419670.0,1850.0,PowerVR GT7600,1,samsung,120.0,2.0,1.85,1.85,1.85,3.0,50.0,1.7,0.0,0.0,1.0,16.0,2.2,6,4,521.4,0,0
637,xiaomi redmi note 14 pro,6.67,0,0,256.0,8.0,5000.0,419670.0,1850.0,PowerVR GT7600,1,xiaomi,120.0,2.0,1.85,1.85,1.85,3.0,50.0,1.7,0.0,0.0,1.0,16.0,2.2,6,4,394.6,0,0
638,vivo y200 gt,6.78,2,1,128.0,8.0,6000.0,1020938.0,2630.0,Adreno 720,1,vivo,144.0,8.0,2.63,1.8,2.129,2.0,50.0,0.0,0.0,0.0,0.0,16.0,2.0,1,0,412.8,0,0
639,poco f6,6.67,0,1,256.0,8.0,5000.0,419670.0,1850.0,PowerVR GT7600,1,poco,120.0,2.0,1.85,1.85,1.85,3.0,50.0,1.7,0.0,0.0,1.0,16.0,2.2,6,4,394.6,0,0
640,huawei nova 10 pro,6.78,2,1,128.0,8.0,4500.0,780000.0,2400.0,Adreno 642,1,huawei,120.0,8.0,2.4,1.8,2.1,3.0,50.0,1.8,0.0,0.0,1.0,60.0,2.2,1,0,412.8,1,0
642,honor x5 plus,6.56,1,1,64.0,4.0,5200.0,195539.0,2200.0,PowerVR GE8320,1,honor,90.0,8.0,2.2,1.8,2.0,8.0,50.0,1.8,0.0,0.0,0.0,5.0,2.2,2,4,269.1,1,0
643,oneplus v fold,6.76,2,1,256.0,16.0,4800.0,1752044.0,3200.0,Adreno 740,1,oneplus,120.0,8.0,3.2,2.0,2.55,3.0,64.0,2.2,0.0,0.0,1.0,32.0,2.4,1,0,399.35,1,0
644,oneplus ace 3 pro,6.67,0,1,256.0,8.0,5000.0,419670.0,1850.0,PowerVR GT7600,1,oneplus,120.0,2.0,1.85,1.85,1.85,3.0,50.0,1.7,0.0,0.0,1.0,16.0,2.2,6,4,394.6,0,0
646,infinix zero 30,6.78,2,1,256.0,8.0,5000.0,969978.0,2600.0,Mali-G77 MP9,1,infinix,144.0,8.0,2.6,2.0,2.3,3.0,108.0,1.7,0.0,0.0,1.0,50.0,2.5,2,1,388.2,1,0
648,vivo y22,6.44,1,0,64.0,4.0,5000.0,419670.0,1850.0,PowerVR GT7600,1,vivo,90.0,2.0,1.85,1.85,1.85,3.0,50.0,1.7,0.0,0.0,1.0,16.0,2.2,6,4,272.4,0,0
649,xiaomi redmi a4,6.71,0,0,128.0,4.0,5000.0,419670.0,1850.0,PowerVR GT7600,1,xiaomi,120.0,2.0,1.85,1.85,1.85,3.0,50.0,1.7,0.0,0.0,1.0,16.0,2.2,6,4,268.3,1,0
652,huawei p50 pocket s,6.66,0,1,256.0,8.0,5000.0,780000.0,2400.0,Adreno 642,1,huawei,120.0,8.0,2.4,1.8,2.1,3.0,50.0,1.8,0.0,0.0,1.0,16.0,2.2,1,0,395.2,0,0
653,oppo a98,6.6,2,0,128.0,8.0,5000.0,780000.0,2400.0,Adreno 642,1,oppo,120.0,8.0,2.4,1.8,2.1,2.0,48.0,0.0,0.0,0.0,0.0,16.0,2.2,1,0,399.35,0,0
656,xiaomi redmi 11 prime,6.58,1,0,64.0,4.0,5000.0,515647.0,2200.0,Mali-G57 MP2,1,xiaomi,90.0,8.0,2.2,2.0,2.05,2.0,50.0,1.8,0.0,0.0,0.0,8.0,2.2,2,1,401.1,1,0
657,oppo reno9 pro plus,6.7,2,1,128.0,12.0,4500.0,1409448.0,3050.0,Mali-G710 MP10,1,oppo,120.0,8.0,3.05,1.8,2.35,3.0,50.0,1.8,0.0,1.0,1.0,32.0,2.4,2,1,392.8,0,0
658,xiaomi civi 3,6.55,2,1,256.0,12.0,4500.0,1206715.0,3100.0,Mali-G610 MP6,1,xiaomi,120.0,8.0,3.1,2.0,2.513,3.0,50.0,1.77,0.0,0.0,1.0,32.0,2.0,2,1,401.8,1,0
659,realme c67,6.72,1,0,256.0,8.0,5000.0,461236.0,2800.0,Adreno 610,1,realme,90.0,8.0,2.8,1.9,2.35,2.0,108.0,1.82,0.0,0.0,0.0,8.0,2.05,1,0,391.6,1,0
660,xiaomi redmi note 13,6.67,2,0,128.0,8.0,5000.0,581315.0,2400.0,Mali-G57 MP2,1,xiaomi,120.0,8.0,2.4,2.0,2.1,2.0,108.0,0.0,0.0,0.0,0.0,16.0,2.2,2,1,394.6,0,0
661,vivo s17e,6.78,2,1,128.0,8.0,4600.0,971424.0,2800.0,-,1,vivo,120.0,8.0,2.8,2.0,2.2,2.0,64.0,1.79,0.0,0.0,1.0,16.0,2.45,2,7,388.2,1,0
662,realme c55,6.67,0,0,128.0,8.0,5000.0,419670.0,1850.0,PowerVR GT7600,1,realme,90.0,2.0,1.85,1.85,1.85,3.0,50.0,1.7,0.0,0.0,1.0,16.0,2.2,6,4,394.6,0,0
663,tcl 50se,6.78,0,1,256.0,6.0,5010.0,353817.0,2000.0,Mali-G52 MP2,1,tcl,90.0,8.0,2.0,1.8,1.85,2.0,50.0,1.8,0.0,0.0,0.0,8.0,2.35,2,1,396.3,1,0
665,vivo y77e,6.58,1,0,128.0,6.0,5000.0,569913.0,2400.0,Mali-G57 MP2,1,vivo,120.0,8.0,2.4,2.0,2.1,2.0,13.0,2.2,0.0,0.0,1.0,8.0,2.0,2,1,401.1,1,0
666,huawei nova 9 se,6.78,1,1,128.0,8.0,4000.0,415362.0,2400.0,Adreno 610,1,huawei,90.0,8.0,2.4,1.9,2.15,4.0,108.0,1.9,0.0,0.0,1.0,16.0,2.2,1,0,386.6,1,0
667,xiaomi redmi note 13s,6.6,2,0,128.0,6.0,5000.0,980006.0,3000.0,Mali-G77 MP9,1,xiaomi,120.0,8.0,3.0,2.0,2.35,2.0,50.0,0.0,0.0,0.0,0.0,13.0,2.2,2,1,399.35,0,0
668,samsung galaxy f54,6.7,2,1,128.0,8.0,6000.0,765609.0,2400.0,Mali-G68 MP5,1,samsung,120.0,8.0,2.4,2.0,2.2,3.0,108.0,1.8,0.0,0.0,1.0,32.0,2.2,3,1,392.8,1,0
669,vivo iqoo 11s,6.78,2,1,256.0,8.0,5000.0,2415558.0,3250.0,Mali-G720  MP12,1,vivo,144.0,8.0,3.25,2.0,2.475,3.0,50.0,1.8,1.0,1.0,1.0,32.0,2.0,2,1,517.6,0,0
671,xiaomii 14 lite,6.67,2,1,512.0,12.0,4600.0,1118041.0,2840.0,Adreno 660,1,xiaomi,144.0,8.0,2.84,1.8,2.163,4.0,64.0,0.0,0.0,0.0,0.0,32.0,2.3499999999999996,1,0,394.6,0,0
672,tecno camon 20 pro,6.67,2,1,256.0,8.0,5000.0,1028453.0,3000.0,Mali-G77 MP9,1,tecno,120.0,8.0,3.0,2.0,2.35,3.0,64.0,1.7,0.0,0.0,1.0,32.0,2.5,2,1,394.6,1,0
674,xiaomi redmi note 13s,6.6,2,0,128.0,6.0,5000.0,980006.0,3000.0,Mali-G77 MP9,1,xiaomi,120.0,8.0,3.0,2.0,2.35,2.0,50.0,0.0,0.0,0.0,0.0,13.0,2.2,2,1,399.35,0,0
675,samsung galaxy f54,6.7,2,1,128.0,8.0,6000.0,765609.0,2400.0,Mali-G68 MP5,1,samsung,120.0,8.0,2.4,2.0,2.2,3.0,108.0,1.8,0.0,0.0,1.0,32.0,2.2,3,1,392.8,1,0
676,vivo iqoo 11s,6.78,2,1,256.0,8.0,5000.0,2415558.0,3250.0,Mali-G720  MP12,1,vivo,144.0,8.0,3.25,2.0,2.475,3.0,50.0,1.8,1.0,1.0,1.0,32.0,2.0,2,1,517.6,0,0
677,tecno pova 8,6.58,0,0,256.0,4.0,5000.0,419670.0,1850.0,PowerVR GT7600,1,tecno,90.0,2.0,1.85,1.85,1.85,3.0,50.0,1.7,0.0,0.0,1.0,16.0,2.2,6,4,401.1,0,0
678,xiaomi poco c51,6.52,0,0,32.0,3.0,5000.0,195539.0,2200.0,PowerVR GE8320,1,xiaomi,60.0,8.0,2.2,1.8,2.0,1.0,8.0,0.0,0.0,0.0,0.0,5.0,2.2,2,4,269.1,0,0
680,vivo x fold 3,6.82,2,1,256.0,16.0,4900.0,2341391.0,3300.0,Adreno 750,1,vivo,120.0,8.0,3.3,2.27,2.901,3.0,50.0,0.0,0.0,0.0,0.0,16.0,2.0,1,0,510.3,0,0
682,samsung galaxy f13,6.6,1,0,64.0,4.0,4500.0,231906.0,2000.0,Mali-G52 MP1,1,samsung,90.0,8.0,2.0,2.0,2.0,3.0,50.0,1.8,0.0,0.0,1.0,8.0,2.2,3,1,399.9,1,0
683,honor 70 lite,6.5,1,1,128.0,4.0,5000.0,477542.0,2200.0,Adreno 619,1,honor,60.0,8.0,2.2,1.8,1.9,3.0,50.0,1.8,0.0,0.0,0.0,8.0,2.0,1,0,269.9,1,0
684,honor magic v,7.9,2,1,256.0,12.0,4750.0,1294632.0,3000.0,Adreno 730,1,honor,90.0,8.0,3.0,1.8,2.212,3.0,50.0,1.9,0.0,0.0,1.0,42.0,2.4,1,0,381.8,1,0
685,honor 80,7.9,0,1,256.0,12.0,5000.0,1294632.0,3000.0,Adreno 730,1,honor,120.0,8.0,3.0,1.8,2.212,1.0,200.0,0.0,0.0,0.0,0.0,20.0,2.4,1,0,381.8,0,0
689,vivo y22t,6.55,1,0,64.0,4.0,5000.0,349222.0,2000.0,Mali-G52 MP2,1,vivo,90.0,8.0,2.0,1.8,1.85,2.0,50.0,0.0,0.0,0.0,0.0,8.0,2.0,2,1,401.8,0,0
690,xiaomi 14 pro,6.73,2,1,256.0,12.0,4880.0,2341391.0,3300.0,Adreno 750,1,xiaomi,120.0,8.0,3.3,2.27,2.901,3.0,50.0,1.4,1.0,1.0,1.0,32.0,2.0,1,0,521.4,2,1
691,tcl 505,6.75,0,1,128.0,4.0,5010.0,353817.0,2000.0,Mali-G52 MP2,1,tcl,90.0,8.0,2.0,1.8,1.85,2.0,50.0,1.8,0.0,0.0,0.0,5.0,2.2,2,1,259.9,1,0
693,vivo iqoo z7,6.38,2,0,128.0,6.0,4500.0,750481.0,2500.0,Mali-G68 MP4,1,vivo,90.0,8.0,2.5,2.0,2.125,2.0,64.0,2.4,0.0,0.0,1.0,16.0,2.0,2,1,412.5,1,0
694,vivo y78,6.67,1,1,128.0,8.0,5000.0,639509.0,2200.0,IMG BXM-8-256,1,vivo,120.0,8.0,2.2,2.0,2.05,2.0,50.0,1.8,0.0,0.0,1.0,8.0,2.0,2,4,392.9,1,0
696,oneplus nord ce 2 lite,6.58,1,1,128.0,6.0,5000.0,592489.0,2200.0,Adreno 619,1,oneplus,120.0,8.0,2.2,1.8,1.9,3.0,64.0,1.8,0.0,0.0,0.0,16.0,2.5,1,0,400.0,1,0
698,tecno spark 30 -,6.6,0,0,128.0,6.0,5000.0,419670.0,1850.0,PowerVR GT7600,1,tecno,120.0,2.0,1.85,1.85,1.85,3.0,50.0,1.7,0.0,0.0,1.0,16.0,2.2,6,4,399.35,0,0
699,tecno camon 20 premier,6.0,2,1,512.0,8.0,5000.0,980006.0,3000.0,Mali-G77 MP9,1,tecno,120.0,8.0,3.0,2.0,2.35,2.0,108.0,0.0,0.0,0.0,1.0,16.0,2.2,2,1,429.5,0,0
700,honor 90 lite,6.7,0,1,256.0,8.0,4500.0,527185.0,2200.0,Mali-G57 MP2,1,honor,90.0,8.0,2.2,2.0,2.05,4.0,100.0,1.9,0.0,0.0,1.0,16.0,2.45,2,1,391.2,1,0
702,honor x50i,6.7,0,0,128.0,6.0,4500.0,419670.0,1850.0,PowerVR GT7600,1,honor,90.0,2.0,1.85,1.85,1.85,3.0,50.0,1.7,0.0,0.0,1.0,16.0,2.2,6,4,394.4,0,0
704,honor 600,6.57,0,0,256.0,12.0,9000.0,419670.0,1850.0,PowerVR GT7600,1,honor,120.0,2.0,1.85,1.85,1.85,3.0,50.0,1.7,0.0,0.0,1.0,16.0,2.2,6,4,396.7,0,0
705,google pixel 2 xl,6.0,2,1,64.0,4.0,3520.0,438016.0,2450.0,Adreno 540,1,google,90.0,8.0,2.45,1.9,2.175,1.0,2.0,1.8,1.0,0.0,1.0,8.0,2.4,1,0,536.7,2,1
706,doogee v30t,6.58,1,1,256.0,12.0,10800.0,722902.0,2600.0,Mali-G68 MP4,1,doogee,120.0,8.0,2.6,2.0,2.15,3.0,108.0,1.8,0.0,0.0,1.0,32.0,1.8,2,1,401.1,1,0
707,lenovo thinkphone,6.6,2,1,128.0,8.0,5000.0,1411891.0,3200.0,Adreno 730,1,lenovo,120.0,8.0,3.2,2.0,2.431,2.0,50.0,1.8,0.0,0.0,1.0,32.0,2.4,1,0,398.8,0,0
708,samsung galaxy a14,6.6,1,1,128.0,6.0,5000.0,310388.0,2000.0,Mali-G52 MP2,1,samsung,60.0,8.0,2.0,1.8,1.85,2.0,50.0,0.0,0.0,0.0,0.0,13.0,2.2,2,1,399.9,0,0
710,oppo f27 pro plus,6.73,0,1,256.0,12.0,5000.0,419670.0,1850.0,PowerVR GT7600,1,oppo,120.0,2.0,1.85,1.85,1.85,3.0,50.0,1.7,0.0,0.0,1.0,16.0,2.2,6,4,521.4,0,0
711,honor x50i,6.7,0,0,128.0,6.0,4500.0,419670.0,1850.0,PowerVR GT7600,1,honor,90.0,2.0,1.85,1.85,1.85,3.0,50.0,1.7,0.0,0.0,1.0,16.0,2.2,6,4,394.4,0,0
713,oneplus nord ce 2 lite,6.58,1,1,128.0,6.0,5000.0,592489.0,2200.0,Adreno 619,1,oneplus,120.0,8.0,2.2,1.8,1.9,3.0,64.0,1.8,0.0,0.0,0.0,16.0,2.5,1,0,400.0,1,0
715,xiaomi poco c55,6.71,1,0,64.0,4.0,5000.0,349222.0,2000.0,Mali-G52 MP2,1,xiaomi,60.0,8.0,2.0,1.8,1.85,1.0,50.0,0.0,0.0,0.0,0.0,5.0,2.0,2,1,268.3,1,0
716,tecno camon 40s,6.67,0,0,256.0,8.0,5000.0,419670.0,1850.0,PowerVR GT7600,1,tecno,120.0,2.0,1.85,1.85,1.85,3.0,50.0,1.7,0.0,0.0,1.0,16.0,2.2,6,4,394.6,0,0
717,honor play 40c,6.6,0,0,128.0,6.0,5200.0,477542.0,2200.0,Adreno 619,1,honor,90.0,8.0,2.2,1.8,1.9,1.0,13.0,0.0,0.0,0.0,0.0,5.0,2.0,1,0,267.5,0,0
718,honor play 7t pro,6.7,1,0,128.0,8.0,4000.0,527185.0,2200.0,Mali-G57 MP2,1,honor,90.0,8.0,2.2,2.0,2.05,2.0,50.0,1.8,0.0,0.0,1.0,8.0,2.0,2,1,391.2,1,0
719,honor 80 pro plus,7.9,2,0,256.0,12.0,5000.0,1294632.0,3000.0,Adreno 730,1,honor,120.0,8.0,3.0,1.8,2.212,1.0,200.0,0.0,0.0,0.0,0.0,20.0,2.4,1,0,381.8,0,0
722,vivo iqoo 9t,6.78,2,1,128.0,8.0,4700.0,1411891.0,3200.0,Adreno 730,1,vivo,120.0,8.0,3.2,2.0,2.431,3.0,50.0,1.8,0.0,1.0,1.0,16.0,2.5,1,0,388.2,1,0
723,vivo x fold plus,8.3,2,0,256.0,12.0,4730.0,1411891.0,3200.0,Adreno 730,1,vivo,120.0,8.0,3.2,2.0,2.431,4.0,50.0,0.0,0.0,1.0,1.0,16.0,2.4,1,0,399.35,0,0
724,redmi 11a,6.53,1,0,64.0,4.0,6000.0,200794.0,2300.0,PowerVR GE8320,1,nubia,90.0,8.0,2.3,1.8,2.05,4.0,48.0,2.2,0.0,0.0,1.0,13.0,2.2,2,4,394.7,0,0
726,htc u23 pro,6.7,2,1,256.0,12.0,5000.0,829085.0,2400.0,Adreno 644,1,htc,120.0,8.0,2.4,1.8,2.085,3.0,50.0,1.8,0.0,0.0,1.0,50.0,2.4,1,0,392.8,0,0
727,samsung galaxy f04s,6.5,1,0,64.0,4.0,4000.0,231906.0,2000.0,Mali-G52 MP1,1,samsung,90.0,8.0,2.0,2.0,2.0,3.0,50.0,0.0,0.0,0.0,0.0,5.0,2.2,3,1,400.7,0,0
728,vivo y38,6.67,1,1,256.0,8.0,6000.0,572954.0,2200.0,Adreno 613,1,vivo,120.0,8.0,2.2,2.0,2.05,2.0,50.0,0.0,0.0,0.0,0.0,8.0,2.2,1,0,394.6,0,0
729,realme narzo n53,6.74,0,0,64.0,4.0,5000.0,419670.0,1850.0,PowerVR GT7600,1,realme,90.0,2.0,1.85,1.85,1.85,3.0,50.0,1.7,0.0,0.0,1.0,16.0,2.2,6,4,390.5,1,0
730,xiaomi redmi 14,6.88,0,0,128.0,4.0,5000.0,419670.0,1850.0,PowerVR GT7600,1,xiaomi,120.0,2.0,1.85,1.85,1.85,3.0,50.0,1.7,0.0,0.0,1.0,16.0,2.2,6,4,399.35,0,0
731,redmi 11a,6.53,1,0,64.0,4.0,6000.0,200794.0,2300.0,PowerVR GE8320,1,nubia,90.0,8.0,2.3,1.8,2.05,4.0,48.0,2.2,0.0,0.0,1.0,13.0,2.2,2,4,394.7,0,0
732,nokia t10,8.0,1,0,32.0,3.0,5250.0,330006.0,1600.0,Mali-G57 MP1,1,nokia,60.0,8.0,1.6,1.6,1.6,1.0,8.0,0.0,0.0,0.0,0.0,2.0,2.4,6,1,188.7,1,0
733,samsung galaxy f55,6.7,0,1,128.0,8.0,5000.0,829085.0,2400.0,Adreno 644,1,samsung,120.0,8.0,2.4,1.8,2.085,3.0,50.0,0.0,0.0,0.0,1.0,50.0,2.4,1,0,392.8,0,0
734,xiaomi redmi note 11se,6.43,2,0,64.0,6.0,5000.0,534895.0,2050.0,Mali-G76 MP4,1,xiaomi,90.0,8.0,2.05,2.0,2.013,4.0,64.0,1.9,0.0,0.0,1.0,13.0,2.0,2,1,409.3,1,0
735,xiaomi 14t,6.73,0,0,256.0,12.0,5000.0,419670.0,1850.0,PowerVR GT7600,1,xiaomi,144.0,2.0,1.85,1.85,1.85,3.0,50.0,1.7,0.0,0.0,1.0,16.0,2.2,6,4,521.4,0,0
736,huawei nova 11 se,6.67,2,1,256.0,8.0,4500.0,415362.0,2400.0,Adreno 610,1,huawei,90.0,8.0,2.4,1.9,2.15,3.0,108.0,1.9,0.0,0.0,0.0,32.0,2.45,1,0,394.6,1,0
737,xiaomi poco c50,6.7,1,0,64.0,4.0,5000.0,415362.0,2400.0,Adreno 610,1,xiaomi,90.0,8.0,2.4,1.9,2.15,2.0,50.0,1.8,0.0,0.0,0.0,5.0,2.2,1,0,392.8,0,0
738,oppo find x7,6.67,0,0,256.0,8.0,5000.0,419670.0,1850.0,PowerVR GT7600,1,oppo,120.0,2.0,1.85,1.85,1.85,3.0,50.0,1.7,0.0,0.0,1.0,16.0,2.2,6,4,394.6,0,0
739,vivo y18e,6.56,1,0,64.0,4.0,5000.0,349222.0,2000.0,Mali-G52 MP2,1,vivo,90.0,8.0,2.0,1.8,1.85,1.0,13.0,2.2,0.0,0.0,0.0,5.0,2.2,2,1,269.1,0,0
741,vivo x fold2,8.03,2,1,256.0,12.0,4800.0,1752044.0,3200.0,Adreno 740,1,vivo,120.0,8.0,3.2,2.0,2.55,3.0,50.0,1.8,1.0,1.0,1.0,16.0,2.5,1,0,359.6,1,0
743,nubia z40s pro,6.66,2,1,128.0,8.0,5000.0,1411891.0,3200.0,Adreno 730,1,nubia,144.0,8.0,3.2,2.0,2.431,3.0,64.0,1.6,1.0,1.0,1.0,16.0,2.5,1,0,395.2,1,0
744,tecno spark 30,6.67,0,0,128.0,8.0,5000.0,419670.0,1850.0,PowerVR GT7600,1,tecno,120.0,2.0,1.85,1.85,1.85,3.0,50.0,1.7,0.0,0.0,1.0,16.0,2.2,6,4,394.6,0,0
746,honor x6a,6.56,1,1,128.0,4.0,5200.0,195539.0,2200.0,PowerVR GE8320,1,honor,90.0,8.0,2.2,1.8,2.0,3.0,50.0,1.8,0.0,0.0,0.0,5.0,2.2,2,4,269.1,1,0
747,huawei nova 11 se,6.67,2,1,256.0,8.0,4500.0,415362.0,2400.0,Adreno 610,1,huawei,90.0,8.0,2.4,1.9,2.15,3.0,108.0,1.9,0.0,0.0,0.0,32.0,2.45,1,0,394.6,1,0
748,xiaomi poco c50,6.7,1,0,64.0,4.0,5000.0,415362.0,2400.0,Adreno 610,1,xiaomi,90.0,8.0,2.4,1.9,2.15,2.0,50.0,1.8,0.0,0.0,0.0,5.0,2.2,1,0,392.8,0,0
749,oppo find x7,6.67,0,0,256.0,8.0,5000.0,419670.0,1850.0,PowerVR GT7600,1,oppo,120.0,2.0,1.85,1.85,1.85,3.0,50.0,1.7,0.0,0.0,1.0,16.0,2.2,6,4,394.6,0,0
750,xiaomi redmi 11 pro,6.56,1,0,128.0,6.0,5000.0,515647.0,2200.0,Mali-G57 MP2,1,xiaomi,90.0,8.0,2.2,2.0,2.05,2.0,50.0,0.0,0.0,0.0,0.0,5.0,2.1,2,1,269.1,0,0
751,huawei nova 10z,6.6,1,0,128.0,8.0,4000.0,419670.0,1850.0,PowerVR GT7600,1,huawei,120.0,2.0,1.85,1.85,1.85,3.0,50.0,1.7,0.0,0.0,1.0,16.0,2.2,6,4,398.8,1,0
752,xiaomi redmi a2,6.52,1,0,32.0,3.0,5000.0,155362.0,2000.0,PowerVR GE8300,1,xiaomi,60.0,4.0,2.0,2.0,2.0,1.0,8.0,0.0,0.0,0.0,0.0,5.0,2.2,2,4,269.1,0,0
753,vivo y18e,6.56,1,0,64.0,4.0,5000.0,349222.0,2000.0,Mali-G52 MP2,1,vivo,90.0,8.0,2.0,1.8,1.85,1.0,13.0,2.2,0.0,0.0,0.0,5.0,2.2,2,1,269.1,0,0
755,vivo x fold2,8.03,2,1,256.0,12.0,4800.0,1752044.0,3200.0,Adreno 740,1,vivo,120.0,8.0,3.2,2.0,2.55,3.0,50.0,1.8,1.0,1.0,1.0,16.0,2.5,1,0,359.6,1,0
756,vivo y35 plus,6.64,0,0,512.0,16.0,4900.0,419670.0,1850.0,PowerVR GT7600,1,vivo,120.0,2.0,1.85,1.85,1.85,3.0,50.0,1.7,0.0,0.0,1.0,16.0,2.2,6,4,394.7,0,0
757,xiaomi redmi note 13 pro plus,6.67,2,1,256.0,8.0,5000.0,960142.0,2800.0,-,1,xiaomi,120.0,8.0,2.8,2.0,2.2,3.0,200.0,0.0,0.0,0.0,0.0,16.0,2.2,2,7,445.8,1,0
758,samsung galaxy f34,6.46,0,1,128.0,6.0,6000.0,605067.0,2400.0,Mali-G68 MP4,1,samsung,120.0,8.0,2.4,2.0,2.1,3.0,50.0,0.0,0.0,0.0,1.0,13.0,2.2,3,1,399.35,1,0
759,oppo k11x,6.72,1,0,128.0,8.0,5000.0,592489.0,2200.0,Adreno 619,1,oppo,120.0,8.0,2.2,1.8,1.9,2.0,108.0,1.8,0.0,0.0,1.0,16.0,2.4,1,0,391.6,1,0
761,xiaomi redmi 11 pro,6.56,1,0,128.0,6.0,5000.0,515647.0,2200.0,Mali-G57 MP2,1,xiaomi,90.0,8.0,2.2,2.0,2.05,2.0,50.0,0.0,0.0,0.0,0.0,5.0,2.1,2,1,269.1,0,0
762,samsung galaxy f34,6.46,0,1,128.0,6.0,6000.0,605067.0,2400.0,Mali-G68 MP4,1,samsung,120.0,8.0,2.4,2.0,2.1,3.0,50.0,0.0,0.0,0.0,1.0,13.0,2.2,3,1,399.35,1,0
763,xiaomi 14t,6.73,0,0,512.0,12.0,5000.0,419670.0,1850.0,PowerVR GT7600,1,xiaomi,144.0,2.0,1.85,1.85,1.85,3.0,50.0,1.7,0.0,0.0,1.0,16.0,2.2,6,4,521.4,0,0
765,tecno camon slim,6.67,0,0,128.0,8.0,5000.0,419670.0,1850.0,PowerVR GT7600,1,tecno,120.0,2.0,1.85,1.85,1.85,3.0,50.0,1.7,0.0,0.0,1.0,16.0,2.2,6,4,394.6,0,0
768,vivo x70t pro,6.44,2,0,128.0,8.0,5000.0,980006.0,3000.0,Mali-G77 MP9,1,vivo,120.0,8.0,3.0,2.0,2.35,2.0,64.0,0.0,0.0,0.0,0.0,32.0,2.2,2,1,408.7,1,0
769,vivo v40 lite,6.67,2,1,256.0,8.0,5000.0,461236.0,2800.0,Adreno 610,1,vivo,120.0,8.0,2.8,1.9,2.35,2.0,50.0,1.8,0.0,0.0,0.0,32.0,2.45,1,0,394.6,2,0
770,samsung galaxy z flip,6.67,0,0,256.0,8.0,5000.0,419670.0,1850.0,PowerVR GT7600,1,samsung,120.0,2.0,1.85,1.85,1.85,3.0,50.0,1.7,0.0,0.0,1.0,16.0,2.2,6,4,394.6,0,0
772,realme x3 pro,6.6,1,0,256.0,12.0,4200.0,859084.0,2960.0,Adreno 640,1,realme,120.0,8.0,2.96,1.8,2.178,4.0,64.0,1.8,1.0,1.0,1.0,32.0,2.2,1,0,398.8,1,0
773,xiaomi 14t pro,6.67,2,1,512.0,12.0,5000.0,2347116.0,3400.0,Mali-G720  MP12,1,xiaomi,144.0,8.0,3.4,2.0,2.494,3.0,50.0,1.0,0.0,1.0,1.0,32.0,2.0,2,1,445.8,2,0
774,realme gt 5 pro se,6.74,2,1,256.0,8.0,4700.0,2341391.0,3300.0,Adreno 750,1,realme,144.0,8.0,3.3,2.27,2.901,3.0,50.0,0.0,0.0,0.0,0.0,16.0,2.0,1,0,450.5,0,0
775,xiaomi 14,6.36,2,1,128.0,8.0,4610.0,2341391.0,3300.0,Adreno 750,1,xiaomi,120.0,8.0,3.3,2.27,2.901,3.0,50.0,1.6,1.0,1.0,1.0,32.0,2.0,1,0,460.3,2,1
776,vivo s17t,6.78,2,1,512.0,12.0,4600.0,1028453.0,3000.0,Mali-G77 MP9,1,vivo,120.0,8.0,3.0,2.0,2.35,2.0,50.0,1.9,0.0,0.0,1.0,50.0,2.0,2,1,412.8,1,0
777,oppo k9x,6.5,1,0,128.0,6.0,5000.0,569913.0,2400.0,Mali-G57 MP2,1,oppo,90.0,8.0,2.4,2.0,2.1,3.0,64.0,1.8,0.0,0.0,1.0,16.0,2.4,2,1,404.9,1,0
778,vivo y21t,5.5,0,0,128.0,6.0,5000.0,419670.0,1850.0,PowerVR GT7600,1,vivo,120.0,2.0,1.85,1.85,1.85,3.0,50.0,1.7,0.0,0.0,1.0,16.0,2.2,6,4,353.05,0,0
779,honor magic 7 pro,6.8,2,1,1024.0,16.0,5850.0,3336910.0,4320.0,Adreno 830,1,honor,120.0,8.0,4.32,3.53,3.728,3.0,200.0,1.4,0.0,1.0,1.0,50.0,2.0,1,0,452.8,2,1
783,vivo x100s,6.78,2,1,1024.0,16.0,5100.0,2347116.0,3400.0,Mali-G720  MP12,1,vivo,120.0,8.0,3.4,2.0,2.494,3.0,64.0,0.0,0.0,0.0,0.0,32.0,2.0,2,1,452.9,2,0
785,samsung galaxy m23,6.6,1,1,128.0,4.0,5000.0,419670.0,1850.0,PowerVR GT7600,1,samsung,90.0,2.0,1.85,1.85,1.85,3.0,50.0,1.7,0.0,0.0,1.0,16.0,2.2,6,4,399.9,1,0
787,realme narzo n55,6.58,0,0,64.0,4.0,5000.0,419670.0,1850.0,PowerVR GT7600,1,realme,90.0,2.0,1.85,1.85,1.85,3.0,50.0,1.7,0.0,0.0,1.0,16.0,2.2,6,4,401.1,0,0
788,realme narzo 50i,6.58,0,0,64.0,4.0,5000.0,419670.0,1850.0,PowerVR GT7600,1,realme,90.0,2.0,1.85,1.85,1.85,3.0,50.0,1.7,0.0,0.0,1.0,16.0,2.2,6,4,401.1,0,0
789,vivo x fold,8.03,2,1,256.0,12.0,4600.0,1294632.0,3000.0,Adreno 730,1,vivo,120.0,8.0,3.0,1.8,2.212,4.0,50.0,1.8,0.0,1.0,1.0,16.0,2.5,1,0,359.6,1,0
791,xiaomi mi mix fold,8.0,2,1,512.0,16.0,5020.0,1118041.0,2840.0,Adreno 660,1,xiaomi,120.0,8.0,2.84,1.8,2.163,3.0,108.0,0.0,0.0,0.0,0.0,20.0,2.3499999999999996,1,0,259.5,1,0
793,oppo f17 pro,6.4,2,0,128.0,8.0,4015.0,380202.0,2200.0,PowerVR GM9446,1,oppo,120.0,8.0,2.2,2.0,2.05,4.0,48.0,1.8,0.0,0.0,1.0,16.0,2.4,2,4,411.2,1,0
795,vivo v29 lite,6.78,2,1,128.0,8.0,5000.0,592489.0,2200.0,Adreno 619,1,vivo,120.0,8.0,2.2,1.8,1.9,3.0,64.0,1.8,0.0,0.0,1.0,16.0,2.5,1,0,388.2,1,0
796,samsung galaxy a57,6.7,2,1,256.0,12.0,5000.0,1390055.0,2900.0,Samsung Xclipse 550,1,samsung,120.0,8.0,2.9,1.95,2.394,3.0,50.0,0.0,0.0,0.0,1.0,12.0,2.2,3,3,392.8,0,0
797,samsung galaxy a57,6.7,2,1,256.0,8.0,5000.0,1390055.0,2900.0,Samsung Xclipse 550,1,samsung,120.0,8.0,2.9,1.95,2.394,3.0,50.0,0.0,0.0,0.0,1.0,12.0,2.2,3,3,392.8,0,0
798,nokia c02,5.45,1,0,32.0,2.0,3000.0,419670.0,1850.0,PowerVR GT7600,1,nokia,120.0,2.0,1.85,1.85,1.85,3.0,50.0,1.7,0.0,0.0,1.0,16.0,2.2,6,4,295.4,1,0
800,oppo k9s,6.59,1,0,128.0,4.0,5000.0,780000.0,2400.0,Adreno 642,1,oppo,90.0,8.0,2.4,1.8,2.1,3.0,64.0,1.8,0.0,0.0,1.0,16.0,2.4,1,0,460.1,1,0
801,oneplus 10 ultra,6.67,0,0,256.0,8.0,5000.0,419670.0,1850.0,PowerVR GT7600,1,oneplus,120.0,2.0,1.85,1.85,1.85,3.0,50.0,1.7,0.0,0.0,1.0,16.0,2.2,6,4,394.6,0,0
802,motorola moto e13,6.5,1,0,64.0,2.0,5000.0,330006.0,1600.0,Mali-G57 MP1,1,motorola,120.0,8.0,1.6,1.6,1.6,1.0,13.0,2.2,0.0,0.0,1.0,5.0,2.4,6,1,269.9,2,1
803,motorola rizr rollable,5.0,0,0,256.0,12.0,3000.0,1752044.0,3200.0,Adreno 740,1,motorola,120.0,8.0,3.2,2.0,2.55,3.0,50.0,1.8,0.0,1.0,1.0,16.0,2.2,1,0,526.4,0,0
804,xiaomi civi 2,6.55,2,0,128.0,8.0,4500.0,800145.0,2500.0,Adreno 642,1,xiaomi,120.0,8.0,2.5,1.8,2.112,3.0,64.0,0.0,0.0,0.0,0.0,32.0,2.0,1,0,401.8,0,0
805,oppo f23,6.72,0,0,256.0,8.0,5000.0,592489.0,2200.0,Adreno 619,1,oppo,120.0,8.0,2.2,1.8,1.9,3.0,64.0,1.7,0.0,0.0,0.0,32.0,2.4,1,0,391.6,1,0
806,realme note 9 prime,6.58,0,0,64.0,4.0,5000.0,419670.0,1850.0,PowerVR GT7600,1,realme,90.0,2.0,1.85,1.85,1.85,3.0,50.0,1.7,0.0,0.0,1.0,16.0,2.2,6,4,401.1,0,0
809,vivo x100s,6.78,2,1,1024.0,16.0,5100.0,2347116.0,3400.0,Mali-G720  MP12,1,vivo,120.0,8.0,3.4,2.0,2.494,3.0,64.0,0.0,0.0,0.0,0.0,32.0,2.0,2,1,452.9,2,0
811,samsung galaxy m23,6.6,1,1,128.0,4.0,5000.0,419670.0,1850.0,PowerVR GT7600,1,samsung,90.0,2.0,1.85,1.85,1.85,3.0,50.0,1.7,0.0,0.0,1.0,16.0,2.2,6,4,399.9,1,0
813,realme narzo n55,6.58,0,0,64.0,4.0,5000.0,419670.0,1850.0,PowerVR GT7600,1,realme,90.0,2.0,1.85,1.85,1.85,3.0,50.0,1.7,0.0,0.0,1.0,16.0,2.2,6,4,401.1,0,0
814,oppo a77,6.56,1,1,128.0,6.0,5000.0,569913.0,2400.0,Mali-G57 MP2,1,oppo,90.0,8.0,2.4,2.0,2.1,2.0,48.0,1.7,0.0,0.0,0.0,8.0,2.0,2,1,269.1,1,0
815,asus rog phone 8,6.7,2,1,256.0,12.0,6000.0,1118041.0,2840.0,Adreno 660,1,asus,165.0,8.0,2.84,1.8,2.163,3.0,64.0,1.8,0.0,0.0,1.0,26.0,2.3499999999999996,1,0,392.8,0,0
816,realme narzo 50i,6.58,0,0,64.0,4.0,5000.0,419670.0,1850.0,PowerVR GT7600,1,realme,90.0,2.0,1.85,1.85,1.85,3.0,50.0,1.7,0.0,0.0,1.0,16.0,2.2,6,4,401.1,0,0
817,vivo x fold,8.03,2,1,256.0,12.0,4600.0,1294632.0,3000.0,Adreno 730,1,vivo,120.0,8.0,3.0,1.8,2.212,4.0,50.0,1.8,0.0,1.0,1.0,16.0,2.5,1,0,359.6,1,0
819,xiaomi 14,6.36,2,1,128.0,8.0,4610.0,2341391.0,3300.0,Adreno 750,1,xiaomi,120.0,8.0,3.3,2.27,2.901,3.0,50.0,1.6,1.0,1.0,1.0,32.0,2.0,1,0,460.3,2,1
820,vivo s17t,6.78,2,1,512.0,12.0,4600.0,1028453.0,3000.0,Mali-G77 MP9,1,vivo,120.0,8.0,3.0,2.0,2.35,2.0,50.0,1.9,0.0,0.0,1.0,50.0,2.0,2,1,412.8,1,0
821,oppo k9x,6.5,1,0,128.0,6.0,5000.0,569913.0,2400.0,Mali-G57 MP2,1,oppo,90.0,8.0,2.4,2.0,2.1,3.0,64.0,1.8,0.0,0.0,1.0,16.0,2.4,2,1,404.9,1,0
822,vivo y21t,5.5,0,0,128.0,6.0,5000.0,419670.0,1850.0,PowerVR GT7600,1,vivo,120.0,2.0,1.85,1.85,1.85,3.0,50.0,1.7,0.0,0.0,1.0,16.0,2.2,6,4,353.05,0,0
823,honor magic 7 pro,6.8,2,1,1024.0,16.0,5850.0,3336910.0,4320.0,Adreno 830,1,honor,120.0,8.0,4.32,3.53,3.728,3.0,200.0,1.4,0.0,1.0,1.0,50.0,2.0,1,0,452.8,2,1
825,huawei p30 lite,6.15,1,1,128.0,6.0,4300.0,336905.0,2200.0,Mali-G51 MP4,1,huawei,120.0,8.0,2.2,1.7,1.95,3.0,24.0,0.0,0.0,0.0,0.0,32.0,2.2,4,1,414.9,1,0
826,huawei p30,6.1,2,1,128.0,8.0,3650.0,739763.0,2600.0,Mali-G76 MP10,1,huawei,120.0,8.0,2.6,1.8,2.03,3.0,40.0,0.0,0.0,0.0,0.0,32.0,2.0,4,1,422.5,1,0
827,rog phone 6 pro,6.78,2,0,128.0,8.0,6000.0,1411891.0,3200.0,Adreno 730,1,asus,165.0,8.0,3.2,2.0,2.431,1.0,64.0,0.0,0.0,0.0,0.0,16.0,2.4,1,0,412.8,0,0
828,xiaomi redmi 11 prime,6.58,1,0,64.0,4.0,5000.0,547830.0,2200.0,Mali-G57 MP2,1,xiaomi,90.0,8.0,2.2,2.0,2.05,3.0,50.0,1.8,0.0,0.0,1.0,8.0,2.5,2,1,401.1,1,0
829,oppo reno9 lite,6.55,2,0,128.0,8.0,5000.0,980006.0,3000.0,Mali-G77 MP9,1,oppo,90.0,8.0,3.0,2.0,2.35,3.0,64.0,0.0,0.0,0.0,0.0,16.0,2.2,2,1,401.8,0,0
830,sharp rouvo v,6.5,0,0,32.0,3.0,3500.0,155362.0,2000.0,PowerVR GE8300,1,sharp,60.0,4.0,2.0,2.0,2.0,1.0,8.0,0.0,0.0,0.0,0.0,5.0,2.2,2,4,400.7,0,0
831,oppo k9 pro,6.43,2,0,128.0,8.0,4500.0,980006.0,3000.0,Mali-G77 MP9,1,oppo,120.0,8.0,3.0,2.0,2.35,3.0,64.0,0.0,0.0,0.0,0.0,16.0,2.2,2,1,409.3,0,0
832,huawei y6s 2019,6.1,0,1,32.0,3.0,5000.0,419670.0,1850.0,PowerVR GT7600,1,huawei,60.0,2.0,1.85,1.85,1.85,3.0,50.0,1.7,0.0,0.0,1.0,16.0,2.2,6,4,457.3,0,0
833,xiaomi 12i hypercharge,6.66,2,0,128.0,8.0,5000.0,722902.0,2600.0,Mali-G68 MP4,1,xiaomi,120.0,8.0,2.6,2.0,2.15,3.0,200.0,0.0,0.0,0.0,1.0,16.0,2.2,2,1,395.2,0,0
834,xiaomi 14 ultra,6.73,2,1,256.0,8.0,5300.0,2341391.0,3300.0,Adreno 750,1,xiaomi,120.0,8.0,3.3,2.27,2.901,4.0,50.0,1.8,0.0,1.0,1.0,32.0,2.0,1,0,521.4,1,0
836,realme narzo 9i,6.6,0,1,64.0,4.0,5000.0,415362.0,2400.0,Adreno 610,1,realme,90.0,8.0,2.4,1.9,2.15,3.0,50.0,0.0,0.0,0.0,0.0,8.0,2.2,1,0,399.35,1,0
837,huawei enjoy 20 plus,6.5,1,0,128.0,8.0,5000.0,419670.0,1850.0,PowerVR GT7600,1,huawei,120.0,2.0,1.85,1.85,1.85,3.0,50.0,1.7,0.0,0.0,1.0,16.0,2.2,6,4,404.9,1,0
839,tecno camon slim,6.67,0,0,128.0,8.0,5000.0,419670.0,1850.0,PowerVR GT7600,1,tecno,120.0,2.0,1.85,1.85,1.85,3.0,50.0,1.7,0.0,0.0,1.0,16.0,2.2,6,4,394.6,0,0
841,samsung galaxy a13,6.6,1,0,128.0,6.0,5000.0,231906.0,2000.0,Mali-G52 MP1,1,samsung,90.0,8.0,2.0,2.0,2.0,4.0,50.0,0.0,0.0,0.0,0.0,8.0,2.2,3,1,265.8,1,0
842,vivo x60 pro,6.56,2,1,128.0,8.0,4200.0,1118041.0,2840.0,Adreno 660,1,vivo,120.0,8.0,2.84,1.8,2.163,4.0,50.0,0.0,0.0,0.0,0.0,32.0,2.3499999999999996,1,0,296.8,0,0
844,xiaomi civi,6.59,0,0,128.0,4.0,4500.0,780000.0,2400.0,Adreno 642,1,xiaomi,120.0,8.0,2.4,1.8,2.1,3.0,50.0,1.8,0.0,0.0,1.0,16.0,2.2,1,0,460.1,0,0
845,xiaomi redmi 9 activ,6.53,0,0,64.0,4.0,5000.0,200794.0,2300.0,PowerVR GE8320,1,xiaomi,90.0,8.0,2.3,1.8,2.05,2.0,22.0,2.2,0.0,0.0,0.0,5.0,2.2,2,4,268.7,1,0
846,xiaomi redmi note 13,6.67,2,0,256.0,8.0,5000.0,461236.0,2800.0,Adreno 610,1,xiaomi,120.0,8.0,2.8,1.9,2.35,2.0,108.0,0.0,0.0,0.0,0.0,16.0,2.2,1,0,392.9,0,0
847,xiaomi 14t,6.73,0,0,512.0,12.0,5000.0,419670.0,1850.0,PowerVR GT7600,1,xiaomi,144.0,2.0,1.85,1.85,1.85,3.0,50.0,1.7,0.0,0.0,1.0,16.0,2.2,6,4,521.4,0,0
848,xiaomi 12s ultra,6.73,2,1,256.0,8.0,4860.0,1411891.0,3200.0,Adreno 730,1,xiaomi,120.0,8.0,3.2,2.0,2.431,3.0,48.0,1.9,1.0,1.0,1.0,32.0,2.5,1,0,521.4,1,0
849,vivo y32t,6.51,1,0,128.0,8.0,5000.0,317084.0,2000.0,Mali-G52 MP2,1,vivo,120.0,8.0,2.0,1.7,1.775,2.0,13.0,0.0,0.0,0.0,0.0,8.0,2.2,2,1,269.5,0,0
850,oppo f17,6.44,2,0,128.0,4.0,4000.0,320666.0,2000.0,Adreno 610,1,oppo,90.0,8.0,2.0,1.8,1.9,4.0,16.0,2.2,0.0,0.0,1.0,16.0,2.0,1,0,408.7,1,0
851,huawei nova 7 se,6.5,1,0,128.0,8.0,4000.0,602614.0,2360.0,Mali-G57 MP6,1,huawei,120.0,8.0,2.36,1.84,2.047,4.0,64.0,1.8,0.0,0.0,1.0,16.0,2.0,4,1,404.9,1,0
854,redmi note 11 se,6.43,1,1,64.0,6.0,5000.0,534895.0,2050.0,Mali-G76 MP4,1,nubia,90.0,8.0,2.05,2.0,2.013,4.0,64.0,1.9,0.0,0.0,1.0,13.0,2.45,2,1,409.3,1,0
857,vivo y100a,6.38,2,0,256.0,8.0,4500.0,750481.0,2500.0,Mali-G68 MP4,1,vivo,120.0,8.0,2.5,2.0,2.125,3.0,64.0,0.0,0.0,0.0,0.0,16.0,2.0,2,1,412.5,0,0
858,huawei p50 pro,6.3,2,1,256.0,8.0,5000.0,419670.0,1850.0,PowerVR GT7600,1,huawei,120.0,2.0,1.85,1.85,1.85,3.0,50.0,1.7,0.0,0.0,1.0,16.0,2.2,6,4,409.1,1,0
860,samsung galaxy m42,6.4,1,1,128.0,6.0,6000.0,494401.0,2200.0,Adreno 618,1,samsung,120.0,8.0,2.2,1.8,1.9,3.0,64.0,0.0,0.0,0.0,0.0,32.0,2.0,1,0,411.2,1,0
861,realme x7 pro,6.55,2,1,256.0,8.0,4500.0,708890.0,2600.0,Mali-G77 MP9,1,realme,120.0,8.0,2.6,2.0,2.3,4.0,64.0,1.8,0.0,0.0,1.0,32.0,2.2,2,1,401.8,1,0
862,realme 10,6.4,2,1,256.0,8.0,5000.0,547830.0,2200.0,Mali-G57 MP2,1,realme,90.0,8.0,2.2,2.0,2.05,2.0,50.0,0.0,0.0,0.0,0.0,16.0,2.5,2,1,411.2,1,0
863,xiaomi 14 ultra,6.73,2,1,256.0,12.0,5300.0,2341391.0,3300.0,Adreno 750,1,xiaomi,120.0,8.0,3.3,2.27,2.901,4.0,50.0,1.8,0.0,1.0,1.0,32.0,2.0,1,0,521.4,1,0
864,google pixel 8a,6.1,2,1,256.0,8.0,4492.0,1414384.0,2910.0,Mali-G715 MP7,1,google,120.0,9.0,2.91,1.7,2.132,2.0,50.0,0.0,0.0,0.0,0.0,0.5,2.2,6,1,431.4,0,0
865,xiaomi 14 pro,6.73,2,1,256.0,8.0,4880.0,2341391.0,3300.0,Adreno 750,1,xiaomi,120.0,8.0,3.3,2.27,2.901,3.0,50.0,1.4,1.0,1.0,1.0,32.0,2.0,1,0,521.4,2,1
867,vivo y18s,6.67,0,0,256.0,8.0,5000.0,419670.0,1850.0,PowerVR GT7600,1,vivo,120.0,2.0,1.85,1.85,1.85,3.0,50.0,1.7,0.0,0.0,1.0,16.0,2.2,6,4,394.6,0,0
868,oneplus 10,6.67,0,1,256.0,8.0,5000.0,419670.0,1850.0,PowerVR GT7600,1,oneplus,120.0,2.0,1.85,1.85,1.85,3.0,50.0,1.7,0.0,0.0,1.0,16.0,2.2,6,4,394.6,0,0
869,oneplus nord 2t,6.43,2,1,192.0,6.0,4500.0,954090.0,3000.0,Mali-G77 MP9,1,oneplus,90.0,8.0,3.0,2.0,2.35,3.0,50.0,0.0,0.0,0.0,0.0,24.0,2.2,2,1,409.3,0,0
871,oneplus 11 pro,6.55,2,1,128.0,8.0,5000.0,1752044.0,3200.0,Adreno 740,1,oneplus,144.0,8.0,3.2,2.0,2.55,1.0,32.0,0.0,0.0,0.0,0.0,16.0,2.2,1,0,401.8,0,0
872,oneplus 10r,6.67,0,1,256.0,8.0,5000.0,419670.0,1850.0,PowerVR GT7600,1,oneplus,120.0,2.0,1.85,1.85,1.85,3.0,50.0,1.7,0.0,0.0,1.0,16.0,2.2,6,4,394.6,0,0
874,samsung galaxy m31s,6.5,2,1,128.0,6.0,6000.0,355351.0,2300.0,Mali-G72 MP3,1,samsung,120.0,8.0,2.3,1.7,2.0,4.0,64.0,1.8,0.0,0.0,1.0,32.0,2.2,3,1,404.9,1,0
875,xiaomi redmi k50 ultra,6.66,2,1,128.0,8.0,5000.0,1411891.0,3200.0,Adreno 730,1,xiaomi,120.0,8.0,3.2,2.0,2.431,3.0,50.0,1.9,0.0,0.0,1.0,20.0,2.4,1,0,395.2,1,0
876,vivo y35m plus,6.51,1,0,128.0,4.0,5000.0,515647.0,2200.0,Mali-G57 MP2,1,vivo,60.0,8.0,2.2,2.0,2.05,2.0,13.0,0.0,0.0,0.0,0.0,5.0,2.1,2,1,269.5,0,0
877,huawei nova y71,6.75,1,0,128.0,8.0,6000.0,419670.0,1850.0,PowerVR GT7600,1,huawei,120.0,2.0,1.85,1.85,1.85,3.0,50.0,1.7,0.0,0.0,1.0,16.0,2.2,6,4,259.9,0,0
878,vivo y11,6.51,1,0,64.0,6.0,5000.0,419670.0,1850.0,PowerVR GT7600,1,vivo,60.0,2.0,1.85,1.85,1.85,3.0,50.0,1.7,0.0,0.0,1.0,16.0,2.2,6,4,269.5,0,0
882,samsung galaxy m42,6.4,1,1,128.0,6.0,6000.0,494401.0,2200.0,Adreno 618,1,samsung,120.0,8.0,2.2,1.8,1.9,3.0,64.0,0.0,0.0,0.0,0.0,32.0,2.0,1,0,411.2,1,0
883,realme x7 pro,6.55,2,1,256.0,8.0,4500.0,708890.0,2600.0,Mali-G77 MP9,1,realme,120.0,8.0,2.6,2.0,2.3,4.0,64.0,1.8,0.0,0.0,1.0,32.0,2.2,2,1,401.8,1,0
884,realme 10,6.4,2,1,256.0,8.0,5000.0,547830.0,2200.0,Mali-G57 MP2,1,realme,90.0,8.0,2.2,2.0,2.05,2.0,50.0,0.0,0.0,0.0,0.0,16.0,2.5,2,1,411.2,1,0
885,xiaomi 14 ultra,6.73,2,1,256.0,12.0,5300.0,2341391.0,3300.0,Adreno 750,1,xiaomi,120.0,8.0,3.3,2.27,2.901,4.0,50.0,1.8,0.0,1.0,1.0,32.0,2.0,1,0,521.4,1,0
886,vivo y35m plus,6.51,1,0,128.0,4.0,5000.0,515647.0,2200.0,Mali-G57 MP2,1,vivo,60.0,8.0,2.2,2.0,2.05,2.0,13.0,0.0,0.0,0.0,0.0,5.0,2.1,2,1,269.5,0,0
887,huawei nova y71,6.75,1,0,128.0,8.0,6000.0,419670.0,1850.0,PowerVR GT7600,1,huawei,120.0,2.0,1.85,1.85,1.85,3.0,50.0,1.7,0.0,0.0,1.0,16.0,2.2,6,4,259.9,0,0
888,vivo y36t,6.56,1,1,128.0,6.0,5000.0,349222.0,2000.0,Mali-G52 MP2,1,vivo,60.0,8.0,2.0,1.8,1.85,1.0,13.0,0.0,0.0,0.0,0.0,5.0,2.0,2,1,269.1,0,0
889,xiaomi redmi note 10 je,6.5,1,0,64.0,4.0,4800.0,456551.0,2000.0,Adreno 619,1,xiaomi,90.0,8.0,2.0,1.8,1.85,3.0,48.0,0.0,0.0,0.0,0.0,8.0,2.2,1,0,404.9,0,0
891,samsung galaxy z fold,6.67,0,0,256.0,8.0,5000.0,419670.0,1850.0,PowerVR GT7600,1,samsung,120.0,2.0,1.85,1.85,1.85,3.0,50.0,1.7,0.0,0.0,1.0,16.0,2.2,6,4,394.6,0,0
892,realme c30,6.5,1,0,32.0,2.0,5000.0,341088.0,1800.0,Mali-G57 MP1,1,realme,120.0,8.0,1.8,1.8,1.8,1.0,8.0,2.0,0.0,0.0,0.0,5.0,2.2,6,1,269.9,1,0
893,vivo y21e,6.51,1,0,64.0,3.0,5000.0,415362.0,2400.0,Adreno 610,1,vivo,60.0,8.0,2.4,1.9,2.15,2.0,13.0,2.2,0.0,0.0,0.0,8.0,1.8,1,0,269.5,1,0
894,nokia g400,6.5,0,1,128.0,4.0,5000.0,456551.0,2000.0,Adreno 619,1,nokia,120.0,8.0,2.0,1.8,1.85,1.0,48.0,0.0,0.0,0.0,0.0,8.0,2.2,1,0,400.7,0,0
895,xiaomi 11i hypercharge,6.66,2,0,128.0,6.0,4500.0,750481.0,2500.0,Mali-G68 MP4,1,xiaomi,120.0,8.0,2.5,2.0,2.125,3.0,108.0,1.9,0.0,1.0,1.0,16.0,2.0,2,1,395.2,1,0
896,samsung galaxy m53,6.7,2,1,128.0,8.0,5000.0,671241.0,2400.0,Mali-G68 MP4,1,samsung,120.0,8.0,2.4,2.0,2.1,4.0,64.0,0.0,0.0,0.0,0.0,32.0,2.2,2,1,392.8,1,0
897,nokia x21,6.7,2,0,128.0,6.0,5000.0,592489.0,2200.0,Adreno 619,1,nokia,120.0,8.0,2.2,1.8,1.9,2.0,64.0,0.0,0.0,0.0,1.0,16.0,2.2,1,0,328.8,0,0
898,xiaomi 11i hypercharge,6.66,2,0,128.0,6.0,4500.0,750481.0,2500.0,Mali-G68 MP4,1,xiaomi,120.0,8.0,2.5,2.0,2.125,3.0,108.0,1.9,0.0,1.0,1.0,16.0,2.0,2,1,395.2,1,0
899,samsung galaxy m53,6.7,2,1,128.0,8.0,5000.0,671241.0,2400.0,Mali-G68 MP4,1,samsung,120.0,8.0,2.4,2.0,2.1,4.0,64.0,0.0,0.0,0.0,0.0,32.0,2.2,2,1,392.8,1,0
900,nokia x21,6.7,2,0,128.0,6.0,5000.0,592489.0,2200.0,Adreno 619,1,nokia,120.0,8.0,2.2,1.8,1.9,2.0,64.0,0.0,0.0,0.0,1.0,16.0,2.2,1,0,328.8,0,0
901,huawei mate x2,8.0,2,1,256.0,8.0,4500.0,1079281.0,3130.0,Mali-G78 MP24,1,huawei,90.0,8.0,3.13,2.05,2.369,4.0,50.0,1.9,0.0,1.0,1.0,16.0,2.2,4,1,259.5,1,0
902,vivo s15 pro,6.56,2,1,256.0,8.0,4500.0,1085324.0,2850.0,Mali-G610 MP6,1,vivo,120.0,8.0,2.85,2.0,2.425,3.0,50.0,1.9,0.0,0.0,1.0,32.0,2.5,2,1,397.9,1,0
903,xiaomi mi 11x,6.66,2,0,128.0,6.0,4520.0,1005598.0,3200.0,Adreno 650,1,xiaomi,120.0,8.0,3.2,1.8,2.208,3.0,48.0,1.8,0.0,0.0,1.0,20.0,2.5,1,0,395.2,1,0
904,vivo t2x,6.58,1,1,128.0,6.0,6000.0,954090.0,3000.0,Mali-G77 MP9,1,vivo,144.0,8.0,3.0,2.0,2.35,2.0,50.0,1.8,0.0,0.0,1.0,16.0,2.0,2,1,401.1,1,0
905,vivo v30e se,6.67,0,1,256.0,8.0,5000.0,419670.0,1850.0,PowerVR GT7600,1,vivo,120.0,2.0,1.85,1.85,1.85,3.0,50.0,1.7,0.0,0.0,1.0,16.0,2.2,6,4,394.6,0,0
907,realme x7 pro,6.55,2,1,256.0,8.0,4500.0,708890.0,2600.0,Mali-G77 MP9,1,realme,120.0,8.0,2.6,2.0,2.3,4.0,64.0,1.8,0.0,0.0,1.0,32.0,2.2,2,1,401.8,1,0
908,realme 10,6.4,2,1,256.0,8.0,5000.0,547830.0,2200.0,Mali-G57 MP2,1,realme,90.0,8.0,2.2,2.0,2.05,2.0,50.0,0.0,0.0,0.0,0.0,16.0,2.5,2,1,411.2,1,0
909,xiaomi 14 ultra,6.73,2,1,256.0,12.0,5300.0,2341391.0,3300.0,Adreno 750,1,xiaomi,120.0,8.0,3.3,2.27,2.901,4.0,50.0,1.8,0.0,1.0,1.0,32.0,2.0,1,0,521.4,1,0
910,nubia red magic 7 pro,6.8,2,1,256.0,16.0,5000.0,1294632.0,3000.0,Adreno 730,1,nubia,120.0,8.0,3.0,1.8,2.212,3.0,64.0,1.8,0.0,0.0,1.0,16.0,2.0,1,0,387.0,1,0
911,nubia red magic 7s,6.8,2,1,128.0,8.0,4500.0,1411891.0,3200.0,Adreno 730,1,nubia,120.0,8.0,3.2,2.0,2.431,3.0,64.0,1.8,0.0,0.0,1.0,8.0,2.0,1,0,387.0,1,0
914,honor power,6.78,2,0,256.0,8.0,8000.0,1020938.0,2630.0,Adreno 720,1,honor,120.0,8.0,2.63,1.8,2.129,2.0,50.0,1.95,0.0,0.0,0.0,16.0,2.45,1,0,412.8,0,0
915,honor 90,6.7,2,1,256.0,8.0,4900.0,829085.0,2400.0,Adreno 644,1,honor,120.0,8.0,2.4,1.8,2.085,4.0,200.0,1.9,0.0,0.0,1.0,50.0,2.4,1,0,437.6,1,0
916,oneplus 10,6.67,0,1,256.0,8.0,5000.0,419670.0,1850.0,PowerVR GT7600,1,oneplus,120.0,2.0,1.85,1.85,1.85,3.0,50.0,1.7,0.0,0.0,1.0,16.0,2.2,6,4,394.6,0,0
917,oneplus nord 2t,6.43,2,1,192.0,6.0,4500.0,954090.0,3000.0,Mali-G77 MP9,1,oneplus,90.0,8.0,3.0,2.0,2.35,3.0,50.0,0.0,0.0,0.0,0.0,24.0,2.2,2,1,409.3,0,0
921,xiaomi 12 lite,6.55,2,1,128.0,6.0,4300.0,780000.0,2400.0,Adreno 642,1,xiaomi,120.0,8.0,2.4,1.8,2.1,3.0,108.0,1.9,0.0,0.0,1.0,32.0,2.5,1,0,401.8,1,0
922,xiaomi redmi 10 prime,6.5,0,0,128.0,6.0,5000.0,353817.0,2000.0,Mali-G52 MP2,1,xiaomi,90.0,8.0,2.0,1.8,1.85,3.0,50.0,0.0,0.0,0.0,0.0,8.0,2.35,2,1,400.7,0,0
923,zte v70,6.67,2,1,256.0,8.0,5100.0,569913.0,2400.0,Mali-G57 MP2,1,zte,90.0,8.0,2.4,2.0,2.1,3.0,64.0,1.8,0.0,0.0,1.0,16.0,2.2,2,1,394.6,1,0
