,Name,Price,Screen Size,Display,Chipset,NFC,ROM,RAM,Battery,Refresh Rate,antutu_11,clock,gpu,perf_cores,eff_cores,perf_freq_ghz,eff_freq_ghz,OS_Name,OS_Version,rear_count,rear_mp_max,rear_f/,rear_ois,rear_telephoto,rear_wide,front_mp,front_f/,gpu_family_enc,PPI,SIM_total,has_eSIM
0,iphone 17,34590000.0,6.3,0,6,1,256.0,8.0,,120.0,2606807.0,4260.0,Apple A19 Pro GPU,2.0,4.0,,,0,26.0,3.0,48.0,1.6,1.0,1.0,1.0,18.0,1.9,2,458.1,2,0
1,oppo find x9s,23990000.0,6.59,2,2,1,256.0,12.0,7025.0,240.0,3041307.0,3730.0,Mali-G925  MP12,,,,,1,,3.0,50.0,0.0,0.0,1.0,1.0,32.0,,1,460.1,3,1
2,iphone 17 promax,36990000.0,6.9,0,6,1,256.0,,,120.0,2606807.0,4260.0,Apple A19 Pro GPU,2.0,4.0,,,0,26.0,3.0,48.0,1.6,1.0,1.0,1.0,18.0,1.9,2,457.6,2,0
3,samsung galaxy s26,30490000.0,6.9,2,1,1,256.0,12.0,5000.0,120.0,3932243.0,4610.0,Adreno 840,,,,,1,,4.0,200.0,0.0,0.0,1.0,1.0,12.0,,0,498.0,3,1
4,samsung galaxy s26,20490000.0,6.3,2,3,1,256.0,12.0,4300.0,120.0,3145925.0,3800.0,Samsung Xclipse 960,,,,,1,,3.0,50.0,0.0,0.0,1.0,1.0,12.0,,3,409.1,3,1
5,samsung galaxy s25,25990000.0,6.9,2,1,1,256.0,12.0,5000.0,120.0,3336910.0,4320.0,Adreno 830,,,,,1,15.0,4.0,200.0,0.0,0.0,1.0,1.0,12.0,,0,498.0,3,1
6,iphone 17,24390000.0,6.3,2,6,1,256.0,8.0,30.0,,2239708.0,4260.0,Apple A19 GPU,,,,,0,26.0,3.0,48.0,1.6,0.0,1.0,1.0,18.0,1.9,2,458.1,2,0
7,itel p55,3190000.0,6.6,0,6,1,256.0,8.0,5000.0,90.0,330006.0,1600.0,Mali-G57 MP1,,,,,1,13.0,1.0,50.0,0.0,0.0,0.0,1.0,8.0,,1,,0,0
8,oppo reno15 f,11490000.0,6.57,2,1,1,256.0,8.0,7000.0,,733620.0,2200.0,Adreno 710,,,,,1,,3.0,50.0,1.8,1.0,0.0,1.0,50.0,2.0,0,396.7,2,0
9,iphone 15,17890000.0,6.1,2,0,1,128.0,6.0,3349.0,60.0,1633145.0,3460.0,Apple A16 GPU,2.0,4.0,,,0,17.0,2.0,48.0,0.0,0.0,0.0,0.0,12.0,1.9,2,461.4,2,1
10,iphone,22890000.0,6.5,0,6,1,256.0,8.0,27.0,,2606807.0,4260.0,Apple A19 Pro GPU,,,,,0,26.0,1.0,48.0,1.6,0.0,0.0,0.0,18.0,1.6,2,463.4,2,1
11,samsung galaxy a17,5690000.0,6.7,2,3,1,128.0,8.0,5000.0,,592392.0,2400.0,Mali-G68 MP2,2.0,6.0,2.4,2.0,1,15.0,3.0,50.0,0.0,0.0,0.0,0.0,13.0,,1,384.7,2,0
12,samsung galaxy z flip7,22990000.0,6.9,2,6,1,256.0,12.0,4300.0,120.0,419670.0,1850.0,PowerVR GT7600,,,,,1,,2.0,50.0,1.8,0.0,0.0,0.0,10.0,2.2,4,,2,0
13,samsung galaxy a57,10960000.0,6.7,2,3,1,128.0,8.0,5000.0,120.0,1390055.0,2900.0,Samsung Xclipse 550,1.0,4.0,2.9,1.95,1,16.0,3.0,50.0,0.0,0.0,0.0,1.0,12.0,,3,384.7,0,0
14,nubia neo 5,6990000.0,6.8,0,6,1,128.0,8.0,6050.0,,,,,,,,,1,16.0,2.0,50.0,0.0,0.0,0.0,0.0,16.0,,7,,3,1
15,samsung galaxy a07,3190000.0,6.7,1,2,0,128.0,4.0,5000.0,,547830.0,2200.0,Mali-G57 MP2,2.0,6.0,2.2,2.0,1,15.0,2.0,50.0,0.0,0.0,0.0,0.0,8.0,,1,261.9,2,0
16,nubia neo 5 gt,8990000.0,6.8,2,6,1,256.0,8.0,6210.0,,,,,,,,,1,16.0,2.0,50.0,0.0,0.0,0.0,0.0,16.0,,7,,3,1
17,xiaomi redmi note 14 proplus,7990000.0,6.67,2,1,1,256.0,8.0,5110.0,120.0,1038717.0,2500.0,Adreno 810,,,,,1,14.0,3.0,200.0,1.65,1.0,0.0,1.0,,2.2,0,445.8,2,0
18,oppo find n6,63990000.0,8.12,2,1,1,512.0,16.0,6000.0,120.0,3932243.0,4610.0,Adreno 840,,,,,1,,4.0,200.0,1.8,0.0,1.0,1.0,20.0,,0,,3,1
19,honor x9d,11190000.0,6.79,2,1,1,256.0,12.0,8300.0,3840.0,963651.0,2300.0,Adreno 810,1.0,4.0,2.3,1.8,1,15.0,2.0,108.0,1.75,0.0,0.0,1.0,16.0,2.45,0,427.1,2,0
20,meizu mblu note 21,3990000.0,6.78,1,2,1,256.0,8.0,5000.0,120.0,547830.0,2200.0,Mali-G57 MP2,2.0,6.0,2.2,2.0,0,14.0,2.0,64.0,0.0,0.0,0.0,0.0,13.0,,1,388.2,2,0
21,iphone 16 promax,38490000.0,6.9,2,6,1,512.0,,,120.0,1808835.0,4050.0,Apple A18 Pro GPU,2.0,,,,0,18.0,3.0,48.0,1.6,0.0,1.0,1.0,12.0,1.9,2,457.6,2,0
22,iphone 17e,17490000.0,6.1,0,6,1,256.0,8.0,26.0,,2239708.0,4260.0,Apple A19 GPU,2.0,4.0,,,0,26.0,2.0,48.0,1.6,0.0,1.0,0.0,12.0,1.9,2,457.3,2,1
23,oppo find x9,48990000.0,6.82,2,1,1,512.0,12.0,7050.0,120.0,3932243.0,4610.0,Adreno 840,,,,,1,,5.0,200.0,0.0,1.0,1.0,1.0,50.0,,0,510.3,3,1
24,xiaomi redmi note 15,5490000.0,6.77,2,2,0,128.0,6.0,6000.0,3840.0,,,,,,,,1,,2.0,108.0,1.7,0.0,0.0,0.0,20.0,2.2,7,387.7,0,0
25,samsung galaxy z fold7,40990000.0,8.0,2,1,1,256.0,12.0,4400.0,120.0,3336910.0,4320.0,Adreno 830,,,,,1,,3.0,200.0,1.7,0.0,0.0,0.0,10.0,2.2,0,,2,0
26,samsung galaxy a06,2590000.0,6.7,1,6,0,128.0,4.0,5000.0,60.0,,,,2.0,6.0,2.0,1.8,1,,2.0,50.0,1.8,0.0,0.0,0.0,8.0,2.0,7,261.9,2,0
27,samsung galaxy a56,8990000.0,6.7,2,3,1,128.0,8.0,5000.0,120.0,1243000.0,2900.0,Samsung Xclipse 540,,,,,1,,3.0,50.0,1.8,0.0,0.0,0.0,12.0,2.2,3,384.7,4,1
28,iphone 17 promax,43790000.0,6.9,0,6,1,512.0,,,120.0,2606807.0,4260.0,Apple A19 Pro GPU,2.0,4.0,,,0,26.0,3.0,48.0,1.6,1.0,1.0,1.0,18.0,1.9,2,457.6,0,0
29,iphone 16,20590000.0,6.1,2,6,1,128.0,8.0,,,1918031.0,4050.0,Apple A18 GPU,2.0,4.0,,,0,18.0,2.0,48.0,1.6,0.0,0.0,1.0,12.0,1.9,2,461.4,2,0
30,nubia v80 design,3990000.0,6.75,1,6,1,128.0,8.0,5000.0,120.0,,,,,,,,1,,2.0,50.0,0.0,0.0,0.0,0.0,16.0,,7,,2,0
31,samsung galaxy s25,12560000.0,6.7,2,3,1,128.0,8.0,4900.0,,2037320.0,3210.0,Samsung Xclipse 940,,,,,1,16.0,3.0,50.0,1.8,0.0,1.0,1.0,12.0,2.2,3,384.7,3,1
32,xiaomi 15t,12490000.0,6.83,2,2,0,512.0,12.0,5500.0,,,,,,,,,1,,3.0,50.0,1.7,1.0,1.0,1.0,32.0,2.2,7,,1,0
33,oppo reno15,16490000.0,6.59,2,1,1,256.0,12.0,6500.0,240.0,,,,,,,,1,,3.0,50.0,1.8,1.0,1.0,1.0,50.0,2.0,7,460.1,3,1
34,honor x7d,6290000.0,6.77,1,1,0,256.0,8.0,6500.0,120.0,461236.0,2800.0,Adreno 610,4.0,4.0,2.8,1.9,1,15.0,2.0,108.0,1.8,0.0,0.0,0.0,8.0,2.0,0,,1,0
35,honor 400,15490000.0,6.7,2,1,1,512.0,12.0,6000.0,,2341391.0,3300.0,Adreno 750,,,,,1,15.0,3.0,200.0,1.9,1.0,1.0,1.0,50.0,2.0,0,459.5,3,1
36,poco x8 promax,14290000.0,6.83,2,2,0,256.0,12.0,8.5,3840.0,3041307.0,3730.0,Mali-G925  MP12,1.0,4.0,3.73,2.4,1,16.0,2.0,50.0,1.5,1.0,0.0,1.0,20.0,,1,447.0,3,1
37,tecno camon 40,4990000.0,6.78,2,2,1,128.0,8.0,5200.0,120.0,,,,,,,,1,15.0,2.0,50.0,1.8,0.0,0.0,1.0,32.0,,7,,2,0
38,iphone 17,40890000.0,6.3,0,6,1,512.0,8.0,,120.0,2606807.0,4260.0,Apple A19 Pro GPU,2.0,4.0,,,0,26.0,3.0,48.0,1.6,1.0,1.0,1.0,18.0,1.9,2,458.1,2,0
39,iphone 17 promax,50090000.0,6.9,0,6,1,1024.0,,,120.0,2606807.0,4260.0,Apple A19 Pro GPU,2.0,4.0,,,0,26.0,3.0,48.0,1.6,1.0,1.0,1.0,18.0,1.9,2,457.6,2,0
40,zte nubia z60s,10990000.0,6.78,2,1,1,512.0,16.0,5100.0,120.0,1752044.0,3200.0,Adreno 740,,,,,1,14.0,3.0,50.0,1.56,0.0,1.0,1.0,16.0,2.45,0,382.9,2,0
41,xiaomi poco x7,8790000.0,6.67,2,2,1,256.0,12.0,6000.0,120.0,,,,,,,,1,14.0,1.0,50.0,0.0,0.0,0.0,0.0,,,7,445.8,1,0
42,iphone 14,13990000.0,6.1,2,0,1,128.0,6.0,3.0,60.0,1413275.0,3230.0,Apple A15 GPU,,,,,0,16.0,2.0,12.0,1.5,0.0,0.0,1.0,12.0,1.9,2,457.3,2,1
43,nubia v80,4190000.0,6.9,1,6,1,256.0,8.0,6000.0,120.0,,,,,,,,1,,2.0,50.0,0.0,0.0,0.0,0.0,16.0,,7,,2,0
44,iphone 15,20790000.0,6.1,2,0,1,256.0,6.0,3349.0,60.0,1633145.0,3460.0,Apple A16 GPU,2.0,4.0,,,0,17.0,2.0,48.0,0.0,0.0,0.0,0.0,12.0,1.9,2,461.4,2,1
45,iphone 13,11990000.0,6.1,2,6,1,128.0,4.0,3240.0,,,,,,,,,0,15.0,2.0,12.0,1.6,0.0,0.0,1.0,12.0,2.2,7,457.3,2,1
46,samsung galaxy a37,9990000.0,6.7,2,3,1,128.0,8.0,5000.0,120.0,997728.0,2750.0,Samsung Xclipse 530,4.0,4.0,2.75,2.0,1,16.0,3.0,50.0,0.0,0.0,0.0,1.0,12.0,,3,384.7,0,0
47,iphone 16e,12990000.0,6.1,0,6,1,128.0,8.0,26.0,,1918031.0,4050.0,Apple A18 GPU,2.0,4.0,,,0,18.0,2.0,48.0,1.6,0.0,1.0,0.0,12.0,1.9,2,457.3,2,0
48,samsung galaxy s24,16090000.0,6.7,2,3,1,256.0,12.0,4.0,120.0,2037320.0,3210.0,Samsung Xclipse 940,,,,,1,14.0,3.0,50.0,1.8,1.0,1.0,1.0,12.0,2.2,3,512.9,4,1
49,samsung galaxy a26,6690000.0,6.7,2,3,1,128.0,8.0,5000.0,120.0,765609.0,2400.0,Mali-G68 MP5,,,,,1,15.0,3.0,50.0,0.0,0.0,0.0,0.0,13.0,,1,384.7,2,0
50,xiaomi redmi note 14,6490000.0,6.67,2,2,1,256.0,8.0,5110.0,120.0,,,,,,,,1,,3.0,108.0,1.78,0.0,0.0,1.0,20.0,2.2,7,394.6,1,0
51,oppo find x8,19490000.0,6.59,2,2,1,512.0,16.0,5630.0,120.0,2825187.0,3620.0,Mali-G925  MP12,,,,,1,15.0,3.0,50.0,0.0,1.0,1.0,1.0,32.0,2.4,1,460.1,3,1
52,meizu mblu 22,2990000.0,6.79,1,2,1,256.0,6.0,5000.0,,357879.0,2000.0,Mali-G52 MP2,,,,,1,15.0,2.0,50.0,1.8,0.0,0.0,0.0,5.0,2.0,1,263.8,2,0
53,nubia neo 3 gt,7490000.0,6.8,2,6,1,256.0,12.0,6000.0,120.0,701417.0,2700.0,Mali-G57 MP4,,,,,1,15.0,2.0,50.0,0.0,0.0,0.0,0.0,16.0,,1,386.0,2,0
54,xiaomi redmi note 15,9590000.0,6.77,2,2,0,256.0,12.0,6500.0,3840.0,,,,,,,,1,,2.0,200.0,0.0,0.0,0.0,1.0,32.0,,7,387.7,0,0
55,iphone 17 promax,62490000.0,6.9,0,6,1,2048.0,,,120.0,2606807.0,4260.0,Apple A19 Pro GPU,2.0,4.0,,,0,26.0,3.0,48.0,1.6,1.0,1.0,1.0,18.0,1.9,2,457.6,0,0
56,samsung galaxy a36,7490000.0,6.7,2,1,1,128.0,8.0,5000.0,120.0,833548.0,2400.0,Adreno 710,,,,,1,,3.0,50.0,1.8,0.0,0.0,0.0,12.0,2.2,0,384.7,4,1
57,nubia neo 5,7990000.0,6.8,0,6,1,256.0,8.0,6050.0,,,,,,,,,1,16.0,2.0,50.0,0.0,0.0,0.0,0.0,16.0,,7,,3,1
58,iphone 17,29990000.0,6.3,2,6,1,512.0,8.0,,,2239708.0,4260.0,Apple A19 GPU,,,,,0,26.0,3.0,48.0,1.6,0.0,1.0,1.0,18.0,1.9,2,458.1,2,0
59,iphone 16,24290000.0,6.7,2,6,1,128.0,8.0,,,1918031.0,4050.0,Apple A18 GPU,2.0,4.0,,,0,18.0,2.0,48.0,1.6,0.0,0.0,1.0,12.0,1.9,2,459.6,2,0
60,xiaomi poco f8,13990000.0,6.59,2,1,1,256.0,12.0,6210.0,,3336910.0,4320.0,Adreno 830,,,,,1,,3.0,50.0,1.88,1.0,1.0,1.0,20.0,,0,419.3,4,1
61,iphone 17,45990000.0,6.3,0,6,1,1024.0,8.0,,120.0,2606807.0,4260.0,Apple A19 Pro GPU,2.0,4.0,,,0,26.0,3.0,48.0,1.6,1.0,1.0,1.0,18.0,1.9,2,458.1,2,0
62,samsung galaxy s26,36990000.0,6.9,2,1,1,512.0,12.0,5000.0,120.0,3932243.0,4610.0,Adreno 840,,,,,1,,4.0,200.0,0.0,0.0,1.0,1.0,12.0,,0,498.0,3,1
63,nothing 2a,8290000.0,6.7,2,2,1,256.0,12.0,5000.0,120.0,,,,,,,,1,14.0,2.0,50.0,1.88,0.0,0.0,1.0,50.0,2.2,7,394.4,1,0
64,nubia neo 3,4790000.0,6.8,0,6,1,128.0,8.0,6000.0,120.0,,,,4.0,4.0,2.2,2.0,1,,2.0,50.0,0.0,0.0,0.0,0.0,16.0,,7,,2,0
65,xiaomi redmi note 15,10890000.0,6.83,2,2,1,256.0,12.0,6580.0,120.0,,,,,,,,1,,2.0,200.0,1.7,1.0,0.0,1.0,20.0,2.2,7,447.0,3,1
66,sony xperia 10 7,10500000.0,6.1,2,1,1,128.0,8.0,5.0,120.0,833548.0,2400.0,Adreno 710,,,,,1,,2.0,50.0,1.9,0.0,0.0,0.0,8.0,2.0,0,422.5,2,0
67,samsung galaxy s25,17690000.0,6.2,2,1,1,256.0,12.0,4000.0,120.0,3336910.0,4320.0,Adreno 830,,,,,1,,3.0,50.0,0.0,0.0,1.0,1.0,12.0,,0,415.7,4,1
68,tecno spark 40,4890000.0,6.78,2,2,0,256.0,8.0,5200.0,144.0,601391.0,2200.0,Mali-G57 MP2,,,,,1,15.0,1.0,50.0,0.0,0.0,0.0,0.0,13.0,,1,,1,0
69,nubia neo 5 gt,9990000.0,6.8,2,6,1,256.0,12.0,6210.0,,,,,,,,,1,16.0,2.0,50.0,0.0,0.0,0.0,0.0,16.0,,7,,3,1
70,oppo a6,9090000.0,6.57,2,2,1,256.0,8.0,7000.0,,570469.0,2200.0,Mali-G57 MP2,,,,,1,15.0,2.0,50.0,1.8,0.0,0.0,0.0,16.0,2.4,1,396.7,2,0
71,xiaomi redmi 15,6190000.0,6.9,1,1,1,256.0,8.0,7000.0,288.0,623235.0,2300.0,Adreno 619,,,,,1,,1.0,50.0,1.8,0.0,0.0,0.0,8.0,2.05,0,373.5,1,0
72,iphone 16e,15490000.0,6.1,0,6,1,256.0,8.0,26.0,,1918031.0,4050.0,Apple A18 GPU,2.0,4.0,,,0,18.0,2.0,48.0,1.6,0.0,1.0,0.0,12.0,1.9,2,457.3,2,0
73,xiaomi 15,26490000.0,6.73,2,1,1,512.0,16.0,5410.0,120.0,3336910.0,4320.0,Adreno 830,,,,,1,,4.0,200.0,1.63,1.0,1.0,1.0,32.0,2.0,0,521.4,2,0
74,oppo find x9,31990000.0,6.78,2,2,1,512.0,16.0,7500.0,120.0,3508681.0,4210.0,Mali-G1 Ultra MP12,,,,,1,16.0,4.0,200.0,0.0,1.0,1.0,1.0,50.0,2.0,1,,3,1
75,iphone 16,27690000.0,6.7,2,6,1,256.0,8.0,,,1918031.0,4050.0,Apple A18 GPU,2.0,4.0,,,0,18.0,2.0,48.0,1.6,0.0,0.0,1.0,12.0,1.9,2,459.6,2,0
76,oppo reno10,10490000.0,6.74,2,1,1,256.0,12.0,4700.0,120.0,1411891.0,3200.0,Adreno 730,1.0,4.0,3.0,2.0,1,13.0,3.0,64.0,2.2,0.0,1.0,1.0,32.0,2.4,0,450.5,1,0
77,samsung galaxy s25,20690000.0,6.7,2,1,1,256.0,12.0,4900.0,120.0,3336910.0,4320.0,Adreno 830,,,,,1,,3.0,50.0,0.0,0.0,1.0,1.0,12.0,,0,512.9,3,1
78,samsung galaxy s25,29790000.0,6.9,2,1,1,512.0,12.0,5000.0,120.0,3336910.0,4320.0,Adreno 830,,,,,1,15.0,4.0,200.0,0.0,0.0,1.0,1.0,12.0,,0,498.0,3,1
79,honor x9d,12190000.0,6.79,2,1,1,512.0,12.0,8300.0,3840.0,963651.0,2300.0,Adreno 810,1.0,4.0,2.3,1.8,1,15.0,2.0,108.0,1.75,0.0,0.0,1.0,16.0,2.45,0,427.1,2,0
80,honor magic v5,39990000.0,6.43,2,1,1,512.0,16.0,5820.0,4320.0,3336910.0,4320.0,Adreno 830,2.0,6.0,4.32,3.53,1,15.0,3.0,64.0,1.6,1.0,1.0,1.0,20.0,2.2,0,,4,1
81,xiaomi redmi note 15,6790000.0,6.77,2,1,0,128.0,6.0,5520.0,3840.0,833548.0,2400.0,Adreno 710,,,,,1,,2.0,108.0,1.7,1.0,0.0,1.0,20.0,2.2,0,387.7,0,0
82,samsung galaxy s26,41990000.0,6.9,2,1,1,1024.0,16.0,5000.0,120.0,3932243.0,4610.0,Adreno 840,,,,,1,,4.0,200.0,0.0,0.0,1.0,1.0,12.0,,0,498.0,3,1
83,samsung galaxy a17,4990000.0,6.7,2,2,1,128.0,8.0,5000.0,,547830.0,2200.0,Mali-G57 MP2,2.0,6.0,2.2,2.0,1,15.0,3.0,50.0,0.0,0.0,0.0,0.0,13.0,,1,384.7,2,0
84,sony xperia 1 7,24500000.0,6.5,2,1,1,256.0,12.0,5.0,,3336910.0,4320.0,Adreno 830,,,,,1,15.0,3.0,52.0,1.9,0.0,1.0,1.0,12.0,2.0,0,396.5,1,0
85,oppo reno12,8990000.0,6.7,2,2,1,256.0,12.0,5000.0,120.0,877329.0,2500.0,Mali-G615 MP2,,,,,1,14.0,3.0,50.0,0.0,1.0,0.0,1.0,32.0,,1,,0,0
86,xiaomi 17,34440000.0,6.9,2,1,1,1024.0,16.0,6000.0,,3932243.0,4610.0,Adreno 840,,,,,1,16.0,2.0,200.0,0.0,0.0,0.0,1.0,50.0,,0,,2,0
87,oppo find x9,25990000.0,6.59,2,2,1,512.0,16.0,7025.0,120.0,3508681.0,4210.0,Mali-G1 Ultra MP12,,,,,1,16.0,4.0,50.0,0.0,1.0,1.0,1.0,32.0,2.4,1,460.1,3,1
88,honor x8d,7490000.0,6.77,2,1,1,128.0,8.0,6800.0,,690382.0,2900.0,Adreno 610,,,,,1,16.0,2.0,108.0,1.75,0.0,0.0,0.0,16.0,2.45,0,387.7,2,0
89,xiaomi redmi 15c,4890000.0,6.9,1,2,1,256.0,8.0,6000.0,240.0,,,,,,,,1,,1.0,50.0,1.8,0.0,0.0,0.0,8.0,2.0,7,254.3,1,0
90,tecno pova 7,4590000.0,6.78,1,2,1,128.0,8.0,7000.0,120.0,,,,2.0,6.0,2.2,2.0,1,15.0,2.0,108.0,0.0,0.0,0.0,0.0,8.0,,7,396.3,2,0
91,samsung galaxy a07,3990000.0,6.7,1,2,0,128.0,4.0,6000.0,120.0,532738.0,2400.0,Mali-G57 MP2,,,,,1,,2.0,50.0,1.8,0.0,0.0,0.0,8.0,2.0,1,261.9,2,0
92,xiaomi 15,28490000.0,6.73,2,1,1,1024.0,16.0,5410.0,120.0,3336910.0,4320.0,Adreno 830,,,,,1,,4.0,200.0,1.63,1.0,1.0,1.0,32.0,2.0,0,521.4,2,0
93,honor 400,12250000.0,6.55,2,1,1,256.0,12.0,6000.0,,1020938.0,2630.0,Adreno 720,,,,,1,15.0,2.0,200.0,1.9,1.0,0.0,1.0,50.0,2.0,0,460.1,3,1
94,samsung galaxy z fold 6,29990000.0,7.6,2,1,1,256.0,12.0,4400.0,120.0,2341391.0,3300.0,Adreno 750,,,,,1,,3.0,50.0,1.8,0.0,1.0,1.0,10.0,1.8,0,374.7,4,1
95,meizu lucky 08,5490000.0,6.78,2,1,0,256.0,12.0,6000.0,144.0,794701.0,2400.0,Adreno 710,,,,,1,14.0,2.0,108.0,1.67,0.0,0.0,0.0,8.0,2.0,0,450.4,2,0
96,samsung galaxy s25,16760000.0,6.7,2,3,1,512.0,8.0,4900.0,,2037320.0,3210.0,Samsung Xclipse 940,,,,,1,16.0,3.0,50.0,1.8,0.0,1.0,1.0,12.0,2.2,3,384.7,3,1
97,samsung galaxy a07,4290000.0,6.7,1,2,0,256.0,8.0,5000.0,,547830.0,2200.0,Mali-G57 MP2,2.0,6.0,2.2,2.0,1,15.0,2.0,50.0,0.0,0.0,0.0,0.0,8.0,,1,261.9,2,0
98,samsung galaxy s26,30490000.0,6.7,2,3,1,512.0,12.0,4900.0,120.0,3145925.0,3800.0,Samsung Xclipse 960,,,,,1,,3.0,50.0,0.0,0.0,1.0,1.0,12.0,,3,512.9,0,0
99,xiaomi redmi a7,3990000.0,6.9,1,6,0,128.0,4.0,6000.0,120.0,,,,,,,,1,16.0,1.0,13.0,0.0,0.0,0.0,0.0,8.0,,7,,0,0
100,poco x8 promax,15290000.0,6.83,2,2,0,512.0,12.0,8.5,3840.0,3041307.0,3730.0,Mali-G925  MP12,1.0,4.0,3.73,2.4,1,16.0,2.0,50.0,1.5,1.0,0.0,1.0,20.0,,1,447.0,3,1
101,xiaomi redmi 15c,3990000.0,6.9,1,2,1,128.0,4.0,6000.0,240.0,,,,,,,,1,,1.0,50.0,1.8,0.0,0.0,0.0,8.0,2.0,7,254.3,1,0
102,meizu mblu 22,2290000.0,6.79,1,6,0,64.0,3.0,5000.0,90.0,153667.0,1600.0,PowerVR GE8322,,,,,1,15.0,1.0,13.0,1.8,0.0,0.0,0.0,5.0,2.2,4,,0,0
103,samsung galaxy z fold7,42290000.0,8.0,2,1,1,512.0,12.0,4400.0,120.0,3336910.0,4320.0,Adreno 830,,,,,1,,3.0,200.0,1.7,0.0,0.0,0.0,10.0,2.2,0,,2,0
104,samsung galaxy s26,24490000.0,6.7,2,3,1,256.0,12.0,4900.0,120.0,3145925.0,3800.0,Samsung Xclipse 960,,,,,1,,3.0,50.0,0.0,0.0,1.0,1.0,12.0,,3,512.9,3,1
105,nothing 3a,8790000.0,6.77,2,1,1,128.0,8.0,5000.0,120.0,1038717.0,2500.0,Adreno 810,,,,,1,15.0,3.0,50.0,1.88,0.0,1.0,1.0,32.0,2.2,0,387.7,2,0
106,oppo find n3,26990000.0,7.82,2,1,1,512.0,16.0,4805.0,120.0,1752044.0,3200.0,Adreno 740,1.0,3.0,3.2,2.0,1,13.0,3.0,64.0,1.7,0.0,1.0,1.0,32.0,2.2,0,426.0,2,1
107,oppo a6,8090000.0,6.57,2,2,1,128.0,8.0,7000.0,,570469.0,2200.0,Mali-G57 MP2,,,,,1,15.0,2.0,50.0,1.8,0.0,0.0,0.0,16.0,2.4,1,396.7,2,0
108,oppo a3,5780000.0,6.67,1,1,0,256.0,8.0,5100.0,90.0,,,,,,,,1,14.0,1.0,50.0,1.8,0.0,0.0,0.0,5.0,2.2,7,263.6,1,0
109,huawei mate x7,42990000.0,8.0,2,6,1,512.0,16.0,5600.0,120.0,419670.0,1850.0,PowerVR GT7600,,,,,1,,3.0,50.0,1.49,1.0,1.0,1.0,8.0,2.2,4,,0,0
110,tecno camon 40,5590000.0,6.78,2,2,1,256.0,8.0,5200.0,120.0,,,,,,,,1,15.0,2.0,50.0,1.8,0.0,0.0,1.0,50.0,,7,,2,0
111,samsung galaxy z flip7,26990000.0,6.9,2,6,1,512.0,12.0,4300.0,120.0,419670.0,1850.0,PowerVR GT7600,,,,,1,,2.0,50.0,1.8,0.0,0.0,0.0,10.0,2.2,4,,2,0
112,oppo a5i,6090000.0,6.67,1,1,1,128.0,8.0,6000.0,,,,,,,,,1,15.0,2.0,50.0,1.82,0.0,0.0,0.0,5.0,2.2,7,263.6,1,0
113,tecno spark 30 transformer,3990000.0,6.78,2,2,1,256.0,8.0,5000.0,120.0,570469.0,2200.0,Mali-G57 MP2,,,,,1,14.0,1.0,108.0,1.75,0.0,0.0,0.0,13.0,,1,,2,0
114,oppo find x5,12990000.0,6.7,2,1,1,256.0,12.0,5.0,120.0,1294632.0,3000.0,Adreno 730,,,,,1,12.0,3.0,50.0,1.7,0.0,1.0,1.0,32.0,2.4,0,525.9,1,0
115,nubia v70 design,2790000.0,6.7,1,6,1,128.0,8.0,5000.0,120.0,330006.0,1600.0,Mali-G57 MP1,,,,,1,14.0,1.0,50.0,0.0,0.0,0.0,0.0,16.0,,1,261.9,2,0
116,tecno spark go 3,3490000.0,6.75,0,6,0,64.0,4.0,5000.0,,,,,2.0,6.0,2.2,2.0,1,15.0,1.0,13.0,0.0,0.0,0.0,0.0,8.0,,7,259.9,2,0
117,nothing 2a,7190000.0,6.7,2,2,1,128.0,8.0,5000.0,120.0,,,,,,,,1,14.0,2.0,50.0,1.88,0.0,0.0,0.0,32.0,2.2,7,394.4,1,0
118,oppo a79,7060000.0,6.72,0,2,1,256.0,8.0,5000.0,90.0,527185.0,2200.0,Mali-G57 MP2,2.0,6.0,2.2,2.0,1,13.0,2.0,50.0,1.8,0.0,0.0,0.0,8.0,2.0,1,391.6,1,0
119,oppo a6t,7290000.0,6.75,1,1,1,256.0,6.0,6100.0,,461236.0,2800.0,Adreno 610,,,,,1,15.0,1.0,13.0,2.2,0.0,0.0,0.0,5.0,2.2,0,,2,0
120,oppo a6t,5290000.0,6.75,1,1,1,128.0,4.0,6100.0,,461236.0,2800.0,Adreno 610,,,,,1,15.0,1.0,13.0,2.2,0.0,0.0,0.0,5.0,2.2,0,,2,0
121,oppo a6t,4390000.0,6.75,1,1,1,64.0,4.0,6100.0,,461236.0,2800.0,Adreno 610,,,,,1,15.0,1.0,13.0,2.2,0.0,0.0,0.0,5.0,2.2,0,,2,0
122,samsung galaxy s26,26490000.0,6.3,2,3,1,512.0,12.0,4300.0,120.0,3145925.0,3800.0,Samsung Xclipse 960,,,,,1,,3.0,50.0,0.0,0.0,1.0,1.0,12.0,,3,409.1,3,1
123,meizu mblu 21,2690000.0,6.79,0,6,0,128.0,6.0,4900.0,,330006.0,1600.0,Mali-G57 MP1,,,,,1,14.0,1.0,13.0,0.0,0.0,0.0,0.0,8.0,,1,,2,0
124,nothing 2a,8490000.0,6.7,2,2,1,256.0,12.0,5000.0,120.0,,,,,,,,1,14.0,2.0,50.0,1.88,0.0,0.0,0.0,32.0,2.2,7,394.4,1,0
125,meizu mblu 22,2690000.0,6.79,1,2,1,128.0,4.0,5000.0,,357879.0,2000.0,Mali-G52 MP2,,,,,1,15.0,2.0,50.0,1.8,0.0,0.0,0.0,8.0,2.0,1,263.8,2,0
126,samsung galaxy s25,25490000.0,6.7,2,1,1,512.0,12.0,4900.0,120.0,3336910.0,4320.0,Adreno 830,,,,,1,,3.0,50.0,0.0,0.0,1.0,1.0,12.0,,0,512.9,3,1
127,samsung galaxy s25 edge,20450000.0,6.7,2,6,1,256.0,12.0,3900.0,,419670.0,1850.0,PowerVR GT7600,,,,,1,,2.0,200.0,0.0,0.0,0.0,0.0,12.0,,4,512.9,2,1
128,tecno pova 7,4990000.0,6.78,1,2,1,256.0,8.0,7000.0,120.0,,,,2.0,6.0,2.2,2.0,1,15.0,2.0,108.0,0.0,0.0,0.0,0.0,8.0,,7,396.3,2,0
129,nubia v80 design,3490000.0,6.75,1,6,1,128.0,4.0,5000.0,120.0,,,,2.0,6.0,2.2,2.0,1,16.0,2.0,50.0,0.0,0.0,0.0,0.0,16.0,,7,,2,0
130,itel rs4,2990000.0,6.56,1,2,1,128.0,8.0,5.0,120.0,,,,2.0,6.0,2.2,2.0,1,13.0,1.0,50.0,1.6,0.0,0.0,1.0,8.0,,7,269.1,2,0
131,honor x7d,7290000.0,6.77,1,1,1,256.0,8.0,6500.0,,623235.0,2300.0,Adreno 619,2.0,6.0,2.3,2.0,1,15.0,2.0,50.0,1.8,0.0,0.0,0.0,5.0,2.2,0,260.8,2,0
132,tecno camon 40,5290000.0,6.78,2,2,1,256.0,8.0,5200.0,120.0,,,,,,,,1,15.0,2.0,50.0,1.8,0.0,0.0,1.0,32.0,,7,,2,0
133,nokia hmd 105,690000.0,2.4,0,6,0,0.125,,1450.0,,,,,,,,,1,,,,,,,,,,7,,0,0
134,honor x6c,4090000.0,6.6,1,2,1,128.0,6.0,5300.0,,,,,75.0,55.0,2.0,1.7,1,15.0,1.0,50.0,1.8,0.0,0.0,0.0,5.0,2.2,7,266.4,1,0
135,nokia 220,980000.0,2.8,1,6,0,0.125,,1450.0,,,,,,,,,1,,,,,,,,,,7,,2,0
136,honor 400,12990000.0,6.55,2,1,1,512.0,12.0,6000.0,,1020938.0,2630.0,Adreno 720,,,,,1,15.0,2.0,200.0,1.9,1.0,0.0,1.0,50.0,2.0,0,460.1,3,1
137,trẻ em masstel alfa 5,1050000.0,3.5,1,6,0,0.125,,1750.0,,419670.0,1850.0,PowerVR GT7600,,,,,1,,,,,,,,,,4,114.3,1,0
138,honor x7d,5990000.0,6.77,1,1,0,128.0,8.0,6500.0,120.0,461236.0,2800.0,Adreno 610,4.0,4.0,2.8,1.9,1,15.0,2.0,108.0,1.8,0.0,0.0,0.0,8.0,2.0,0,,2,0
139,tecno camon 30,4590000.0,6.78,2,2,1,256.0,8.0,5000.0,120.0,,,,2.0,6.0,2.2,2.0,1,14.0,2.0,50.0,1.9,1.0,0.0,1.0,50.0,,7,393.0,1,0
140,tecno spark go 2,2490000.0,6.67,1,6,0,64.0,4.0,5000.0,120.0,,,,,,,,1,15.0,1.0,13.0,0.0,0.0,0.0,0.0,8.0,,7,263.0,1,0
141,honor x5c,3090000.0,6.74,1,2,1,64.0,4.0,5130.0,90.0,357879.0,2000.0,Mali-G52 MP2,,,,,1,15.0,1.0,50.0,1.8,0.0,0.0,0.0,5.0,2.2,1,260.3,1,0
142,nubia v60 design,2690000.0,6.6,0,6,0,256.0,6.0,5000.0,90.0,330006.0,1600.0,Mali-G57 MP1,,,,,1,,2.0,50.0,0.0,0.0,0.0,0.0,8.0,,1,267.5,1,0
143,honor play 10,2580000.0,6.74,1,2,0,128.0,4.0,5000.0,90.0,357879.0,2000.0,Mali-G52 MP2,,,,,1,15.0,1.0,13.0,0.0,0.0,0.0,0.0,5.0,,1,260.3,2,0
144,nokia 105,750000.0,1.77,1,6,0,0.125,,1450.0,,,,,,,,,1,,,,,,,,,,7,,1,0
145,meizu mblu 21,2290000.0,6.79,0,6,0,64.0,4.0,4900.0,,330006.0,1600.0,Mali-G57 MP1,,,,,1,14.0,1.0,13.0,0.0,0.0,0.0,0.0,8.0,,1,,2,0
146,masstel izi 15,420000.0,1.77,0,6,0,,,1000.0,,419670.0,1850.0,PowerVR GT7600,,,,,1,,,,,,,,,,4,,1,0
147,nokia 3210,1450000.0,2.4,0,6,0,0.125,,1450.0,,,,,,,,,1,,1.0,2.0,0.0,0.0,0.0,0.0,,,7,,2,0
148,masstel fami 8,580000.0,1.77,0,6,0,0.125,,1400.0,,,,,,,,,1,,,,,,,,,,7,115.8,2,0
149,honor x5c,3390000.0,6.74,1,2,1,128.0,4.0,5130.0,90.0,357879.0,2000.0,Mali-G52 MP2,,,,,1,15.0,1.0,50.0,1.8,0.0,0.0,0.0,5.0,2.2,1,260.3,1,0
150,oppo a18,2890000.0,6.56,1,2,0,64.0,4.0,5.0,90.0,349222.0,2000.0,Mali-G52 MP2,2.0,6.0,2.0,1.8,1,13.0,2.0,8.0,0.0,0.0,0.0,0.0,5.0,,1,269.1,1,0
151,viettel t2,530000.0,2.4,0,6,0,0.125,0.046875,1400.0,,,,,,,,,1,,,0.0,0.0,0.0,0.0,0.0,,,7,,0,0
152,nokia 110,820000.0,1.77,1,6,0,0.125,,1450.0,,,,,,,,,1,,,0.0,0.0,0.0,0.0,0.0,,,7,,1,0
153,oppo reno8,13990000.0,6.4,2,2,1,256.0,8.0,4500.0,90.0,954090.0,3000.0,Mali-G77 MP9,,4.0,,,1,12.0,3.0,50.0,1.8,0.0,0.0,0.0,32.0,2.4,1,411.2,1,0
154,masstel izi t5,530000.0,2.4,0,6,0,,,2300.0,,,,,,,,,1,,,,,,,,,,7,166.7,1,0
155,masstel izi t8,530000.0,2.4,0,6,0,,,2300.0,,419670.0,1850.0,PowerVR GT7600,,,,,1,,,,,,,,,,4,,2,0
156,masstel izi 22,470000.0,1.77,0,6,0,,,1000.0,,419670.0,1850.0,PowerVR GT7600,,,,,1,,,,,,,,,,4,115.8,0,0
157,masstel izi s8,485000.0,1.77,1,6,0,,,1400.0,,,,,,,,,1,,,,,,,,,,7,,2,0
158,masstel fami 25,650000.0,1.77,1,6,0,0.125,0.046875,1400.0,,,,,,,,,1,,,,,,,,,,7,,2,0
159,iphone 14 promax,25590000.0,6.7,2,0,1,128.0,6.0,4.323,120.0,,,,2.0,4.0,,,0,16.0,3.0,48.0,1.8,1.0,1.0,1.0,12.0,1.9,7,459.6,2,1
160,iphone 16,27990000.0,6.3,2,6,1,256.0,8.0,,,1808835.0,4050.0,Apple A18 Pro GPU,2.0,4.0,,,0,18.0,3.0,48.0,1.6,0.0,1.0,1.0,12.0,1.9,2,458.1,2,0
161,xiaomi redmi note 14,4390000.0,6.67,2,2,1,128.0,6.0,5500.0,120.0,,,,,,,,1,14.0,3.0,108.0,2.4,0.0,0.0,0.0,20.0,2.2,7,394.6,2,0
162,iphone 16,24490000.0,6.3,2,6,1,128.0,8.0,,,1808835.0,4050.0,Apple A18 Pro GPU,2.0,4.0,,,0,18.0,3.0,48.0,1.6,0.0,1.0,1.0,12.0,1.9,2,458.1,2,0
163,xiaomi 14t,12990000.0,6.67,2,2,1,512.0,12.0,5000.0,144.0,2347116.0,3400.0,Mali-G720  MP12,,,,,1,,3.0,50.0,1.0,0.0,1.0,1.0,32.0,2.0,1,445.8,2,0
164,nubia z70s,19990000.0,,2,1,1,256.0,12.0,6.6,144.0,3336910.0,4320.0,Adreno 830,,,,,0,15.0,3.0,64.0,1.7,0.0,1.0,1.0,16.0,,0,,2,0
165,iphone 15,23990000.0,6.1,2,6,1,128.0,8.0,3274.0,120.0,1503813.0,3780.0,Apple A17 GPU,2.0,,,,0,17.0,3.0,48.0,1.78,0.0,1.0,1.0,12.0,1.9,2,461.4,2,1
166,xiaomi 15,18490000.0,6.36,2,1,1,256.0,12.0,5240.0,120.0,3336910.0,4320.0,Adreno 830,,,,,1,,3.0,50.0,1.62,1.0,1.0,1.0,32.0,2.0,0,460.3,2,0
167,iphone,33990000.0,6.5,0,6,1,1024.0,8.0,27.0,,2606807.0,4260.0,Apple A19 Pro GPU,,,,,0,26.0,1.0,48.0,1.6,0.0,0.0,0.0,18.0,1.6,2,463.4,2,1
168,iphone 16,22390000.0,6.1,2,6,1,256.0,8.0,,,1918031.0,4050.0,Apple A18 GPU,2.0,4.0,,,0,18.0,2.0,48.0,1.6,0.0,0.0,1.0,12.0,1.9,2,461.4,2,0
169,iphone 14,22990000.0,6.1,2,0,1,128.0,6.0,3200.0,120.0,1633145.0,3460.0,Apple A16 GPU,,,,,0,16.0,3.0,48.0,1.8,1.0,1.0,1.0,12.0,1.9,2,461.4,2,1
170,honor x9c,7290000.0,6.78,2,1,1,256.0,12.0,6600.0,,733620.0,2200.0,Adreno 710,78.0,55.0,2.2,1.8,1,14.0,2.0,108.0,1.75,1.0,0.0,1.0,16.0,2.45,0,,1,0
171,iphone,28990000.0,6.5,0,6,1,512.0,8.0,27.0,,2606807.0,4260.0,Apple A19 Pro GPU,,,,,0,26.0,1.0,48.0,1.6,0.0,0.0,0.0,18.0,1.6,2,463.4,2,1
172,iphone 17e,23690000.0,6.1,0,6,1,512.0,8.0,26.0,,2239708.0,4260.0,Apple A19 GPU,2.0,4.0,,,0,26.0,2.0,48.0,1.6,0.0,1.0,0.0,12.0,1.9,2,457.3,2,1
173,samsung galaxy s24,17190000.0,6.2,2,3,1,512.0,8.0,4.0,120.0,2037320.0,3210.0,Samsung Xclipse 940,1.0,2.0,3.3,2.3,1,14.0,3.0,50.0,1.8,1.0,1.0,1.0,12.0,2.2,3,415.7,4,1
174,oppo a3x,4210000.0,6.67,1,1,0,128.0,6.0,5100.0,90.0,,,,,,,,1,,1.0,8.0,2.0,0.0,0.0,0.0,5.0,2.2,7,263.6,2,0
175,xiaomi poco x7,7990000.0,6.67,2,2,1,512.0,12.0,5110.0,120.0,,,,,,,,1,,3.0,50.0,1.5,0.0,0.0,1.0,20.0,2.2,7,445.8,2,0
176,oppo reno14,15500000.0,6.59,2,2,1,256.0,12.0,6000.0,120.0,1718082.0,3350.0,Mali-G615 MP6,,,,,1,15.0,3.0,50.0,1.8,1.0,1.0,1.0,50.0,2.0,1,460.1,2,0
177,nubia neo 3,5090000.0,6.8,1,6,1,256.0,8.0,6000.0,120.0,639225.0,2200.0,Mali-G57 MP2,2.0,6.0,2.2,2.0,1,15.0,2.0,50.0,1.8,0.0,0.0,0.0,16.0,2.0,1,,1,0
178,oppo a58,4500000.0,6.72,0,2,0,128.0,8.0,5.0,60.0,349222.0,2000.0,Mali-G52 MP2,,,,,1,13.0,2.0,50.0,0.0,0.0,0.0,0.0,8.0,,1,393.3,1,0
179,xiaomi redmi note 13,4690000.0,6.67,2,2,1,128.0,8.0,5000.0,120.0,,,,,,,,1,13.0,3.0,200.0,0.0,0.0,0.0,0.0,16.0,,7,394.6,1,0
180,xiaomi redmi note 13,6290000.0,6.67,2,1,1,256.0,8.0,5100.0,120.0,794701.0,2400.0,Adreno 710,4.0,4.0,2.4,1.95,1,13.0,3.0,200.0,0.0,0.0,0.0,0.0,16.0,,0,445.8,3,1
181,samsung galaxy s23,19490000.0,6.8,2,1,1,256.0,8.0,5.0,120.0,1752044.0,3200.0,Adreno 740,1.0,3.0,3.36,2.0,1,13.0,4.0,200.0,1.7,1.0,1.0,1.0,12.0,2.2,0,501.1,3,1
182,oppo a3,4500000.0,6.67,1,1,0,128.0,6.0,5100.0,90.0,,,,,,,,1,14.0,1.0,50.0,1.8,0.0,0.0,0.0,5.0,2.2,7,263.6,1,0
183,realme gt neo 3,,6.7,2,2,1,128.0,6.0,5000.0,120.0,1085324.0,2850.0,Mali-G610 MP6,4.0,4.0,2.85,2.0,1,12.0,3.0,50.0,1.9,0.0,0.0,1.0,16.0,2.5,1,394.4,1,0
184,iphone 13 promax,22990000.0,6.7,2,0,1,128.0,6.0,4352.0,120.0,1413275.0,3230.0,Apple A15 GPU,,,,,0,15.0,3.0,12.0,1.5,0.0,1.0,1.0,12.0,2.2,2,456.8,2,1
185,oppo find n5,44180000.0,8.12,2,1,1,512.0,16.0,5600.0,120.0,3336910.0,4320.0,Adreno 830,,,,,1,15.0,3.0,50.0,1.8,1.0,1.0,1.0,8.0,2.4,0,,3,1
186,nubia neo 2,4290000.0,6.72,1,6,1,256.0,8.0,6000.0,120.0,757199.0,2700.0,Mali-G57 MP4,1.0,4.0,2.7,2.1,1,13.0,2.0,50.0,1.8,0.0,0.0,1.0,16.0,,1,391.6,1,0
187,samsung galaxy a06,2590000.0,6.7,1,2,0,128.0,4.0,5000.0,,349222.0,2000.0,Mali-G52 MP2,,,,,1,,2.0,50.0,1.8,0.0,0.0,0.0,8.0,2.0,1,261.9,1,0
188,samsung galaxy a16,4990000.0,6.7,2,2,1,128.0,8.0,5.0,90.0,532738.0,2400.0,Mali-G57 MP2,,,,,1,,3.0,50.0,1.8,0.0,0.0,1.0,13.0,2.0,1,384.7,2,0
189,samsung galaxy note 10,26990000.0,6.8,2,3,1,256.0,12.0,4300.0,,798922.0,2730.0,Mali-G76 MP12,2.0,4.0,2.7,1.9,1,9.0,3.0,16.0,2.1,1.0,1.0,1.0,10.0,2.2,1,494.7,1,0
190,xiaomi redmi note 13,3790000.0,6.67,2,1,0,128.0,6.0,5000.0,120.0,461236.0,2800.0,Adreno 610,,,,,1,13.0,3.0,108.0,0.0,0.0,0.0,0.0,16.0,,0,394.6,1,0
191,redmi note 13,6990000.0,6.67,2,1,1,512.0,12.0,5100.0,120.0,794701.0,2400.0,Adreno 710,4.0,4.0,2.4,1.95,1,13.0,3.0,200.0,0.0,0.0,0.0,0.0,16.0,,0,445.8,1,0
192,oppo reno14 f,10100000.0,6.57,2,1,1,256.0,8.0,6000.0,120.0,733620.0,2200.0,Adreno 710,,,,,1,15.0,3.0,50.0,1.8,1.0,0.0,1.0,32.0,2.0,0,396.7,2,0
193,samsung galaxy s24,23990000.0,6.8,2,1,1,512.0,12.0,5000.0,120.0,2341391.0,3300.0,Adreno 750,,,,,1,14.0,4.0,200.0,2.2,1.0,1.0,1.0,12.0,2.2,0,505.3,4,1
194,iphone 11,8490000.0,6.1,1,0,1,128.0,4.0,3110.0,,1091336.0,2650.0,Apple A13 GPU,,,,,0,13.0,1.0,12.0,1.8,0.0,0.0,1.0,12.0,2.2,2,323.6,2,1
195,xiaomi poco x6,7540000.0,6.67,2,2,1,256.0,8.0,5000.0,120.0,,,,,,,,1,14.0,3.0,64.0,1.7,0.0,0.0,1.0,16.0,,7,445.8,1,0
196,samsung galaxy s20,21490000.0,6.2,2,3,0,128.0,8.0,4000.0,,901199.0,2730.0,Mali-G77 MP11,2.0,4.0,2.73,2.0,1,10.0,3.0,64.0,1.8,1.0,1.0,1.0,10.0,2.2,1,566.0,1,0
197,oppo reno10,8490000.0,6.7,2,2,1,256.0,8.0,5000.0,120.0,802497.0,2600.0,Mali-G68 MP4,,,,,1,13.0,3.0,64.0,1.7,0.0,1.0,1.0,32.0,2.4,1,394.4,1,0
198,iphone 12,9990000.0,6.1,2,0,1,128.0,4.0,20.0,,1337390.0,3100.0,Apple A14 GPU,,,,,0,14.1,2.0,12.0,1.6,1.0,0.0,1.0,12.0,2.2,2,457.3,2,1
199,xiaomi 14t,11290000.0,6.67,2,2,1,512.0,12.0,5000.0,144.0,,,,,,,,1,,4.0,50.0,1.0,0.0,1.0,1.0,32.0,2.0,7,445.8,2,0
200,iphone 13 promax,23990000.0,6.7,2,0,1,256.0,6.0,4352.0,120.0,1413275.0,3230.0,Apple A15 GPU,,,,,0,15.0,3.0,12.0,1.5,0.0,1.0,1.0,12.0,2.2,2,456.8,2,1
201,iphone 12 mini i,9990000.0,5.4,2,0,1,64.0,4.0,20.0,,1337390.0,3100.0,Apple A14 GPU,,,,,0,14.1,2.0,12.0,1.6,1.0,0.0,1.0,12.0,2.2,2,477.3,2,1
202,nubia,5490000.0,6.78,2,6,0,256.0,8.0,5000.0,120.0,639225.0,2200.0,Mali-G57 MP2,,,,,1,15.0,2.0,50.0,0.0,0.0,0.0,0.0,20.0,,1,,2,0
203,iphone 15,26290000.0,6.1,2,6,1,256.0,8.0,3274.0,120.0,1503813.0,3780.0,Apple A17 GPU,2.0,,,,0,17.0,3.0,48.0,1.78,0.0,1.0,1.0,12.0,1.9,2,461.4,2,1
204,oppo find n,,7.1,2,1,1,256.0,8.0,4500.0,120.0,1118041.0,2840.0,Adreno 660,1.0,4.0,2.84,1.8,1,11.0,3.0,50.0,1.8,0.0,1.0,1.0,32.0,2.4,0,,1,0
205,samsung galaxy s24,11490000.0,6.7,2,3,1,128.0,8.0,4700.0,120.0,1971406.0,3110.0,Samsung Xclipse 940,,,,,1,14.0,2.0,50.0,0.0,0.0,0.0,0.0,10.0,,3,392.8,0,0
206,samsung galaxy a15,4290000.0,6.5,2,6,1,128.0,8.0,5000.0,90.0,,,,2.0,6.0,2.2,2.0,1,14.0,3.0,50.0,0.0,0.0,0.0,0.0,13.0,,7,396.5,1,0
207,xiaomi redmi note 12s,4990000.0,6.43,2,2,0,256.0,8.0,5000.0,90.0,493222.0,2050.0,Mali-G57 MP2,,,,,1,13.0,3.0,108.0,1.89,0.0,0.0,1.0,16.0,2.45,1,409.3,1,0
208,itel p55,2590000.0,6.6,0,6,0,128.0,8.0,5000.0,90.0,330006.0,1600.0,Mali-G57 MP1,,,,,1,13.0,1.0,50.0,0.0,0.0,0.0,1.0,8.0,,1,,0,0
209,samsung galaxy s23,22290000.0,6.8,2,1,1,512.0,12.0,5000.0,120.0,1752044.0,3200.0,Adreno 740,1.0,3.0,3.36,2.0,1,,4.0,200.0,1.7,1.0,1.0,1.0,12.0,2.2,0,501.1,3,1
210,honor 400,8130000.0,6.7,2,2,1,256.0,12.0,5230.0,,,,,2.0,6.0,2.5,2.0,1,15.0,2.0,108.0,1.75,0.0,0.0,1.0,16.0,2.45,7,394.4,3,1
211,tecno pova 6 neo,3890000.0,6.78,1,2,1,128.0,8.0,7000.0,120.0,,,,2.0,6.0,2.2,2.0,1,14.0,1.0,50.0,0.0,0.0,0.0,0.0,8.0,,7,396.3,2,0
212,oppo reno13 f,8990000.0,6.67,2,1,1,256.0,12.0,5800.0,120.0,,,,,,,,1,15.0,3.0,50.0,1.8,1.0,0.0,1.0,32.0,2.4,7,394.6,2,0
213,xiaomi redmi note 12,3790000.0,6.67,2,1,0,128.0,4.0,5000.0,120.0,461236.0,2800.0,Adreno 610,2.0,6.0,2.0,1.8,1,13.0,3.0,50.0,1.8,0.0,0.0,1.0,13.0,2.45,0,394.6,1,0
214,samsung galaxy m55,7990000.0,6.7,2,1,1,256.0,12.0,5000.0,120.0,829085.0,2400.0,Adreno 644,1.0,4.0,2.4,1.8,1,14.0,3.0,50.0,1.8,1.0,0.0,1.0,50.0,2.4,0,392.8,1,0
215,redmi k50,,6.67,2,1,1,128.0,8.0,4700.0,120.0,1294632.0,3000.0,Adreno 730,1.0,4.0,3.0,1.8,1,12.0,3.0,64.0,1.9,0.0,0.0,1.0,20.0,2.4,0,394.6,1,0
216,samsung galaxy a25,4690000.0,6.5,2,3,1,128.0,6.0,5000.0,120.0,605067.0,2400.0,Mali-G68 MP4,2.0,6.0,2.4,2.0,1,14.0,3.0,50.0,0.0,0.0,0.0,0.0,13.0,,1,396.5,1,0
217,tecno spark 40,3590000.0,6.67,1,2,1,256.0,8.0,5200.0,,354158.0,2000.0,Mali-G52 MP2,,,,,1,15.0,1.0,50.0,0.0,0.0,0.0,0.0,8.0,,1,263.0,1,0
218,samsung galaxy note 10,13800000.0,6.3,2,3,1,256.0,8.0,3500.0,,798922.0,2730.0,Mali-G76 MP12,,,,,1,,3.0,16.0,2.1,1.0,1.0,1.0,10.0,2.2,1,400.5,1,0
219,samsung galaxy a16,3390000.0,6.7,2,2,1,128.0,4.0,5.0,90.0,547830.0,2200.0,Mali-G57 MP2,,,,,1,15.0,3.0,50.0,1.8,0.0,0.0,1.0,13.0,,1,384.7,2,0
220,samsung galaxy z flip6,19990000.0,6.7,2,1,1,256.0,12.0,4000.0,120.0,2341391.0,3300.0,Adreno 750,,,,,1,,2.0,50.0,1.8,0.0,0.0,1.0,10.0,2.2,0,425.7,3,1
221,samsung galaxy s24,18990000.0,6.7,2,3,1,512.0,12.0,4.0,120.0,2037320.0,3210.0,Samsung Xclipse 940,,,,,1,14.0,3.0,50.0,1.8,1.0,1.0,1.0,12.0,2.2,3,512.9,4,1
222,xiaomi redmi 13c,2990000.0,6.74,1,2,0,128.0,6.0,5000.0,90.0,349222.0,2000.0,Mali-G52 MP2,,,,,1,13.0,2.0,50.0,0.0,0.0,0.0,0.0,8.0,,1,260.3,1,0
223,oppo a5i,3690000.0,6.67,1,1,0,128.0,4.0,5100.0,,,,,,,,,1,,1.0,8.0,2.0,0.0,0.0,0.0,5.0,2.2,7,263.6,1,0
224,iphone 13,14990000.0,6.1,2,6,1,256.0,4.0,3240.0,60.0,,,,,,,,0,15.0,2.0,12.0,1.6,0.0,0.0,1.0,12.0,2.2,7,457.3,2,1
225,samsung galaxy s22,30990000.0,6.8,2,1,1,128.0,8.0,5000.0,120.0,1294632.0,3000.0,Adreno 730,1.0,4.0,3.0,1.8,1,12.0,4.0,108.0,1.8,0.0,0.0,1.0,40.0,2.2,0,501.1,3,1
226,tecno camon 30s,4090000.0,6.78,2,6,1,256.0,8.0,5000.0,120.0,,,,,,,,1,14.0,3.0,100.0,0.0,1.0,0.0,0.0,13.0,,7,393.0,1,0
227,xiaomi redmi note 12,6590000.0,6.67,2,2,1,256.0,8.0,5.0,120.0,722902.0,2600.0,Mali-G68 MP4,2.0,6.0,2.6,2.0,1,12.0,3.0,50.0,1.9,1.0,0.0,1.0,16.0,,1,394.6,1,0
228,iphone 15,21290000.0,6.7,2,0,1,256.0,6.0,4383.0,60.0,1633145.0,3460.0,Apple A16 GPU,2.0,4.0,,,0,17.0,2.0,48.0,0.0,0.0,0.0,0.0,12.0,1.9,2,459.6,2,1
229,samsung galaxy a54,7390000.0,6.4,2,3,1,128.0,8.0,5000.0,120.0,765609.0,2400.0,Mali-G68 MP5,4.0,4.0,2.4,2.0,1,13.0,3.0,50.0,1.8,1.0,0.0,1.0,32.0,2.2,1,402.7,1,0
230,nubia redmagic 8s,18990000.0,6.8,2,1,1,256.0,12.0,6000.0,120.0,1752044.0,3200.0,Adreno 740,1.0,4.0,3.0,1.8,1,13.0,3.0,50.0,1.9,0.0,0.0,1.0,16.0,2.0,0,399.9,1,0
231,tecno spark 40,3290000.0,6.67,1,2,1,128.0,6.0,5200.0,,354158.0,2000.0,Mali-G52 MP2,,,,,1,15.0,1.0,50.0,0.0,0.0,0.0,0.0,8.0,,1,263.0,1,0
232,oppo a58,4090000.0,6.72,1,2,0,128.0,6.0,5000.0,,349222.0,2000.0,Mali-G52 MP2,2.0,6.0,2.2,2.0,1,13.0,2.0,50.0,1.8,0.0,0.0,0.0,8.0,2.0,1,391.6,1,0
233,realme 13,6590000.0,6.67,2,2,1,256.0,8.0,5000.0,120.0,,,,4.0,4.0,2.5,2.5,1,14.0,2.0,50.0,0.0,1.0,0.0,0.0,16.0,2.4,7,394.6,2,0
234,samsung galaxy s22 đã kích hoạt online,18990000.0,6.8,2,1,1,256.0,12.0,5000.0,120.0,1294632.0,3000.0,Adreno 730,1.0,4.0,3.0,1.8,1,12.0,4.0,108.0,1.8,0.0,0.0,1.0,40.0,2.2,0,501.1,3,1
235,samsung galaxy a23,3600000.0,6.6,1,1,0,128.0,4.0,5.0,120.0,415362.0,2400.0,Adreno 610,4.0,4.0,2.4,1.9,1,12.0,4.0,50.0,0.0,0.0,0.0,0.0,8.0,2.2,0,399.9,1,0
236,samsung galaxy a05s,3290000.0,6.7,1,1,0,128.0,6.0,5000.0,90.0,415362.0,2400.0,Adreno 610,4.0,4.0,2.4,1.9,1,14.0,3.0,50.0,1.8,0.0,0.0,0.0,13.0,2.0,0,392.8,1,0
237,honor x7c,4300000.0,6.77,1,1,0,256.0,8.0,6000.0,,461236.0,2800.0,Adreno 610,4.0,4.0,2.8,1.9,1,14.0,2.0,108.0,1.75,0.0,0.0,0.0,8.0,2.0,0,,1,0
238,xiaomi redmi note 12,5690000.0,6.67,2,1,1,256.0,8.0,5000.0,120.0,517306.0,2300.0,Adreno 618,2.0,6.0,2.2,1.8,1,11.0,4.0,108.0,1.9,0.0,0.0,1.0,16.0,2.45,0,394.6,1,0
239,itel rs4,3290000.0,6.56,1,2,1,256.0,8.0,5.0,120.0,,,,2.0,6.0,2.2,2.0,1,13.0,1.0,50.0,1.6,0.0,0.0,1.0,8.0,,7,269.1,2,0
240,xiaomi redmi note 11,5790000.0,6.67,2,2,1,128.0,8.0,5000.0,120.0,493222.0,2050.0,Mali-G57 MP2,,,,,1,11.0,4.0,108.0,1.9,0.0,1.0,1.0,16.0,2.4,1,394.6,1,0
241,samsung galaxy note 20,32990000.0,6.9,2,3,1,256.0,12.0,4500.0,120.0,901199.0,2730.0,Mali-G77 MP11,2.0,4.0,2.73,2.0,1,10.0,3.0,108.0,1.8,1.0,1.0,1.0,10.0,2.2,1,493.8,1,0
242,realme note 60,2490000.0,6.74,1,6,0,64.0,4.0,5000.0,90.0,,,,2.0,6.0,1.8,1.8,1,14.0,1.0,32.0,0.0,0.0,0.0,0.0,5.0,,7,260.3,2,0
243,samsung galaxy z fold4,22490000.0,7.6,2,1,1,256.0,12.0,4.0,120.0,1411891.0,3200.0,Adreno 730,1.0,4.0,3.18,2.0,1,12.0,3.0,50.0,1.8,0.0,1.0,1.0,10.0,,0,372.6,2,1
244,samsung galaxy note 20,23990000.0,6.7,2,3,0,256.0,8.0,4300.0,,901199.0,2730.0,Mali-G77 MP11,2.0,4.0,2.73,2.0,1,10.0,3.0,64.0,1.8,1.0,1.0,1.0,10.0,2.2,1,392.8,1,0
245,xiaomi 13,24490000.0,6.73,2,1,1,256.0,12.0,4820.0,,1752044.0,3200.0,Adreno 740,,,,,1,13.0,3.0,50.0,1.9,0.0,1.0,1.0,32.0,2.0,0,521.4,1,0
246,masstel s7,2090000.0,6.745,1,6,0,128.0,4.0,5000.0,60.0,153667.0,1600.0,PowerVR GE8322,,,,,1,14.0,1.0,13.0,2.0,0.0,0.0,0.0,5.0,2.0,4,260.1,2,0
247,samsung galaxy s20,7200000.0,6.5,2,1,1,256.0,8.0,4500.0,120.0,964589.0,2840.0,Adreno 650,1.0,4.0,2.84,1.8,1,10.0,3.0,12.0,1.8,0.0,1.0,1.0,32.0,2.0,0,404.9,1,0
248,samsung galaxy s23,19990000.0,6.6,2,1,1,256.0,8.0,4700.0,120.0,1752044.0,3200.0,Adreno 740,1.0,3.0,3.2,2.0,1,13.0,3.0,50.0,1.8,1.0,1.0,1.0,12.0,2.2,0,390.5,3,1
249,vivo y28,6490000.0,6.68,1,2,0,256.0,8.0,6000.0,90.0,349222.0,2000.0,Mali-G52 MP2,2.0,6.0,2.0,1.8,1,14.0,2.0,50.0,1.8,0.0,0.0,0.0,8.0,2.05,1,263.7,2,0
250,zte nubia z60s,9990000.0,6.78,2,1,1,256.0,12.0,5100.0,120.0,1752044.0,3200.0,Adreno 740,,,,,1,14.0,3.0,50.0,1.56,0.0,1.0,1.0,16.0,2.45,0,382.9,2,0
251,oppo reno11 f,6990000.0,6.7,2,2,1,256.0,8.0,5000.0,120.0,802497.0,2600.0,Mali-G68 MP4,2.0,6.0,2.6,2.0,1,14.0,3.0,64.0,1.7,0.0,0.0,1.0,32.0,2.4,1,394.4,1,0
252,iphone 15 promax,31990000.0,6.7,2,6,1,1024.0,8.0,4422.0,120.0,1503813.0,3780.0,Apple A17 GPU,2.0,,,,0,17.0,3.0,48.0,1.78,0.0,1.0,1.0,12.0,1.9,2,459.6,2,1
253,samsung galaxy s21,8800000.0,6.4,2,3,1,128.0,8.0,4500.0,120.0,1042710.0,2900.0,Mali-G78 MP14,1.0,4.0,2.9,2.2,1,12.0,3.0,12.0,1.8,1.0,1.0,1.0,32.0,2.2,1,402.7,1,0
254,asus rog 6,14490000.0,6.78,2,1,1,256.0,12.0,6000.0,165.0,1411891.0,3200.0,Adreno 730,,,,,1,12.0,3.0,50.0,1.9,0.0,0.0,1.0,12.0,,0,394.6,1,0
255,xiaomi 12t,5490000.0,6.67,2,2,1,128.0,8.0,5000.0,120.0,,,,,,,,1,12.0,3.0,108.0,0.0,0.0,0.0,0.0,20.0,,7,445.8,1,0
256,sony xperia 1vi,22990000.0,6.5,2,1,1,256.0,12.0,5000.0,120.0,2341391.0,3300.0,Adreno 750,,,,,1,,4.0,52.0,1.9,0.0,0.0,0.0,12.0,2.0,0,,0,0
257,nubia v70,2390000.0,6.9,1,6,1,128.0,4.0,6000.0,120.0,330006.0,1600.0,Mali-G57 MP1,,,,,1,15.0,1.0,50.0,0.0,0.0,0.0,0.0,8.0,,1,259.6,2,0
258,xiaomi 13t,,6.67,2,2,1,512.0,12.0,5.0,144.0,1798756.0,3350.0,Mali-G715  MP11,,,,,1,13.0,3.0,50.0,0.0,0.0,1.0,1.0,20.0,2.0,1,445.8,3,1
259,xiaomi 13,8290000.0,6.55,2,1,1,256.0,8.0,4500.0,120.0,829085.0,2400.0,Adreno 644,,,,,1,12.0,3.0,50.0,1.8,0.0,0.0,1.0,32.0,2.4,0,401.8,1,0
260,google pixel 7,,6.7,0,6,1,128.0,8.0,5000.0,120.0,1158921.0,2850.0,Mali-G710 MP7,2.0,4.0,2.85,1.8,1,13.0,3.0,50.0,1.9,1.0,1.0,1.0,8.0,2.2,1,512.9,2,1
261,samsung galaxy a14,2990000.0,6.6,1,3,1,128.0,4.0,5.0,60.0,231906.0,2000.0,Mali-G52 MP1,,,,,1,13.0,3.0,50.0,0.0,0.0,0.0,0.0,13.0,,1,399.9,1,0
262,samsung galaxy a52s,10990000.0,6.5,2,1,1,128.0,8.0,4500.0,120.0,780000.0,2400.0,Adreno 642,1.0,4.0,2.4,1.9,1,11.0,4.0,64.0,1.8,1.0,0.0,1.0,32.0,2.2,0,404.9,1,0
263,zte blade v50 design,2790000.0,6.6,1,6,0,128.0,8.0,5000.0,90.0,,,,2.0,6.0,1.6,1.6,1,13.0,3.0,50.0,1.8,0.0,0.0,0.0,8.0,2.0,7,399.9,1,0
264,xiaomi redmi note 11 proplus,6090000.0,6.67,2,2,1,256.0,8.0,4500.0,120.0,750481.0,2500.0,Mali-G68 MP4,2.0,6.0,2.5,2.0,1,11.0,3.0,108.0,1.8,0.0,0.0,1.0,16.0,2.0,1,394.6,1,0
265,iphone 14,15990000.0,6.7,2,0,1,128.0,6.0,4325.0,60.0,1413275.0,3230.0,Apple A15 GPU,,,,,0,16.0,2.0,12.0,1.5,0.0,0.0,1.0,12.0,1.9,2,456.8,2,1
266,huawei p60,,6.66,2,1,1,128.0,8.0,4815.0,120.0,1411891.0,3200.0,Adreno 730,1.0,4.0,3.0,1.8,1,,3.0,48.0,1.4,1.0,1.0,1.0,13.0,2.4,0,,1,0
267,xiaomi black shark 5,,6.66,2,1,1,128.0,8.0,4650.0,144.0,1005598.0,3200.0,Adreno 650,1.0,4.0,3.2,1.8,1,12.0,3.0,64.0,1.8,0.0,0.0,1.0,16.0,,0,395.2,1,0
268,vivo y16,4490000.0,6.51,1,2,0,128.0,4.0,5.0,,199111.0,2300.0,PowerVR GE8320,4.0,4.0,2.3,1.8,1,12.0,2.0,13.0,2.2,0.0,0.0,0.0,5.0,,4,269.5,1,0
269,iphone 14,24990000.0,6.1,2,0,1,256.0,6.0,3200.0,120.0,1633145.0,3460.0,Apple A16 GPU,,,,,0,16.0,3.0,48.0,1.8,1.0,1.0,1.0,12.0,1.9,2,461.4,2,1
270,xiaomi poco x4,6090000.0,6.67,2,1,1,128.0,6.0,5000.0,120.0,592489.0,2200.0,Adreno 619,2.0,6.0,2.2,1.7,1,11.0,3.0,108.0,0.0,0.0,0.0,0.0,16.0,,0,394.6,1,0
271,samsung galaxy s24,16790000.0,6.2,2,3,1,256.0,8.0,4000.0,120.0,2037320.0,3210.0,Samsung Xclipse 940,1.0,2.0,3.3,2.3,1,14.0,3.0,50.0,1.8,1.0,1.0,1.0,12.0,2.2,3,415.7,4,1
272,nubia a56,3390000.0,6.75,1,6,0,128.0,4.0,5000.0,90.0,419670.0,1850.0,PowerVR GT7600,,,,,1,15.0,1.0,13.0,0.0,0.0,0.0,0.0,8.0,,4,259.9,2,0
273,tecno camon 30,4990000.0,6.78,2,2,1,256.0,12.0,5000.0,120.0,,,,2.0,6.0,2.2,2.0,1,14.0,2.0,50.0,1.9,1.0,0.0,1.0,50.0,,7,393.0,1,0
274,samsung galaxy z fold5,27990000.0,7.6,2,1,1,256.0,12.0,4.4,120.0,1752044.0,3200.0,Adreno 740,1.0,3.0,3.36,2.0,1,13.0,3.0,50.0,1.8,1.0,1.0,1.0,10.0,1.8,0,372.6,2,1
275,samsung galaxy a72,11490000.0,6.7,2,1,1,256.0,8.0,5000.0,90.0,514122.0,2300.0,Adreno 618,2.0,6.0,2.3,1.8,1,11.0,4.0,64.0,1.8,1.0,1.0,1.0,32.0,2.2,0,392.8,1,0
276,oppo a55,3490000.0,6.51,1,2,0,64.0,4.0,5000.0,60.0,200794.0,2300.0,PowerVR GE8320,4.0,4.0,2.3,1.8,1,11.0,3.0,50.0,2.2,0.0,0.0,1.0,16.0,2.0,4,269.5,1,0
277,nubia a36,2890000.0,6.75,1,6,0,64.0,4.0,5000.0,90.0,419670.0,1850.0,PowerVR GT7600,,,,,1,15.0,1.0,13.0,0.0,0.0,0.0,0.0,5.0,,4,259.9,2,0
278,oppo reno 7,9990000.0,6.5,2,2,1,256.0,12.0,4500.0,90.0,,,,,,,,1,11.0,3.0,50.0,0.0,0.0,0.0,1.0,32.0,2.4,7,404.9,1,0
279,xiaomi redmi 12c,2190000.0,6.71,1,2,0,64.0,4.0,5.0,,,,,2.0,6.0,2.0,1.8,1,13.0,1.0,50.0,0.0,0.0,0.0,1.0,5.0,,7,268.3,1,0
280,samsung galaxy s22,16990000.0,6.6,2,1,1,128.0,8.0,4500.0,120.0,1294632.0,3000.0,Adreno 730,1.0,4.0,3.0,1.79,1,12.0,3.0,50.0,1.8,0.0,1.0,1.0,10.0,2.2,0,390.5,3,1
281,samsung galaxy a54,7890000.0,6.4,2,3,1,256.0,8.0,5000.0,120.0,765609.0,2400.0,Mali-G68 MP5,4.0,4.0,2.4,2.0,1,13.0,3.0,50.0,1.8,1.0,0.0,1.0,32.0,2.2,1,402.7,1,0
282,honor x5b,2160000.0,6.56,1,2,0,64.0,4.0,5200.0,,195539.0,2200.0,PowerVR GE8320,4.0,4.0,2.2,1.6,1,14.0,1.0,13.0,1.8,0.0,0.0,0.0,5.0,2.2,4,269.1,1,0
283,samsung galaxy m14,4490000.0,6.6,1,3,1,128.0,4.0,6.0,90.0,592392.0,2400.0,Mali-G68 MP2,2.0,6.0,2.4,2.0,1,13.0,3.0,50.0,1.8,0.0,0.0,1.0,13.0,2.0,1,399.9,1,0
284,iphone 13,21990000.0,6.1,2,0,1,128.0,6.0,3.0,120.0,1413275.0,3230.0,Apple A15 GPU,,,,,0,15.0,3.0,12.0,1.5,0.0,1.0,1.0,12.0,2.2,2,457.3,2,1
285,xiaomi 13,,6.73,2,1,1,256.0,12.0,5.0,120.0,1752044.0,3200.0,Adreno 740,1.0,3.0,3.2,2.0,1,13.0,4.0,50.38,1.8,1.0,1.0,1.0,32.0,2.0,0,391.1,1,0
286,realme c33,2190000.0,6.5,1,6,0,64.0,4.0,5.0,60.0,,,,,,,,1,12.0,2.0,50.0,0.0,0.0,0.0,0.0,5.0,,7,269.9,1,0
287,honor x40,,6.66,2,1,0,128.0,6.0,5100.0,120.0,592489.0,2200.0,Adreno 619,2.0,6.0,2.2,1.7,1,12.0,2.0,50.0,1.8,0.0,0.0,1.0,8.0,2.0,0,395.2,1,0
288,infinix note 40,5790000.0,6.78,2,2,1,256.0,8.0,5000.0,120.0,,,,2.0,6.0,2.2,2.0,1,,3.0,108.0,1.75,0.0,0.0,0.0,32.0,2.2,7,393.0,1,0
289,realme 9,7990000.0,6.6,1,1,0,128.0,8.0,5000.0,120.0,592489.0,2200.0,Adreno 619,,,,,1,12.0,3.0,64.0,1.79,0.0,0.0,1.0,16.0,,0,400.4,1,0
290,oppo reno8 t,6290000.0,6.4,2,2,1,256.0,8.0,5000.0,90.0,547830.0,2200.0,Mali-G57 MP2,,,,,1,13.0,3.0,100.0,0.0,0.0,0.0,0.0,32.0,,1,411.2,1,0
291,samsung galaxy s23,22990000.0,6.6,2,1,1,512.0,8.0,4700.0,120.0,1752044.0,3200.0,Adreno 740,1.0,3.0,3.2,2.0,1,13.0,3.0,50.0,1.8,1.0,1.0,1.0,12.0,2.2,0,390.5,3,1
292,samsung galaxy s22,21990000.0,6.1,2,1,1,128.0,8.0,3700.0,120.0,1294632.0,3000.0,Adreno 730,1.0,4.0,3.0,1.79,1,12.0,3.0,50.0,1.8,0.0,1.0,1.0,10.0,2.2,0,422.5,3,1
293,samsung galaxy buddy2,,6.6,1,1,1,128.0,4.0,5.0,,525163.0,2200.0,Adreno 619,,,,,1,12.0,1.0,50.0,0.0,0.0,0.0,0.0,8.0,,0,,0,0
294,masstel izi 16,450000.0,1.77,0,6,0,0.125,,1000.0,,419670.0,1850.0,PowerVR GT7600,,,,,1,,,,,,,,,,4,,1,0
295,redmi k60,,6.66,2,1,1,128.0,8.0,5500.0,120.0,,,,1.0,4.0,3.0,1.8,1,13.0,3.0,64.0,1.8,1.0,0.0,1.0,16.0,,7,526.9,1,0
296,realme c60,2390000.0,6.74,1,6,0,64.0,4.0,5000.0,90.0,,,,,,,,1,13.0,1.0,13.0,0.0,0.0,0.0,0.0,5.0,,7,260.3,1,0
297,tecno spark 30c,2190000.0,6.67,0,2,1,128.0,4.0,5000.0,,357879.0,2000.0,Mali-G52 MP2,2.0,6.0,2.0,1.7,1,14.0,1.0,48.0,0.0,0.0,0.0,0.0,8.0,,1,263.0,0,0
298,vivo x90,,6.78,2,2,1,256.0,8.0,4870.0,120.0,1755232.0,3050.0,Mali-G715  MP11,1.0,4.0,3.05,1.8,1,13.0,3.0,50.3,1.6,1.0,1.0,1.0,32.0,2.5,1,,1,0
299,vivo y02s 3g,3290000.0,6.51,1,2,0,32.0,3.0,5000.0,60.0,199111.0,2300.0,PowerVR GE8320,4.0,4.0,2.3,1.8,1,12.0,1.0,8.0,0.0,0.0,0.0,0.0,5.0,,4,269.5,1,0
300,xiaomi 14,,6.8,2,1,1,128.0,8.0,5.0,120.0,1411891.0,3200.0,Adreno 730,,,,,1,,3.0,64.0,0.0,0.0,0.0,0.0,32.0,,0,,0,0
301,vivo iqoo 10,,6.78,2,1,1,256.0,8.0,4700.0,120.0,1411891.0,3200.0,Adreno 730,1.0,4.0,3.19,1.8,1,12.0,3.0,50.0,1.9,0.0,1.0,1.0,16.0,2.5,0,517.6,1,0
302,xiaomi mi 10,,6.66,2,1,1,256.0,12.0,4500.0,,964589.0,2840.0,Adreno 650,1.0,4.0,2.84,1.8,1,11.0,3.0,48.0,1.9,1.0,1.0,1.0,20.0,2.3,0,387.0,1,0
303,red magic 7s,,6.8,2,1,1,256.0,12.0,5000.0,120.0,1411891.0,3200.0,Adreno 730,1.0,4.0,3.19,1.8,1,12.0,3.0,64.0,1.8,0.0,0.0,1.0,16.0,,0,387.0,1,0
304,zte blade a72,1990000.0,6.745,1,6,0,128.0,3.0,5130.0,90.0,,,,2.0,6.0,1.6,1.6,1,,3.0,13.0,0.0,0.0,0.0,0.0,5.0,,7,260.1,1,0
305,samsung galaxy a21s,4690000.0,6.5,1,3,0,64.0,6.0,5000.0,,231906.0,2000.0,Mali-G52 MP1,4.0,4.0,2.0,2.0,1,10.0,4.0,48.0,2.0,0.0,0.0,1.0,13.0,2.2,1,269.9,1,0
306,samsung galaxy a75,,6.4,2,1,0,128.0,6.0,6000.0,90.0,1118041.0,2840.0,Adreno 660,,,,,1,,4.0,108.0,0.0,0.0,0.0,0.0,32.0,,0,411.2,0,0
307,vivo x90,,6.78,2,2,1,128.0,8.0,4810.0,120.0,1755232.0,3050.0,Mali-G715  MP11,1.0,4.0,3.05,1.8,1,13.0,3.0,50.0,1.8,1.0,1.0,1.0,32.0,2.5,1,,1,0
308,samsung galaxy a06s,,6.8,1,2,0,128.0,6.0,6.0,,353817.0,2000.0,Mali-G52 MP2,,,,,1,,3.0,13.0,0.0,0.0,0.0,0.0,5.0,,1,,0,0
309,oppo reno9,,6.75,2,1,1,128.0,12.0,4.6,120.0,1208784.0,2995.0,Adreno 660,,,,,1,,4.0,64.0,1.9,1.0,1.0,1.0,13.0,,0,391.0,0,0
310,vivo iqoo 10,,6.78,2,1,1,128.0,8.0,4700.0,,1411891.0,3200.0,Adreno 730,1.0,4.0,3.19,1.8,1,12.0,3.0,50.0,1.9,1.0,1.0,1.0,16.0,2.5,0,388.2,1,0
311,oppo find n2,,7.0,2,1,1,256.0,12.0,4520.0,120.0,1411891.0,3200.0,Adreno 730,1.0,4.0,3.0,2.0,1,13.0,3.0,50.0,1.8,0.0,1.0,1.0,32.0,2.4,0,,1,0
312,samsung galaxy a24,,6.5,2,2,1,128.0,6.0,5000.0,90.0,,,,2.0,6.0,2.2,2.0,1,13.0,3.0,50.0,1.8,1.0,0.0,1.0,13.0,2.0,7,396.5,1,0
313,samsung galaxy a74,,6.7,2,1,0,256.0,12.0,5.0,,1005598.0,3200.0,Adreno 650,,,,,1,,4.0,108.0,0.0,0.0,0.0,0.0,44.0,,0,,1,0
314,xiaomi mix alpha,,7.9,2,1,1,512.0,12.0,4050.0,,859084.0,2960.0,Adreno 640,1.0,4.0,2.96,1.8,1,10.0,3.0,108.0,0.0,0.0,0.0,0.0,,,0,,1,0
315,vivo y01,,6.51,1,6,0,32.0,2.0,5000.0,,419670.0,1850.0,PowerVR GT7600,,,,,1,11.0,1.0,8.0,0.0,0.0,0.0,0.0,5.0,,4,269.5,1,0
316,oppo a97,,6.56,1,6,0,256.0,8.0,5000.0,90.0,419670.0,1850.0,PowerVR GT7600,,,,,1,12.0,2.0,50.0,1.8,0.0,0.0,1.0,8.0,2.0,4,402.9,1,0
317,vivo iqoo 9,,6.78,2,1,1,256.0,8.0,4700.0,,1294632.0,3000.0,Adreno 730,1.0,4.0,3.0,1.8,1,12.0,3.0,50.0,1.8,1.0,1.0,1.0,16.0,2.5,0,517.6,1,0
318,vivo x90 proplus,,6.78,2,1,1,256.0,12.0,4700.0,120.0,1752044.0,3200.0,Adreno 740,1.0,3.0,3.2,2.0,1,13.0,3.0,64.0,1.6,1.0,1.0,1.0,32.0,2.5,0,517.6,1,0
319,vivo 10 note,,7.0,2,1,1,256.0,8.0,5000.0,120.0,1294632.0,3000.0,Adreno 730,1.0,4.0,3.0,1.8,1,12.0,4.0,50.0,1.6,1.0,1.0,1.0,16.0,2.5,0,485.7,1,0
320,oppo find x6,,6.7,2,1,1,256.0,12.0,4.5,120.0,,,,,,,,1,,4.0,50.0,0.0,0.0,0.0,0.0,32.0,,7,,0,0
321,tecno spark 7,,6.5,1,2,0,32.0,2.0,6000.0,,,,,,,,,1,11.0,2.0,16.0,1.8,0.0,0.0,0.0,8.0,2.0,7,232.2,1,0
322,xperia 10 5,,6.1,2,1,1,128.0,8.0,5000.0,60.0,592489.0,2200.0,Adreno 619,2.0,6.0,2.2,1.7,1,13.0,2.0,48.0,1.8,0.0,0.0,1.0,8.0,2.0,0,449.5,1,0
323,oppo k10x,,6.59,1,1,0,128.0,6.0,5000.0,144.0,592489.0,2200.0,Adreno 619,2.0,6.0,2.2,1.7,1,12.0,3.0,64.0,1.8,0.0,0.0,1.0,16.0,2.0,0,401.0,1,0
324,huawei mate 50e,,6.7,2,1,1,256.0,8.0,4460.0,90.0,780000.0,2400.0,Adreno 642,1.0,4.0,2.4,1.9,1,,2.0,50.0,1.4,1.0,0.0,1.0,13.0,2.4,0,,1,0
325,xiaomi poco f4 gt,,6.66,2,1,1,128.0,8.0,4700.0,120.0,1294632.0,3000.0,Adreno 730,1.0,4.0,3.0,1.8,1,12.0,3.0,64.0,1.9,0.0,0.0,1.0,20.0,,0,395.2,1,0
326,xiaomi 14,,6.66,2,1,0,128.0,8.0,4.6,144.0,1118041.0,2840.0,Adreno 660,,,,,1,,4.0,64.0,0.0,0.0,0.0,0.0,32.0,,0,,0,0
327,xiaomi mi 10t,,6.66,1,1,1,128.0,6.0,5000.0,,964589.0,2840.0,Adreno 650,1.0,4.0,2.84,1.8,1,10.0,3.0,64.0,1.9,0.0,0.0,1.0,20.0,2.2,0,395.2,1,0
328,xiaomi civi 1s,,6.55,2,1,1,128.0,8.0,4500.0,120.0,800145.0,2500.0,Adreno 642,1.0,4.0,2.5,1.9,1,12.0,3.0,64.0,1.8,0.0,0.0,1.0,32.0,,0,401.8,1,0
329,realme narzo 50i prime,,6.5,1,6,0,32.0,3.0,5000.0,,341088.0,1800.0,Mali-G57 MP1,2.0,6.0,1.8,1.8,1,11.0,1.0,8.0,2.0,0.0,0.0,1.0,5.0,2.2,1,269.9,1,0
330,samsung w22,,7.6,2,1,1,256.0,12.0,4400.0,,1118041.0,2840.0,Adreno 660,1.0,4.0,2.84,1.8,1,11.0,3.0,12.0,1.8,0.0,0.0,0.0,10.0,2.2,0,,1,0
331,samsung galaxy a15,,6.5,2,2,1,256.0,8.0,5000.0,90.0,513180.0,2200.0,Mali-G57 MP2,2.0,6.0,2.2,2.0,1,14.0,3.0,50.0,0.0,0.0,0.0,0.0,13.0,,1,396.5,1,0
332,realme narzo 50,,6.6,1,2,0,64.0,4.0,5000.0,,493222.0,2050.0,Mali-G57 MP2,2.0,6.0,2.05,2.0,1,11.0,3.0,50.0,1.8,0.0,0.0,1.0,16.0,2.1,1,400.4,1,0
333,nokia x30,,,0,1,1,64.0,4.0,5.85,,251428.0,1800.0,Adreno 610,,,,,1,,4.0,48.0,0.0,0.0,0.0,0.0,,,0,,0,0
334,honor magic 2,,6.39,2,4,1,128.0,,3500.0,,739763.0,2600.0,Mali-G76 MP10,2.0,4.0,2.6,1.8,1,,3.0,24.0,1.8,0.0,0.0,0.0,16.0,2.0,1,403.3,1,0
335,huawei nova 10,,6.66,2,1,1,256.0,8.0,4500.0,90.0,780000.0,2400.0,Adreno 642,,,,,1,,3.0,108.0,0.0,0.0,0.0,0.0,16.0,,0,395.2,1,0
336,honor x6,,6.5,1,6,1,128.0,4.0,5000.0,,419670.0,1850.0,PowerVR GT7600,,,,,1,12.0,3.0,50.0,1.8,0.0,0.0,1.0,5.0,2.0,4,269.9,1,0
337,oppo reno13f,,,0,6,0,512.0,12.0,,,419670.0,1850.0,PowerVR GT7600,,,,,1,,,,,,,,,,4,,0,0
338,xiaomi redmi note 10t,,6.5,1,2,0,64.0,4.0,5000.0,90.0,,,,2.0,6.0,2.2,2.0,1,11.0,3.0,48.0,1.8,0.0,0.0,0.0,8.0,2.0,7,404.9,1,0
339,realme v20,,6.5,0,2,0,128.0,4.0,5.0,,515647.0,2200.0,Mali-G57 MP2,,,,,1,12.0,1.0,13.0,0.0,0.0,0.0,0.0,5.0,,1,269.9,0,0
340,oppo k10,,6.62,2,1,1,128.0,8.0,5000.0,120.0,1118041.0,2840.0,Adreno 660,1.0,4.0,2.84,1.8,1,12.0,3.0,50.0,1.8,1.0,0.0,1.0,16.0,2.5,0,397.6,1,0
341,xiaomi 14,,6.36,2,1,1,256.0,12.0,4610.0,120.0,2341391.0,3300.0,Adreno 750,1.0,2.0,3.3,2.3,1,14.0,3.0,50.0,1.6,1.0,1.0,1.0,32.0,,0,,3,1
342,huawei nova 10,,6.66,2,1,1,128.0,8.0,4000.0,120.0,780000.0,2400.0,Adreno 642,4.0,4.0,2.4,1.8,1,,3.0,50.0,1.9,0.0,0.0,1.0,60.0,2.4,0,395.2,1,0
343,vivo y52,,6.58,1,2,1,128.0,4.0,5000.0,,515647.0,2200.0,Mali-G57 MP2,,,,,1,,3.0,48.0,1.79,0.0,0.0,0.0,8.0,2.0,1,401.1,1,0
344,oppo find x6,,6.7,2,1,1,256.0,12.0,4500.0,120.0,,,,1.0,4.0,2.84,1.8,1,12.0,4.0,50.0,1.7,1.0,1.0,1.0,32.0,2.4,7,525.9,1,0
345,tecno phantom 5 fold,,,2,2,1,256.0,12.0,5000.0,120.0,1453683.0,3200.0,Mali-G710 MP10,1.0,4.0,3.2,1.8,1,13.0,3.0,50.0,1.9,0.0,1.0,1.0,32.0,2.5,1,,1,0
346,xiaomi 14,,6.36,2,1,1,256.0,8.0,4610.0,120.0,2341391.0,3300.0,Adreno 750,1.0,2.0,3.3,2.3,1,14.0,3.0,50.0,1.6,1.0,1.0,1.0,32.0,,0,,3,1
347,honor 80,,,2,1,1,,12.0,,,1294632.0,3000.0,Adreno 730,,,,,1,,1.0,200.0,0.0,0.0,0.0,0.0,,,0,,0,0
348,vivo x80 proplus,,6.78,2,1,1,256.0,8.0,4700.0,120.0,1294632.0,3000.0,Adreno 730,1.0,4.0,3.0,1.7,1,12.0,4.0,50.0,1.3,0.0,1.0,1.0,44.0,,0,517.6,1,0
349,vivo y77,,6.58,1,2,0,128.0,8.0,5000.0,,,,,2.0,6.0,2.4,2.0,1,12.0,2.0,50.0,1.8,0.0,0.0,1.0,16.0,2.0,7,401.1,1,0
350,xiaomi 13s,,6.73,2,1,0,256.0,8.0,4.8,144.0,,,,,,,,1,,3.0,50.0,0.0,0.0,0.0,0.0,32.0,,7,521.4,0,0
351,samsung galaxy note 20,32990000.0,6.9,2,3,0,256.0,12.0,4500.0,,901199.0,2730.0,Mali-G77 MP11,2.0,4.0,2.73,2.0,1,10.0,3.0,108.0,1.8,1.0,1.0,1.0,10.0,2.2,1,493.8,1,0
352,samsung a36,,,0,6,0,256.0,8.0,,,419670.0,1850.0,PowerVR GT7600,,,,,1,,,,,,,,,,4,,0,0
353,lenovo legion y70,,6.66,2,1,1,128.0,8.0,5100.0,144.0,1411891.0,3200.0,Adreno 730,1.0,4.0,3.19,1.8,1,12.0,3.0,50.0,2.4,1.0,0.0,1.0,16.0,,0,395.2,1,0
354,vivo y30,,6.51,1,2,0,128.0,6.0,5.0,,,,,,,,,1,,2.0,50.0,1.8,0.0,0.0,0.0,8.0,2.0,7,269.5,1,0
355,sony xperia 5 4,,6.1,2,1,1,128.0,8.0,5000.0,120.0,1294632.0,3000.0,Adreno 730,1.0,4.0,3.0,1.8,1,12.0,3.0,12.0,1.7,1.0,1.0,1.0,12.0,2.0,0,,1,0
356,huawei nova 10,,6.78,2,1,1,128.0,8.0,4500.0,120.0,780000.0,2400.0,Adreno 642,4.0,4.0,2.4,1.8,1,,3.0,50.0,1.8,0.0,0.0,1.0,60.0,2.2,0,,1,0
357,realme 9,,6.6,1,1,0,128.0,6.0,5000.0,144.0,780000.0,2400.0,Adreno 642,4.0,4.0,2.4,1.9,1,11.0,3.0,48.0,1.8,0.0,0.0,1.0,16.0,2.1,0,400.4,1,0
358,vivo iqoo z6,,6.58,1,1,0,128.0,4.0,5000.0,,592489.0,2200.0,Adreno 619,2.0,6.0,2.2,1.7,1,12.0,3.0,50.0,1.8,0.0,0.0,1.0,16.0,2.0,0,401.1,1,0
359,oneplus nord ce2,,6.43,2,2,1,128.0,6.0,4500.0,90.0,671241.0,2400.0,Mali-G68 MP4,2.0,6.0,2.4,2.0,1,11.0,3.0,64.0,1.8,0.0,0.0,1.0,16.0,2.4,1,409.3,1,0
360,xiaomi redmi 11 prime,,6.58,1,2,0,64.0,4.0,5000.0,90.0,515647.0,2200.0,Mali-G57 MP2,,,,,1,12.0,2.0,50.0,1.8,0.0,0.0,0.0,8.0,2.2,1,401.1,1,0
361,huawei nova 9,,6.78,1,1,1,128.0,8.0,4000.0,90.0,415362.0,2400.0,Adreno 610,4.0,4.0,2.4,1.9,1,11.0,4.0,108.0,1.9,0.0,0.0,1.0,16.0,2.2,0,386.6,1,0
362,realme 9i,,6.6,1,6,0,64.0,4.0,5000.0,90.0,,,,2.0,6.0,2.4,2.0,1,12.0,3.0,50.0,1.8,0.0,0.0,1.0,8.0,2.0,7,400.4,1,0
363,realme v23,,6.58,1,2,0,128.0,4.0,5000.0,,,,,2.0,6.0,2.4,2.0,1,12.0,2.0,48.0,1.8,0.0,0.0,0.0,8.0,2.0,7,401.1,1,0
364,vivo y22,,6.44,1,6,0,64.0,4.0,5.0,,419670.0,1850.0,PowerVR GT7600,,,,,1,12.0,,,,,,,8.0,,4,272.4,0,0
365,vivo y77e,,6.58,1,2,0,128.0,6.0,5000.0,,569913.0,2400.0,Mali-G57 MP2,2.0,6.0,2.4,2.0,1,12.0,2.0,13.0,2.2,0.0,0.0,1.0,8.0,2.0,1,401.1,1,0
366,oppo reno9 proplus,,6.7,2,2,1,128.0,12.0,4500.0,120.0,1409448.0,3050.0,Mali-G710 MP10,,,,,1,,3.0,50.0,1.8,0.0,1.0,1.0,32.0,2.4,1,,0,0
367,realme c55,,,0,6,0,128.0,8.0,,,419670.0,1850.0,PowerVR GT7600,,,,,1,,,,,,,,,,4,,0,0
368,tecno spark 9t,,6.6,1,2,0,64.0,4.0,5000.0,,,,,4.0,4.0,2.3,1.8,1,12.0,2.0,13.0,1.9,0.0,0.0,1.0,32.0,,7,265.8,1,0
369,oneplus nord n20,,6.56,1,2,0,64.0,4.0,5000.0,90.0,200794.0,2300.0,PowerVR GE8320,4.0,4.0,2.3,1.8,1,12.0,2.0,50.0,1.8,0.0,0.0,1.0,8.0,2.0,4,269.1,1,0
370,vsmart bee 5,1590000.0,6.0,0,6,0,16.0,,3000.0,,,,,,,,,1,,1.0,8.0,0.0,0.0,0.0,0.0,5.0,,7,268.3,1,0
371,huawei nova y70,,6.75,1,6,0,128.0,4.0,6000.0,,419670.0,1850.0,PowerVR GT7600,,,,,1,,3.0,48.0,1.8,0.0,0.0,1.0,8.0,2.0,4,259.9,1,0
372,redmi note 11r,,6.58,1,6,0,128.0,4.0,5000.0,90.0,,,,2.0,6.0,2.2,2.0,1,12.0,2.0,13.0,2.2,0.0,0.0,1.0,5.0,2.2,7,401.1,1,0
373,black shark 5s,,6.66,2,1,1,128.0,8.0,4650.0,,1005598.0,3200.0,Adreno 650,1.0,4.0,3.2,1.8,1,12.0,3.0,64.0,0.0,0.0,0.0,0.0,16.0,,0,395.2,1,0
374,tecno pova 4,,6.9,1,2,0,128.0,6.0,7.0,,534895.0,2050.0,Mali-G76 MP4,,,,,1,,4.0,48.0,0.0,0.0,0.0,0.0,8.0,,1,,0,0
375,tecno pova neo,,6.8,1,6,0,128.0,4.0,6000.0,120.0,,,,2.0,6.0,2.4,2.0,1,12.0,1.0,50.0,0.0,0.0,0.0,1.0,8.0,,7,395.1,1,0
376,honor 80,,,0,1,1,,12.0,,,1294632.0,3000.0,Adreno 730,,,,,1,,1.0,200.0,0.0,0.0,0.0,0.0,,,0,,0,0
377,masstel fami 60,,2.0,1,6,0,,,2000.0,,,,,,,,,1,,,,,,,,,,7,,1,0
378,oneplus nord ce 2,,6.58,1,1,1,128.0,6.0,5000.0,120.0,592489.0,2200.0,Adreno 619,2.0,6.0,2.2,1.7,1,11.0,3.0,64.0,1.8,0.0,0.0,0.0,16.0,2.5,0,400.0,1,0
379,vivo x80,,6.5,2,1,1,128.0,8.0,4.5,,829085.0,2400.0,Adreno 644,,,,,1,,3.0,50.0,0.0,0.0,0.0,0.0,,,0,,0,0
380,xiaomi redmi k50s,,6.66,2,6,1,128.0,8.0,5000.0,120.0,,,,1.0,4.0,3.05,1.8,1,12.0,3.0,108.0,2.4,1.0,0.0,1.0,20.0,,7,526.9,1,0
381,samsung galaxy f13,,6.6,1,3,0,64.0,4.0,4.5,,231906.0,2000.0,Mali-G52 MP1,4.0,4.0,2.0,2.0,1,12.0,3.0,50.0,1.8,0.0,0.0,1.0,8.0,2.2,1,399.9,1,0
382,huawei enjoy 50,,6.7,0,1,1,128.0,8.0,5.0,,415362.0,2400.0,Adreno 610,,,,,1,,2.0,50.0,1.8,0.0,0.0,0.0,8.0,,0,391.2,0,0
383,tecno camon 19,,6.8,1,2,1,128.0,4.0,5000.0,,349222.0,2000.0,Mali-G52 MP2,2.0,6.0,2.0,1.8,0,12.0,2.0,64.0,1.7,0.0,0.0,1.0,16.0,2.0,1,395.1,1,0
384,honor x40i,,6.7,1,2,0,128.0,8.0,4000.0,,,,,2.0,6.0,2.2,2.0,1,12.0,2.0,50.0,1.8,0.0,0.0,1.0,8.0,2.0,7,391.2,1,0
385,nokia t10,,8.0,1,6,0,32.0,3.0,5250.0,,330006.0,1600.0,Mali-G57 MP1,2.0,6.0,1.6,1.6,1,12.0,1.0,8.0,0.0,0.0,0.0,0.0,2.0,,1,188.7,1,0
386,zte axon 30s,,6.9,2,1,1,128.0,8.0,4200.0,120.0,,,,1.0,4.0,3.2,1.8,1,12.0,4.0,64.0,1.8,0.0,0.0,1.0,16.0,2.5,7,389.4,1,0
387,oppo reno8,,6.4,2,2,1,128.0,8.0,4500.0,,,,,1.0,4.0,3.0,2.0,1,12.0,3.0,50.0,1.8,0.0,0.0,1.0,32.0,2.4,7,411.2,1,0
388,oppo reno13f,,,0,6,0,256.0,12.0,,,419670.0,1850.0,PowerVR GT7600,,,,,1,,,,,,,,,,4,,0,0
389,vivo 10 fold,,8.3,2,1,0,256.0,12.0,4.73,120.0,1411891.0,3200.0,Adreno 730,,,,,1,,4.0,50.0,0.0,0.0,1.0,1.0,16.0,,0,,0,0
390,huawei nova 10z,,6.6,1,6,0,128.0,8.0,4000.0,,419670.0,1850.0,PowerVR GT7600,,,,,1,,3.0,64.0,1.9,0.0,0.0,1.0,16.0,2.0,4,398.8,1,0
391,tecno pop 6,,6.6,1,2,0,32.0,2.0,5000.0,,,,,,,,,1,12.0,1.0,8.0,2.0,0.0,0.0,0.0,5.0,,7,267.5,1,0
392,xiaomi redmi note 11se,,6.43,2,2,0,64.0,6.0,5000.0,,534895.0,2050.0,Mali-G76 MP4,,,,,1,11.0,4.0,64.0,1.9,0.0,0.0,1.0,13.0,2.0,1,409.3,1,0
393,vivo iqoo 9t,,6.78,2,1,1,128.0,8.0,4700.0,,1411891.0,3200.0,Adreno 730,1.0,4.0,3.19,1.8,1,12.0,3.0,50.0,1.8,1.0,1.0,1.0,16.0,2.5,0,388.2,1,0
394,redmi 11a,,6.53,1,2,0,64.0,4.0,6.0,,200794.0,2300.0,PowerVR GE8320,,,,,1,,4.0,48.0,2.2,0.0,0.0,1.0,13.0,,4,394.7,0,0
395,oppo a57e,,6.56,1,2,0,64.0,4.0,5000.0,,,,,4.0,4.0,2.3,1.8,1,12.0,2.0,13.0,2.2,0.0,0.0,1.0,8.0,2.0,7,269.1,1,0
396,oppo reno13f,,,0,6,0,128.0,8.0,,,419670.0,1850.0,PowerVR GT7600,,,,,1,,,,,,,,,,4,,0,0
397,oppo reno13f,,,0,6,0,256.0,8.0,,,419670.0,1850.0,PowerVR GT7600,,,,,1,,,,,,,,,,4,,0,0
398,xiaomi redmi 11,,,1,2,0,128.0,6.0,5000.0,90.0,515647.0,2200.0,Mali-G57 MP2,,,,,1,12.0,2.0,50.0,0.0,0.0,0.0,0.0,5.0,,1,,0,0
399,xiaomi poco c50,,6.7,1,1,0,64.0,4.0,5000.0,,415362.0,2400.0,Adreno 610,,,,,1,,2.0,50.0,1.8,0.0,0.0,0.0,5.0,,0,,0,0
400,nubia z40s,,6.66,2,1,1,128.0,8.0,5000.0,144.0,1411891.0,3200.0,Adreno 730,1.0,4.0,3.19,1.8,1,12.0,3.0,64.0,1.6,1.0,1.0,1.0,16.0,2.5,0,395.2,1,0
401,honor 80 proplus,,,2,1,0,,12.0,,,1294632.0,3000.0,Adreno 730,,,,,1,,1.0,200.0,0.0,0.0,0.0,0.0,,,0,,0,0
402,masstel izi 10,,1.77,0,6,0,0.125,,1000.0,,419670.0,1850.0,PowerVR GT7600,,,,,1,,,,,,,,,,4,115.8,1,0
403,samsung galaxy m23,,6.6,1,6,1,128.0,4.0,5000.0,,419670.0,1850.0,PowerVR GT7600,,,,,1,12.0,3.0,50.0,0.0,0.0,0.0,0.0,8.0,2.2,4,399.9,1,0
404,xiaomi 12,,6.55,2,1,1,128.0,6.0,4300.0,120.0,780000.0,2400.0,Adreno 642,4.0,4.0,2.4,1.8,1,12.0,3.0,108.0,1.9,0.0,0.0,1.0,32.0,2.5,0,401.8,1,0
405,huawei nova 7,,6.5,1,4,0,128.0,8.0,4000.0,,602614.0,2360.0,Mali-G57 MP6,1.0,4.0,2.36,1.84,1,10.0,4.0,64.0,1.8,0.0,0.0,1.0,16.0,2.0,1,404.9,1,0
406,oppo f17,,6.44,2,1,0,128.0,4.0,4000.0,,320666.0,2000.0,Adreno 610,4.0,4.0,2.0,1.8,1,10.0,4.0,16.0,2.2,0.0,0.0,1.0,16.0,2.0,0,408.7,1,0
407,oppo reno4,,6.4,2,2,0,128.0,6.0,4300.0,,,,,4.0,4.0,2.0,2.0,1,10.0,3.0,48.0,1.7,0.0,0.0,1.0,32.0,2.4,7,417.6,1,0
408,vivo y32t,,6.51,1,2,0,128.0,8.0,5.0,,317084.0,2000.0,Mali-G52 MP2,,,,,1,,2.0,13.0,0.0,0.0,0.0,0.0,8.0,,1,,0,0
409,oppo a32,,6.5,1,1,0,64.0,4.0,5000.0,,251428.0,1800.0,Adreno 610,,,,,1,10.0,3.0,13.0,2.0,0.0,0.0,1.0,16.0,2.0,0,269.9,1,0
410,vivo y52t,,6.51,1,6,0,128.0,8.0,5000.0,,,,,2.0,6.0,2.2,2.0,1,12.0,2.0,13.0,2.0,0.0,0.0,1.0,8.0,2.0,7,269.5,1,0
411,realme gt neo 2,,6.62,2,1,1,128.0,8.0,5000.0,120.0,,,,1.0,4.0,3.2,1.8,1,11.0,3.0,64.0,1.8,0.0,0.0,1.0,16.0,2.5,7,397.6,1,0
412,realme narzo 50i,,,0,6,0,64.0,4.0,5000.0,,419670.0,1850.0,PowerVR GT7600,,,,,1,,,,,,,,8.0,,4,,0,0
413,samsung galaxy m53,,6.7,2,2,1,128.0,8.0,5000.0,,671241.0,2400.0,Mali-G68 MP4,,,,,1,,4.0,64.0,0.0,0.0,0.0,0.0,32.0,,1,,1,0
414,realme x7,,6.55,2,2,1,256.0,8.0,4500.0,,708890.0,2600.0,Mali-G77 MP9,4.0,4.0,2.6,2.0,1,10.0,4.0,64.0,1.8,0.0,0.0,1.0,32.0,2.2,1,401.8,1,0
415,vsmart joy 2,1990000.0,6.2,1,6,0,32.0,2.0,4500.0,,419670.0,1850.0,PowerVR GT7600,,,,,1,,2.0,13.0,0.0,0.0,0.0,0.0,8.0,,4,,0,0
416,vivo y75s,,6.58,1,2,0,256.0,8.0,5000.0,,,,,2.0,6.0,2.2,2.0,1,11.0,3.0,64.0,1.8,0.0,0.0,1.0,8.0,2.0,7,401.1,1,0
417,xiaomi poco c40,,6.7,1,1,1,32.0,3.0,6000.0,,415362.0,2400.0,Adreno 610,4.0,4.0,2.4,1.9,1,11.0,2.0,50.0,1.8,0.0,0.0,1.0,5.0,2.0,0,268.7,1,0
418,vivo 10 fold,,8.03,2,1,1,256.0,12.0,4600.0,120.0,1294632.0,3000.0,Adreno 730,1.0,4.0,3.0,1.8,1,12.0,4.0,50.0,1.8,1.0,1.0,1.0,16.0,2.5,0,359.6,1,0
419,realme gt 2,,6.62,2,1,1,256.0,12.0,5.0,,1118041.0,2840.0,Adreno 660,,,,,1,,3.0,50.0,0.0,0.0,0.0,0.0,16.0,,0,,1,0
420,xiaomi 12,,6.9,2,1,1,128.0,8.0,5000.0,,,,,,,,,1,11.0,4.0,50.0,0.0,0.0,0.0,0.0,32.0,,7,425.7,1,0
421,huawei p30,17990000.0,6.1,2,4,1,128.0,8.0,3650.0,,739763.0,2600.0,Mali-G76 MP10,,,,,1,,3.0,40.0,0.0,0.0,0.0,0.0,32.0,,1,422.5,1,0
422,oppo f11,8490000.0,,0,6,0,,,,,419670.0,1850.0,PowerVR GT7600,,,,,1,,,,,,,,,,4,,0,0
423,xiaomi civi,,,0,1,0,128.0,4.0,4500.0,,780000.0,2400.0,Adreno 642,,,,,1,11.0,,,,,,,,,0,,0,0
424,huawei p30,7490000.0,6.15,1,4,1,128.0,6.0,4300.0,,336905.0,2200.0,Mali-G51 MP4,,,,,1,,3.0,24.0,0.0,0.0,0.0,0.0,32.0,,1,414.9,1,0
425,realme x3,,6.6,1,1,0,256.0,12.0,4200.0,,859084.0,2960.0,Adreno 640,1.0,4.0,2.96,1.78,1,10.0,4.0,64.0,1.8,1.0,1.0,1.0,32.0,2.2,0,398.8,1,0
426,vivo iqoo z6x,,6.58,1,6,0,128.0,6.0,6000.0,,,,,2.0,6.0,2.4,2.0,1,11.0,2.0,50.0,1.8,0.0,0.0,1.0,8.0,2.0,7,401.1,1,0
427,xiaomi redmi 9 activ,,6.53,0,2,0,64.0,4.0,5000.0,,200794.0,2300.0,PowerVR GE8320,,,,,1,11.0,2.0,13.0,2.2,0.0,0.0,0.0,5.0,2.2,4,268.7,1,0
428,vsmart joy 2,1990000.0,6.2,1,6,0,32.0,2.0,4500.0,,419670.0,1850.0,PowerVR GT7600,,,,,1,,2.0,13.0,0.0,0.0,0.0,0.0,8.0,,4,,0,0
429,vivo s15,,6.62,2,1,1,128.0,8.0,4500.0,120.0,,,,1.0,4.0,3.2,1.8,1,12.0,3.0,64.0,1.9,0.0,0.0,1.0,32.0,2.0,7,397.6,1,0
430,vivo y73t,,6.58,1,6,0,128.0,8.0,6000.0,,,,,2.0,6.0,2.2,2.0,1,11.0,2.0,50.0,1.8,0.0,0.0,1.0,8.0,2.0,7,401.1,1,0
431,realme note 9 prime,,,0,6,0,64.0,4.0,,,419670.0,1850.0,PowerVR GT7600,,,,,1,11.0,,,,,,,,,4,,0,0
432,samsung galaxy a50s,6990000.0,6.4,2,3,0,64.0,4.0,4000.0,,,,,4.0,4.0,2.3,1.7,1,,3.0,48.0,0.0,0.0,0.0,0.0,32.0,,7,402.7,1,0
433,oppo a77,,6.56,1,2,1,128.0,6.0,5000.0,90.0,569913.0,2400.0,Mali-G57 MP2,2.0,6.0,2.4,2.0,1,12.0,2.0,48.0,1.7,0.0,0.0,0.0,8.0,2.0,1,269.1,1,0
434,vsmart joy 3,2090000.0,6.5,1,1,0,32.0,2.0,5000.0,,243691.0,1800.0,Adreno 506,,,,,1,9.0,3.0,13.0,0.0,0.0,0.0,0.0,8.0,,0,269.9,1,0
435,oppo a92,5740000.0,6.5,1,1,0,128.0,8.0,5000.0,,323556.0,2000.0,Adreno 610,4.0,4.0,2.0,1.8,1,10.0,4.0,48.0,1.7,0.0,0.0,1.0,16.0,2.0,0,404.9,1,0
436,realme v13,,6.52,1,2,0,64.0,6.0,4310.0,,,,,,,,,1,10.0,1.0,16.0,0.0,0.0,0.0,0.0,64.0,,7,403.7,1,0
437,bphone b40,,,0,6,0,64.0,4.0,,,419670.0,1850.0,PowerVR GT7600,,,,,1,,,0.0,0.0,0.0,0.0,0.0,,,4,,1,0
438,oppo f17,,6.4,2,2,0,128.0,8.0,4015.0,,380202.0,2200.0,PowerVR GM9446,2.0,6.0,2.2,2.0,1,10.0,4.0,48.0,1.8,0.0,0.0,1.0,16.0,2.4,4,411.2,1,0
439,xiaomi redmi 13x,,6.79,1,2,0,128.0,6.0,5030.0,90.0,,,,2.0,6.0,2.0,1.8,1,14.0,2.0,108.0,0.0,0.0,0.0,0.0,13.0,,7,395.7,2,0
440,realme x7,,6.55,2,2,1,256.0,8.0,4500.0,,708890.0,2600.0,Mali-G77 MP9,4.0,4.0,2.6,2.0,1,10.0,4.0,64.0,1.8,0.0,0.0,1.0,32.0,2.2,1,401.8,1,0
441,nokia x21,,6.7,2,1,0,128.0,6.0,5.0,120.0,592489.0,2200.0,Adreno 619,,,,,1,,2.0,64.0,0.0,0.0,0.0,1.0,16.0,,0,328.8,0,0
442,vivo y75s,,6.58,1,2,0,256.0,8.0,5000.0,,,,,2.0,6.0,2.2,2.0,1,11.0,3.0,64.0,1.8,0.0,0.0,1.0,8.0,2.0,7,401.1,1,0
443,xiaomi 12,,6.9,2,1,1,128.0,8.0,5000.0,,,,,,,,,1,11.0,4.0,50.0,0.0,0.0,0.0,0.0,32.0,,7,425.7,1,0
444,redmi note 11,,6.43,1,2,1,64.0,6.0,5000.0,90.0,534895.0,2050.0,Mali-G76 MP4,2.0,6.0,2.2,2.0,1,11.0,4.0,64.0,1.9,0.0,0.0,1.0,13.0,2.45,1,409.3,1,0
445,realme v3,,6.5,1,2,0,64.0,6.0,5000.0,,452426.0,2000.0,Mali-G57 MP3,2.0,6.0,2.0,2.0,1,10.0,3.0,13.0,2.0,0.0,0.0,1.0,8.0,2.0,1,269.9,1,0
446,oppo f19s,,6.43,2,1,0,128.0,6.0,5000.0,,320666.0,2000.0,Adreno 610,4.0,4.0,2.0,1.8,1,11.0,3.0,48.0,1.7,0.0,0.0,1.0,16.0,2.4,0,409.3,1,0
447,xiaomi 12s,,6.73,2,1,1,256.0,8.0,4860.0,,1411891.0,3200.0,Adreno 730,1.0,4.0,3.19,1.8,1,12.0,3.0,50.3,1.9,1.0,1.0,1.0,32.0,2.5,0,521.4,1,0
448,realme v13,,6.52,1,2,0,64.0,6.0,4310.0,,,,,,,,,1,10.0,1.0,16.0,0.0,0.0,0.0,0.0,64.0,,7,403.7,1,0
449,samsung galaxy m51,,6.66,1,1,0,128.0,6.0,7000.0,,494401.0,2200.0,Adreno 618,2.0,6.0,2.2,1.8,1,10.0,3.0,64.0,2.0,0.0,0.0,1.0,32.0,2.0,0,387.0,1,0
450,oppo k9x,,6.5,1,2,0,128.0,6.0,5000.0,90.0,569913.0,2400.0,Mali-G57 MP2,,,,,1,11.0,3.0,64.0,1.8,0.0,0.0,1.0,16.0,2.4,1,404.9,1,0
451,xiaomi 11i hypercharge,,6.66,2,2,0,128.0,6.0,4500.0,120.0,750481.0,2500.0,Mali-G68 MP4,2.0,6.0,2.5,2.0,1,11.0,3.0,108.0,1.9,0.0,1.0,1.0,16.0,,1,395.2,1,0
452,vivo y21t,,5.5,0,6,0,128.0,6.0,5.0,,419670.0,1850.0,PowerVR GT7600,,,,,1,11.0,3.0,50.0,0.0,0.0,0.0,0.0,,,4,,0,0
453,vivo x200,,6.82,2,1,0,256.0,12.0,6.0,120.0,3336910.0,4320.0,Adreno 830,,,,,1,15.0,3.0,200.0,1.7,0.0,1.0,1.0,50.0,,0,510.3,0,0
454,samsung galaxy s 2019,20990000.0,6.1,0,6,0,128.0,,3.5,,419670.0,1850.0,PowerVR GT7600,,,,,1,,3.0,0.0,0.0,0.0,0.0,0.0,,,4,,0,0
455,huawei p30,17990000.0,6.1,2,4,1,128.0,8.0,3650.0,,739763.0,2600.0,Mali-G76 MP10,,,,,1,,3.0,40.0,0.0,0.0,0.0,0.0,32.0,,1,422.5,1,0
456,vsmart joy 3,2090000.0,6.5,1,1,0,32.0,2.0,5000.0,,243691.0,1800.0,Adreno 506,,,,,1,9.0,3.0,13.0,0.0,0.0,0.0,0.0,8.0,,0,269.9,1,0
457,xiaomi redmi 13x,,6.79,1,2,0,128.0,6.0,5030.0,90.0,,,,2.0,6.0,2.0,1.8,1,14.0,2.0,108.0,0.0,0.0,0.0,0.0,13.0,,7,395.7,2,0
458,vivo x70t,,6.44,2,2,0,128.0,8.0,5.0,120.0,980006.0,3000.0,Mali-G77 MP9,,,,,1,11.0,,,,,,,32.0,,1,408.7,1,0
459,vivo iqoo z6x,,6.58,1,6,0,128.0,6.0,6000.0,,,,,2.0,6.0,2.4,2.0,1,11.0,2.0,50.0,1.8,0.0,0.0,1.0,8.0,2.0,7,401.1,1,0
460,xiaomi mi 10t,,6.66,1,1,1,128.0,6.0,4820.0,,,,,2.0,6.0,2.2,1.8,1,10.0,4.0,64.0,1.9,0.0,0.0,1.0,16.0,2.5,7,401.3,1,0
461,oppo f17,,6.4,2,2,0,128.0,8.0,4015.0,,380202.0,2200.0,PowerVR GM9446,2.0,6.0,2.2,2.0,1,10.0,4.0,48.0,1.8,0.0,0.0,1.0,16.0,2.4,4,411.2,1,0
462,vivo s15,,6.62,2,1,1,128.0,8.0,4500.0,120.0,,,,1.0,4.0,3.2,1.8,1,12.0,3.0,64.0,1.9,0.0,0.0,1.0,32.0,2.0,7,397.6,1,0
463,tecno pop 6 go,,6.0,1,6,0,32.0,2.0,4000.0,,419670.0,1850.0,PowerVR GT7600,,,,,1,12.0,1.0,5.0,0.0,0.0,0.0,0.0,5.0,,4,178.9,0,0
464,tecno spark 8p,,6.6,1,6,0,64.0,4.0,5000.0,,,,,,,,,0,11.0,3.0,50.0,0.0,0.0,0.0,0.0,8.0,,7,399.9,1,0
465,tecno pova neo 2,,6.82,1,2,1,64.0,4.0,7000.0,90.0,349222.0,2000.0,Mali-G52 MP2,2.0,6.0,2.0,1.8,1,12.0,1.0,16.0,0.0,0.0,0.0,1.0,8.0,,1,262.6,1,0
466,tecno camon 19,,6.8,1,2,1,128.0,8.0,5000.0,,,,,2.0,6.0,2.05,2.0,1,12.0,3.0,64.0,1.6,1.0,1.0,1.0,32.0,2.4,7,395.1,1,0
467,nubia red magic 7s,,6.8,2,1,1,128.0,8.0,4500.0,,1411891.0,3200.0,Adreno 730,1.0,4.0,3.19,1.8,1,12.0,3.0,64.0,1.8,0.0,0.0,1.0,8.0,2.0,0,387.0,1,0
468,masstel izi 230,,2.4,1,6,0,,,1700.0,,419670.0,1850.0,PowerVR GT7600,,,,,1,,,0.0,0.0,0.0,0.0,0.0,,,4,166.7,0,0
469,oneplus 11,,6.55,2,1,1,128.0,8.0,5.0,144.0,1752044.0,3200.0,Adreno 740,,,,,1,12.0,1.0,32.0,0.0,0.0,0.0,0.0,,,0,,0,0
470,oneplus 10,,,0,6,1,,,,,419670.0,1850.0,PowerVR GT7600,,,,,1,,,,,,,,,,4,,0,0
471,oneplus ace,,6.7,2,2,1,128.0,8.0,4500.0,120.0,,,,4.0,4.0,2.85,2.0,1,12.0,3.0,50.0,1.9,0.0,0.0,1.0,16.0,2.4,7,394.4,1,0
472,oneplus nord 2 ce,,6.43,2,2,0,128.0,8.0,4500.0,90.0,,,,2.0,6.0,2.4,2.0,1,12.0,3.0,64.0,1.8,0.0,0.0,1.0,16.0,2.4,7,409.3,1,0
473,nothing 3,,6.77,2,1,1,256.0,8.0,5000.0,120.0,,,,,,,,1,15.0,3.0,50.0,1.88,0.0,1.0,1.0,50.0,2.2,7,387.7,2,0
474,oppo reno5,,6.43,2,2,1,128.0,8.0,4310.0,,,,,,,,,1,11.0,4.0,48.0,0.0,0.0,0.0,0.0,32.0,,7,409.3,1,0
475,oppo reno13f,,6.67,2,2,1,128.0,8.0,5800.0,120.0,570469.0,2200.0,Mali-G57 MP2,,,,,1,15.0,3.0,50.0,1.8,0.0,0.0,1.0,32.0,2.4,1,394.6,2,0
476,oppo reno13f,,,0,6,0,512.0,12.0,,,419670.0,1850.0,PowerVR GT7600,,,,,1,,,,,,,,,,4,,0,0
477,samsung galaxy a13,,6.6,1,3,0,128.0,6.0,5000.0,60.0,231906.0,2000.0,Mali-G52 MP1,,,,,1,12.0,4.0,50.0,0.0,0.0,0.0,0.0,8.0,,1,265.8,1,0
478,huawei y6s 2019,,6.1,0,6,1,32.0,3.0,,,419670.0,1850.0,PowerVR GT7600,,,,,1,9.0,,,,,,,,,4,,0,0
479,samsung galaxy a23,,6.6,1,1,0,128.0,6.0,5.0,90.0,415362.0,2400.0,Adreno 610,,,,,1,11.0,4.0,50.0,0.0,0.0,0.0,0.0,8.0,,0,,0,0
480,huawei nova 9,,6.78,1,1,1,128.0,8.0,4000.0,90.0,415362.0,2400.0,Adreno 610,4.0,4.0,2.4,1.9,1,11.0,4.0,108.0,1.9,0.0,0.0,1.0,16.0,2.2,0,386.6,1,0
481,samsung galaxy m21s,,6.4,2,3,0,128.0,6.0,6000.0,,355351.0,2300.0,Mali-G72 MP3,4.0,4.0,2.3,1.7,1,10.0,3.0,64.0,2.2,0.0,0.0,1.0,32.0,,1,402.7,1,0
482,nokia 7 2,6190000.0,6.3,1,1,1,64.0,4.0,3500.0,,347995.0,2200.0,Adreno 512,4.0,4.0,2.2,1.8,1,9.0,3.0,48.0,0.0,0.0,0.0,0.0,20.0,,0,409.1,1,0
483,huawei p50,,6.3,2,6,1,256.0,8.0,,,419670.0,1850.0,PowerVR GT7600,,,,,1,10.0,,,,,,,,,4,409.1,1,0
484,redmi note 11 prime,,6.58,1,6,1,64.0,4.0,5000.0,90.0,,,,2.0,6.0,2.2,2.0,1,12.0,2.0,50.0,1.8,0.0,0.0,1.0,8.0,2.2,7,400.0,1,0
485,redmi k50i,,6.6,1,2,1,128.0,6.0,4400.0,,,,,4.0,4.0,2.85,2.0,1,12.0,3.0,64.0,0.0,0.0,0.0,1.0,16.0,,7,407.1,1,0
486,xiaomi redmi note 9,5750000.0,6.66,1,1,1,64.0,6.0,5020.0,,514122.0,2300.0,Adreno 618,2.0,6.0,2.3,1.8,1,10.0,4.0,64.0,1.9,0.0,0.0,1.0,16.0,2.5,0,395.2,1,0
487,vsmart live,3790000.0,6.2,2,1,0,64.0,6.0,4000.0,,,,,2.0,6.0,2.0,1.8,1,9.0,3.0,48.0,0.0,0.0,0.0,0.0,20.0,,7,399.9,1,0
488,samsung galaxy a70,9290000.0,6.7,2,1,0,128.0,6.0,4.0,,412926.0,2000.0,Adreno 612,,,,,1,9.0,3.0,32.0,1.7,0.0,0.0,0.0,32.0,,0,384.7,1,0
489,redmi a1,,6.52,1,2,0,32.0,4.0,5000.0,60.0,,,,,,,,1,12.0,1.0,8.0,0.0,0.0,0.0,0.0,5.0,2.4,7,269.1,1,0
490,xiaomi redmi k50,,6.66,2,1,1,128.0,8.0,5000.0,120.0,1411891.0,3200.0,Adreno 730,1.0,4.0,3.19,1.8,1,12.0,3.0,50.0,1.9,0.0,0.0,1.0,20.0,2.4,0,395.2,1,0
491,vivo x60,,6.56,2,1,1,128.0,8.0,4200.0,120.0,1118041.0,2840.0,Adreno 660,1.0,4.0,2.84,1.8,1,11.0,4.0,50.0,0.0,0.0,0.0,0.0,32.0,,0,296.8,0,0
492,xiaomi mi 11x,,6.66,2,1,0,128.0,6.0,4520.0,120.0,1005598.0,3200.0,Adreno 650,1.0,4.0,3.2,1.8,1,11.0,3.0,48.0,1.8,0.0,0.0,1.0,20.0,2.5,0,395.2,1,0
493,iphone 15 promax,,6.7,2,6,1,1024.0,,,,1503813.0,3780.0,Apple A17 GPU,2.0,,,,1,,3.0,48.0,1.78,0.0,1.0,1.0,,,2,459.6,0,0
494,vivo s15e,,6.4,2,3,1,128.0,8.0,4700.0,90.0,,,,1.0,4.0,2.8,2.0,1,12.0,3.0,50.0,1.8,0.0,0.0,1.0,50.0,2.0,7,411.2,1,0
495,xiaomi redmi note 11t,,6.6,1,2,0,64.0,6.0,5000.0,90.0,569913.0,2400.0,Mali-G57 MP2,2.0,6.0,2.4,2.0,1,11.0,2.0,50.0,1.8,0.0,0.0,1.0,16.0,2.45,1,398.8,1,0
496,samsung galaxy m42,,6.4,1,1,1,128.0,6.0,6000.0,,494401.0,2200.0,Adreno 618,,,,,1,10.0,3.0,64.0,0.0,0.0,0.0,0.0,32.0,,0,,1,0
497,vivo t2x,,6.58,1,2,1,128.0,6.0,6000.0,144.0,954090.0,3000.0,Mali-G77 MP9,1.0,4.0,3.0,2.0,1,12.0,2.0,50.0,1.8,0.0,0.0,1.0,16.0,2.0,1,401.1,1,0
498,rog 6,,6.78,2,1,0,128.0,8.0,6.0,165.0,1411891.0,3200.0,Adreno 730,,,,,1,12.0,1.0,64.0,0.0,0.0,0.0,0.0,,,0,,0,0
499,samsung galaxy xcover6,,6.6,1,1,1,128.0,6.0,4050.0,,780000.0,2400.0,Adreno 642,4.0,4.0,2.4,1.8,1,12.0,2.0,50.0,1.8,0.0,0.0,1.0,13.0,2.0,0,399.9,0,0
500,nokia g400,,,0,1,1,128.0,4.0,,120.0,456551.0,2000.0,Adreno 619,,,,,1,,1.0,48.0,0.0,0.0,0.0,0.0,,,0,,0,0
501,xiaomi redmi 11,,6.58,1,2,1,64.0,4.0,5.0,90.0,,,,2.0,6.0,2.2,2.0,1,11.0,2.0,50.0,1.8,0.0,0.0,1.0,5.0,2.0,7,401.1,1,0
502,realme narzo 9i,,6.6,0,1,1,64.0,4.0,5.0,90.0,415362.0,2400.0,Adreno 610,,,,,1,,3.0,50.0,0.0,0.0,0.0,0.0,,,0,,1,0
503,vivo y21e,,6.51,1,1,0,64.0,3.0,5000.0,,415362.0,2400.0,Adreno 610,,,,,1,,2.0,13.0,2.2,0.0,0.0,0.0,8.0,1.8,0,269.5,1,0
504,oppo a52,4990000.0,6.5,1,1,0,128.0,6.0,5000.0,,323556.0,2000.0,Adreno 610,4.0,4.0,2.0,1.8,1,10.0,4.0,12.0,1.7,0.0,0.0,1.0,16.0,2.0,0,411.2,1,0
505,xiaomi civi 2,,,2,1,0,128.0,8.0,4500.0,,800145.0,2500.0,Adreno 642,,,,,1,12.0,3.0,64.0,0.0,0.0,0.0,0.0,32.0,,0,,0,0
506,oppo k9s,,6.59,1,1,0,128.0,4.0,5000.0,,780000.0,2400.0,Adreno 642,4.0,4.0,2.4,1.9,1,11.0,3.0,64.0,1.8,0.0,0.0,1.0,16.0,2.4,0,,1,0
507,xiaomi 14,,6.36,2,1,1,512.0,12.0,4610.0,120.0,2341391.0,3300.0,Adreno 750,1.0,2.0,3.3,2.3,1,14.0,3.0,50.0,1.6,1.0,1.0,1.0,32.0,,0,,3,1
508,asus zenfone m2,5290000.0,6.3,1,1,0,32.0,,5000.0,,,,,4.0,4.0,2.2,1.8,1,8.1,2.0,12.0,1.8,0.0,0.0,0.0,13.0,2.0,7,400.5,1,0
509,samsung galaxy s8,15990000.0,5.8,2,3,0,64.0,4.0,3000.0,,,,,4.0,4.0,2.3,1.7,1,,1.0,12.0,1.7,1.0,0.0,0.0,8.0,1.7,7,567.5,1,0
510,oppo find x8 mini,,6.3,2,2,0,256.0,12.0,5.0,120.0,2825187.0,3620.0,Mali-G925  MP12,,,,,1,,3.0,50.0,1.8,0.0,1.0,1.0,,,1,,0,0
511,oppo a31,4190000.0,6.5,1,2,0,128.0,4.0,4230.0,,199111.0,2300.0,PowerVR GE8320,4.0,4.0,2.3,1.8,1,9.0,3.0,12.0,0.0,0.0,0.0,0.0,8.0,,4,269.9,1,0
512,xiaomi redmi 10 prime,,6.5,0,2,0,128.0,6.0,5000.0,,353817.0,2000.0,Mali-G52 MP2,,,,,1,,3.0,50.0,0.0,0.0,0.0,0.0,8.0,,1,,0,0
513,vivo y74s,,6.58,1,2,0,256.0,8.0,4100.0,,569913.0,2400.0,Mali-G57 MP2,2.0,6.0,2.4,2.0,1,11.0,2.0,50.0,1.8,0.0,0.0,1.0,8.0,2.0,1,401.1,1,0
514,realme c30,,6.5,1,6,0,32.0,2.0,5.0,,341088.0,1800.0,Mali-G57 MP1,2.0,6.0,1.8,1.8,1,11.0,1.0,8.0,2.0,0.0,0.0,0.0,5.0,2.2,1,269.9,1,0
515,huawei enjoy 20,,6.5,1,4,0,128.0,8.0,4000.0,,602614.0,2360.0,Mali-G57 MP6,1.0,4.0,2.36,1.84,1,10.0,4.0,64.0,1.8,0.0,0.0,1.0,16.0,2.0,1,404.9,1,0
516,huawei enjoy 20,,6.5,1,2,0,128.0,8.0,4000.0,,,,,4.0,4.0,2.0,2.0,1,10.0,3.0,48.0,1.8,0.0,0.0,1.0,16.0,2.0,7,404.9,1,0
517,huawei mate x2,,8.0,2,4,1,256.0,8.0,4500.0,90.0,1079281.0,3130.0,Mali-G78 MP24,1.0,4.0,3.13,2.05,1,10.0,4.0,50.0,1.9,1.0,1.0,1.0,16.0,2.2,1,,1,0
518,apple iphone 5s,,4.0,0,6,0,16.0,1.0,1560.0,,419670.0,1850.0,PowerVR GT7600,,,,,1,11.0,1.0,8.0,2.2,0.0,0.0,0.0,1.2,2.4,4,326.0,1,0
519,xiaomi 12x,,6.28,2,1,1,128.0,8.0,4500.0,120.0,1005598.0,3200.0,Adreno 650,1.0,4.0,3.2,1.8,1,12.0,3.0,50.0,1.9,1.0,1.0,1.0,32.0,,0,419.1,1,0
520,oppo a52,4990000.0,6.5,1,1,0,128.0,6.0,5000.0,,323556.0,2000.0,Adreno 610,4.0,4.0,2.0,1.8,1,10.0,4.0,12.0,1.7,0.0,0.0,1.0,16.0,2.0,0,411.2,1,0
521,huawei mate x2,,8.0,2,4,1,256.0,8.0,4500.0,90.0,1079281.0,3130.0,Mali-G78 MP24,1.0,4.0,3.13,2.05,1,10.0,4.0,50.0,1.9,1.0,1.0,1.0,16.0,2.2,1,,1,0
522,redmi k50i,,6.6,1,2,1,128.0,6.0,4400.0,,,,,4.0,4.0,2.85,2.0,1,12.0,3.0,64.0,0.0,0.0,0.0,1.0,16.0,,7,407.1,1,0
523,xiaomi 12x,,6.28,2,1,1,128.0,8.0,4500.0,120.0,1005598.0,3200.0,Adreno 650,1.0,4.0,3.2,1.8,1,12.0,3.0,50.0,1.9,1.0,1.0,1.0,32.0,,0,419.1,1,0
524,xiaomi civi 2,,,2,1,0,128.0,8.0,4500.0,,800145.0,2500.0,Adreno 642,,,,,1,12.0,3.0,64.0,0.0,0.0,0.0,0.0,32.0,,0,,0,0
525,vivo y74s,,6.58,1,2,0,256.0,8.0,4100.0,,569913.0,2400.0,Mali-G57 MP2,2.0,6.0,2.4,2.0,1,11.0,2.0,50.0,1.8,0.0,0.0,1.0,8.0,2.0,1,401.1,1,0
526,xiaomi mi 11x,,6.66,2,1,0,128.0,6.0,4520.0,120.0,1005598.0,3200.0,Adreno 650,1.0,4.0,3.2,1.8,1,11.0,3.0,48.0,1.8,0.0,0.0,1.0,20.0,2.5,0,395.2,1,0
527,nubia red magic 7,,6.8,2,1,1,256.0,16.0,5000.0,,1294632.0,3000.0,Adreno 730,1.0,4.0,3.0,1.8,1,12.0,3.0,64.0,1.8,0.0,0.0,1.0,16.0,2.0,0,387.0,1,0
528,tecno spark 9,,6.6,1,2,0,64.0,3.0,5000.0,,,,,4.0,4.0,2.3,1.8,0,12.0,1.0,13.0,1.9,0.0,0.0,1.0,8.0,,7,265.8,1,0
529,tecno pop 5,,6.52,1,2,0,32.0,3.0,6000.0,,,,,,,,,1,11.0,1.0,8.0,0.0,0.0,0.0,0.0,5.0,2.0,7,269.1,1,0
530,honor x8,,6.7,1,1,1,128.0,6.0,4000.0,,415362.0,2400.0,Adreno 610,4.0,4.0,2.4,1.9,1,11.0,4.0,64.0,1.8,0.0,0.0,1.0,16.0,2.5,0,391.2,1,0
531,oneplus 10r,,,0,6,1,,,,,419670.0,1850.0,PowerVR GT7600,,,,,1,,,,,,,,,,4,,0,0
532,oneplus 10,,,0,6,0,,,,,419670.0,1850.0,PowerVR GT7600,,,,,1,,,,,,,,,,4,,0,0
533,infinix smart 9,,6.7,1,2,0,64.0,3.0,5000.0,120.0,357879.0,2000.0,Mali-G52 MP2,2.0,6.0,2.0,1.7,1,14.0,1.0,13.0,1.9,0.0,0.0,0.0,8.0,2.0,1,261.9,2,0
534,masstel izi 20,,1.77,1,6,0,0.125,,1700.0,,419670.0,1850.0,PowerVR GT7600,,,,,1,,,0.0,0.0,0.0,0.0,0.0,,,4,115.8,1,0
535,masstel izi 55,,2.4,1,6,0,,,1800.0,,,,,,,,,1,,,,,,,,,,7,166.7,1,0
536,oneplus nord 2t,,6.43,2,2,1,,,4.5,,954090.0,3000.0,Mali-G77 MP9,,,,,1,12.0,3.0,50.0,0.0,0.0,0.0,0.0,,,1,,0,0
537,oneplus ace,,6.7,2,1,1,,8.0,4.8,,1411891.0,3200.0,Adreno 730,,,,,1,,3.0,50.0,0.0,0.0,0.0,1.0,32.0,,0,,0,0
538,xiaomi 17,31470000.0,6.9,2,1,1,512.0,16.0,6000.0,,3932243.0,4610.0,Adreno 840,,,,,1,16.0,2.0,200.0,0.0,0.0,0.0,1.0,50.0,,0,,2,0
539,iphone 16 promax,30990000.0,6.9,2,6,1,256.0,8.0,,120.0,1808835.0,4050.0,Apple A18 Pro GPU,2.0,,,,0,18.0,3.0,48.0,1.6,0.0,1.0,1.0,12.0,1.9,2,457.6,2,0
540,iphone 16 promax,42990000.0,6.9,2,6,1,1024.0,,,120.0,1808835.0,4050.0,Apple A18 Pro GPU,2.0,,,,0,18.0,3.0,48.0,1.6,0.0,1.0,1.0,12.0,1.9,2,457.6,2,0
541,xiaomi 15t,15990000.0,6.83,2,2,0,512.0,12.0,5500.0,,2874956.0,3730.0,Mali-G925  MP12,,,,,1,,3.0,50.0,1.62,1.0,1.0,1.0,32.0,2.2,1,,0,0
542,nubia z70,16990000.0,6.85,2,1,1,256.0,12.0,6150.0,144.0,3336910.0,4320.0,Adreno 830,,,,,1,15.0,3.0,64.0,0.0,0.0,0.0,0.0,16.0,,0,,2,0
543,samsung galaxy s24,25290000.0,6.8,2,1,1,256.0,12.0,5.0,120.0,2341391.0,3300.0,Adreno 750,,,,,1,14.0,4.0,200.0,2.2,1.0,1.0,1.0,12.0,2.2,0,505.3,4,1
544,oppo find x9,21990000.0,6.59,2,2,1,256.0,12.0,7025.0,120.0,3508681.0,4210.0,Mali-G1 Ultra MP12,,,,,1,,4.0,50.0,0.0,1.0,1.0,1.0,32.0,2.4,1,460.1,3,1
545,iphone 15,17690000.0,6.7,2,0,1,128.0,6.0,4383.0,60.0,1633145.0,3460.0,Apple A16 GPU,2.0,4.0,,,0,17.0,2.0,48.0,0.0,0.0,0.0,0.0,12.0,1.9,2,459.6,2,1
546,xiaomi 15,19290000.0,6.36,2,1,1,512.0,12.0,5240.0,120.0,3336910.0,4320.0,Adreno 830,,,,,1,,3.0,50.0,1.62,1.0,1.0,1.0,32.0,2.0,0,460.3,2,0
547,iphone 12 promax i,23490000.0,6.7,2,0,1,128.0,6.0,20.0,,1337390.0,3100.0,Apple A14 GPU,,,,,0,14.1,3.0,12.0,1.6,1.0,1.0,1.0,12.0,2.2,2,456.8,2,1
548,iphone 11,7490000.0,6.1,1,0,1,64.0,4.0,3110.0,,1091336.0,2650.0,Apple A13 GPU,,,,,0,13.0,1.0,12.0,1.8,0.0,0.0,1.0,12.0,2.2,2,323.6,2,1
549,oppo reno12 f,7120000.0,6.7,2,2,1,256.0,8.0,5000.0,120.0,532738.0,2400.0,Mali-G57 MP2,,,,,1,14.0,3.0,50.0,0.0,0.0,0.0,1.0,32.0,,1,,0,0
550,honor win rt,,6.83,1,1,1,,,10.0,,3336910.0,4320.0,Adreno 830,,,,,1,16.0,3.0,50.0,0.0,0.0,1.0,1.0,50.0,,0,,2,0
551,iphone 16,35990000.0,6.3,2,6,1,1024.0,8.0,,,1808835.0,4050.0,Apple A18 Pro GPU,2.0,4.0,,,0,18.0,3.0,48.0,1.6,0.0,1.0,1.0,12.0,1.9,2,458.1,2,0
552,samsung galaxy a55,7590000.0,6.6,2,3,1,128.0,8.0,5000.0,120.0,,,,4.0,4.0,2.7,2.0,1,14.0,3.0,50.0,0.0,1.0,0.0,1.0,32.0,,7,390.5,1,0
553,samsung galaxy m55,6990000.0,6.7,2,1,1,256.0,8.0,5000.0,120.0,829085.0,2400.0,Adreno 644,1.0,4.0,2.4,1.8,1,14.0,3.0,50.0,1.8,1.0,0.0,1.0,50.0,2.4,0,392.8,1,0
554,vivo iqoo z9 turbo,,6.72,2,1,1,256.0,12.0,6000.0,144.0,1795718.0,3000.0,Adreno 735,,,,,1,14.0,1.0,8.0,0.0,1.0,0.0,1.0,16.0,,0,,0,0
555,iphone 14 promax,27990000.0,6.7,2,0,1,256.0,6.0,4323.0,120.0,1633145.0,3460.0,Apple A16 GPU,,,,,0,16.0,3.0,48.0,1.8,1.0,1.0,1.0,12.0,1.9,2,459.6,2,1
556,itel rs4,3390000.0,6.56,1,2,1,256.0,12.0,5.0,120.0,,,,2.0,6.0,2.2,2.0,1,13.0,1.0,50.0,1.6,0.0,0.0,1.0,8.0,,7,269.1,2,0
557,honor 600,,6.57,0,6,0,256.0,12.0,9000.0,,419670.0,1850.0,PowerVR GT7600,,,,,1,,,,,,,,,,4,,0,0
558,redmi turbo 5,,,2,2,0,,16.0,9000.0,,3041307.0,3730.0,Mali-G925  MP12,,,,,1,16.0,2.0,50.0,0.0,1.0,0.0,0.0,,,1,,0,0
559,oppo find n3 flip,13990000.0,6.8,2,2,1,256.0,12.0,4300.0,120.0,1755232.0,3050.0,Mali-G715  MP11,1.0,4.0,3.05,1.8,1,13.0,3.0,50.0,1.8,1.0,1.0,1.0,32.0,2.4,1,403.2,1,0
560,xiaomi redmi 14c,2850000.0,6.88,0,2,0,128.0,4.0,5160.0,120.0,,,,,,,,1,,1.0,50.0,1.8,0.0,0.0,0.0,13.0,2.0,7,260.3,1,0
561,nubia v70,2590000.0,6.9,1,6,1,128.0,6.0,6000.0,120.0,330006.0,1600.0,Mali-G57 MP1,,,,,1,15.0,1.0,50.0,0.0,0.0,0.0,0.0,8.0,,1,259.6,2,0
562,nubia v80,3890000.0,6.9,1,6,1,128.0,8.0,6000.0,120.0,,,,,,,,1,,2.0,50.0,0.0,0.0,0.0,0.0,16.0,,7,,2,0
563,honor power 2,,6.79,2,2,1,,,10080.0,,,,,1.0,4.0,3.4,2.2,1,16.0,2.0,50.0,0.0,0.0,0.0,1.0,16.0,,7,,2,0
564,xiaomi redmi note 12,,6.66,2,6,1,128.0,6.0,5000.0,120.0,,,,2.0,6.0,2.6,2.0,1,12.0,3.0,50.0,1.9,1.0,0.0,1.0,16.0,,7,395.2,1,0
565,xiaomi redmi note 12 turbo,,6.67,2,1,1,256.0,8.0,5000.0,120.0,1285461.0,2910.0,Adreno 725,1.0,4.0,2.91,1.8,1,13.0,3.0,64.0,2.2,1.0,0.0,1.0,16.0,,0,394.6,1,0
566,iphone 12,7990000.0,6.1,2,0,1,64.0,4.0,20.0,,1337390.0,3100.0,Apple A14 GPU,,,,,0,14.1,2.0,12.0,1.6,1.0,0.0,1.0,12.0,2.2,2,457.3,2,1
567,xiaomi redmi turbo 4,,,0,6,0,,,,,419670.0,1850.0,PowerVR GT7600,,,,,1,,,,,,,,,,4,,0,0
568,xiaomi poco f8,,6.9,2,1,1,256.0,12.0,6500.0,120.0,3932243.0,4610.0,Adreno 840,,,,,1,,3.0,50.0,1.0,0.0,1.0,1.0,32.0,,0,,4,1
569,huawei mate xt,,10.2,2,4,0,256.0,16.0,5600.0,120.0,1155792.0,2300.0,Maleoon 910,,,,,1,,3.0,50.0,0.0,0.0,0.0,0.0,8.0,,6,,2,0
570,vivo iqoo z9,,6.78,2,1,0,128.0,8.0,6000.0,144.0,1020938.0,2630.0,Adreno 720,,,,,1,14.0,2.0,50.0,0.0,0.0,0.0,0.0,16.0,,0,,0,0
571,xiaomi poco f7,,6.67,2,1,1,256.0,12.0,6000.0,120.0,,,,1.0,2.0,3.3,2.3,1,15.0,2.0,50.0,1.6,0.0,0.0,1.0,20.0,,7,526.1,2,0
572,huawei p60,,6.66,2,1,1,256.0,8.0,4815.0,120.0,1411891.0,3200.0,Adreno 730,1.0,4.0,3.2,2.0,1,,3.0,48.0,1.4,1.0,0.0,1.0,13.0,2.4,0,,1,0
573,benco s1,4290000.0,6.8,0,6,0,256.0,8.0,5000.0,,,,,,,,,1,13.0,1.0,64.0,0.0,0.0,0.0,0.0,16.0,,7,419.5,1,0
574,nubia red magic 9,,6.8,2,1,1,256.0,8.0,6500.0,120.0,,,,1.0,2.0,3.3,2.3,1,14.0,3.0,50.0,2.4,0.0,0.0,1.0,16.0,2.0,7,399.9,1,0
575,honor magic 5,,6.8,2,1,1,256.0,8.0,5.1,120.0,,,,,,,,1,,4.0,50.0,1.6,0.0,1.0,1.0,12.5,,7,461.1,0,0
576,xiaomi 15,,6.73,0,1,0,256.0,8.0,,,1038717.0,2500.0,Adreno 810,,,,,1,,,,,,,,,,0,,0,0
577,xiaomi 17 promax,,,0,6,0,,,,,419670.0,1850.0,PowerVR GT7600,,,,,1,,,,,,,,,,4,,0,0
578,honor magic 6,,6.8,2,1,1,512.0,12.0,5600.0,,2341391.0,3300.0,Adreno 750,,,,,1,14.0,3.0,180.0,1.4,1.0,1.0,1.0,50.0,2.0,0,,1,0
579,google pixel 9,,6.3,2,6,1,128.0,16.0,4.0,,1499601.0,3100.0,Mali-G715 MP7,,,,,1,14.0,3.0,50.0,1.68,0.0,1.0,1.0,42.0,2.2,1,,2,1
580,honor magic 5,,6.73,2,1,1,256.0,12.0,5100.0,,1752044.0,3200.0,Adreno 740,,,,,1,13.0,3.0,54.0,1.9,1.0,1.0,1.0,12.0,,0,,1,0
581,google pixel 8,,6.7,2,6,1,128.0,8.0,5.0,120.0,1414384.0,2910.0,Mali-G715 MP7,,,,,1,14.0,2.0,50.0,1.7,1.0,1.0,0.0,5.0,,1,,1,0
582,google pixel 9,,6.3,2,6,1,128.0,12.0,4.0,,1499601.0,3100.0,Mali-G715 MP7,,,,,1,14.0,2.0,50.0,1.68,0.0,0.0,1.0,10.5,2.2,1,419.5,2,1
583,xiaomi 17t,,,0,6,0,,,,,419670.0,1850.0,PowerVR GT7600,,,,,1,,,,,,,,,,4,,0,0
584,oppo a56,,6.5,1,2,0,128.0,4.0,5000.0,,,,,2.0,6.0,2.2,2.0,1,11.0,2.0,13.0,2.2,0.0,0.0,1.0,8.0,2.0,7,269.9,1,0
585,infinix gt 20,,6.78,2,2,1,256.0,12.0,5000.0,,,,,,,,,1,,3.0,108.0,0.0,0.0,0.0,0.0,32.0,,7,,0,0
586,xiaomi redmi k70,,6.67,2,1,1,128.0,8.0,5500.0,120.0,,,,1.0,3.0,3.2,2.0,1,13.0,3.0,64.0,1.8,1.0,0.0,1.0,16.0,2.5,7,526.1,1,0
587,xiaomi 17,,,0,6,0,,,,,419670.0,1850.0,PowerVR GT7600,,,,,1,,,,,,,,,,4,,0,0
588,poco f6,,6.67,2,1,1,256.0,8.0,5000.0,120.0,1795718.0,3000.0,Adreno 735,1.0,3.0,3.0,2.0,1,,2.0,50.0,1.59,0.0,0.0,1.0,20.0,2.2,0,445.8,3,1
589,tecno pova 8,,,0,6,0,128.0,4.0,,,419670.0,1850.0,PowerVR GT7600,,,,,1,,,,,,,,,,4,,0,0
590,nothing 2,,6.55,2,1,1,256.0,8.0,5000.0,120.0,1752044.0,3200.0,Adreno 740,1.0,3.0,3.2,2.0,1,13.0,3.0,108.0,1.9,0.0,0.0,1.0,16.0,,0,401.8,1,0
591,huawei mate x6,,,2,1,0,256.0,12.0,5100.0,120.0,1752044.0,3200.0,Adreno 740,,,,,1,,3.0,50.0,1.4,0.0,1.0,1.0,8.0,,0,,0,0
592,realme gt neo 5,,6.74,2,1,1,256.0,16.0,5000.0,144.0,,,,1.0,4.0,3.19,1.8,1,13.0,3.0,50.0,1.88,1.0,1.0,1.0,16.0,2.45,7,450.5,1,0
593,infinix hot 50i,,6.7,1,2,0,128.0,4.0,5.0,120.0,357879.0,2000.0,Mali-G52 MP2,,,,,1,14.0,1.0,48.0,1.79,0.0,0.0,0.0,8.0,2.0,1,261.9,2,0
594,oppo find x7,,6.7,2,1,1,256.0,12.0,5.2,120.0,,,,,,,,1,,3.0,50.0,0.0,0.0,0.0,0.0,32.0,,7,525.9,0,0
595,realme v30,,6.51,0,6,0,64.0,4.0,5.0,,419670.0,1850.0,PowerVR GT7600,,,,,1,13.0,1.0,13.0,0.0,0.0,0.0,0.0,5.0,,4,269.5,0,0
596,huawei mate 60,,6.82,2,4,1,256.0,12.0,5000.0,120.0,1062256.0,2620.0,Maleoon 910,1.0,4.0,2.62,1.53,1,,3.0,50.0,1.4,1.0,1.0,1.0,13.0,2.4,6,,1,0
597,sharp aquos r8,,6.6,2,1,1,256.0,8.0,4570.0,240.0,1752044.0,3200.0,Adreno 740,,,,,1,13.0,1.0,13.0,0.0,0.0,0.0,1.0,8.0,,0,390.5,0,0
598,xiaomi 17,,,0,6,0,,,,,419670.0,1850.0,PowerVR GT7600,,,,,1,,,,,,,,,,4,,0,0
599,meizu 20,,6.55,2,1,1,128.0,12.0,4700.0,144.0,1752044.0,3200.0,Adreno 740,1.0,3.0,3.2,2.0,1,,3.0,50.0,1.9,0.0,0.0,1.0,32.0,2.5,0,402.9,1,0
600,xiaomi poco f5,,6.66,2,1,1,64.0,6.0,4.52,120.0,1005598.0,3200.0,Adreno 650,,,,,1,13.0,3.0,48.0,1.8,0.0,0.0,1.0,20.0,,0,395.2,0,0
601,xiaomi redmi k70,,,0,1,1,128.0,8.0,5.0,,2341391.0,3300.0,Adreno 750,,,,,1,,,,,,,,,,0,,0,0
602,masstel izi t2,500000.0,2.4,0,6,0,0.125,0.046875,1800.0,,,,,,,,,1,,,,,,,,,,7,166.7,1,0
603,xiaomi mix fold 3,,6.4,2,1,1,256.0,12.0,4.6,120.0,,,,,,,,1,,3.0,200.0,0.0,0.0,1.0,1.0,32.0,,7,,0,0
604,oneplus nord n30,,6.72,1,1,1,128.0,8.0,5.0,120.0,592489.0,2200.0,Adreno 619,2.0,6.0,2.2,1.7,1,13.0,3.0,108.0,1.8,0.0,0.0,1.0,16.0,2.4,0,391.6,1,0
605,honor 200,,6.7,2,1,1,256.0,12.0,5200.0,120.0,1795718.0,3000.0,Adreno 735,,,,,1,14.0,3.0,50.0,1.9,1.0,1.0,0.0,50.0,,0,,0,0
606,samsung galaxy m44,,6.58,1,1,0,128.0,6.0,5.0,120.0,1118041.0,2840.0,Adreno 660,,,,,1,13.0,3.0,50.0,0.0,0.0,0.0,0.0,13.0,,0,401.1,0,0
607,leitz 1,,6.6,2,1,1,256.0,12.0,5.0,240.0,1118041.0,2840.0,Adreno 660,,,,,1,11.0,1.0,20.0,1.9,0.0,0.0,0.0,12.6,2.3,0,,0,0
608,redmi k60,,6.66,2,1,1,128.0,8.0,5000.0,120.0,1752044.0,3200.0,Adreno 740,1.0,3.0,3.2,2.0,1,13.0,3.0,54.0,1.9,1.0,0.0,1.0,16.0,,0,526.9,1,0
609,oppo find x8,,6.78,2,2,0,512.0,16.0,5910.0,120.0,2825187.0,3620.0,Mali-G925  MP12,,,,,1,15.0,3.0,50.0,0.0,0.0,1.0,1.0,32.0,,1,,0,0
610,huawei p60 art,,6.67,2,1,1,512.0,12.0,5100.0,120.0,1411891.0,3200.0,Adreno 730,1.0,4.0,3.19,2.0,1,,3.0,48.0,1.4,1.0,1.0,1.0,13.0,2.4,0,,1,0
611,xiaomi poco m7,,6.79,0,6,1,128.0,6.0,,,419670.0,1850.0,PowerVR GT7600,,,,,1,,,,,,,,,,4,,0,0
612,google pixel 6,,6.4,2,6,1,128.0,8.0,4614.0,,1019946.0,2800.0,Mali-G78 MP20,2.0,4.0,2.8,1.8,1,12.0,2.0,50.0,1.9,1.0,0.0,1.0,8.0,2.0,1,411.2,2,1
613,honor x8a,,6.7,1,2,1,128.0,8.0,4500.0,90.0,353817.0,2000.0,Mali-G52 MP2,,,,,1,12.0,3.0,100.0,1.9,0.0,0.0,1.0,16.0,2.5,1,389.5,1,0
614,xiaomi 17,,6.3,2,1,1,512.0,12.0,7000.0,120.0,3932243.0,4610.0,Adreno 840,2.0,6.0,4.6,3.62,1,16.0,3.0,50.0,1.7,0.0,1.0,1.0,50.0,2.2,0,,2,0
615,xiaomi 17t,,,0,6,0,,,,,419670.0,1850.0,PowerVR GT7600,,,,,1,,,,,,,,,,4,,0,0
616,xiaomi redmi note 13 turbo,,,2,2,0,512.0,12.0,5.255,120.0,708890.0,2600.0,Mali-G77 MP9,,,,,1,,3.0,64.0,0.0,0.0,0.0,0.0,32.0,,1,,0,0
617,realme gt6,,,0,6,1,256.0,8.0,,,419670.0,1850.0,PowerVR GT7600,,,,,1,,,,,,,,,,4,,0,0
618,tecno spark 50,4990000.0,6.78,1,6,0,128.0,4.0,6700.0,,419670.0,1850.0,PowerVR GT7600,,,,,1,,1.0,50.0,0.0,0.0,0.0,0.0,8.0,,4,,2,0
619,oppo find x7,,,0,6,0,,,,,419670.0,1850.0,PowerVR GT7600,,,,,1,,,,,,,,,,4,,0,0
620,iqoo 11,,6.78,2,1,1,128.0,8.0,5000.0,144.0,1752044.0,3200.0,Adreno 740,1.0,3.0,3.2,2.0,1,13.0,3.0,50.0,1.9,1.0,1.0,1.0,16.0,2.5,0,506.8,1,0
621,google pixel 9 xl,,6.8,2,6,1,128.0,16.0,5.0,,1499601.0,3100.0,Mali-G715 MP7,,,,,1,14.0,3.0,50.0,1.68,0.0,1.0,1.0,42.0,2.2,1,,2,1
622,realme c75x,,,0,6,0,128.0,8.0,,,419670.0,1850.0,PowerVR GT7600,,,,,1,,,,,,,,,,4,,0,0
623,xiaomi poco f7,,,0,6,0,,,,,419670.0,1850.0,PowerVR GT7600,,,,,1,,,,,,,,,,4,,0,0
624,google pixel fold,,7.6,2,6,1,256.0,12.0,4821.0,120.0,1158921.0,2850.0,Mali-G710 MP7,2.0,4.0,2.85,1.8,1,13.0,3.0,48.0,1.7,1.0,1.0,1.0,9.5,2.0,1,,2,1
625,zte nubia z60,,6.8,2,1,1,256.0,8.0,6000.0,120.0,,,,1.0,2.0,3.3,2.3,1,14.0,3.0,64.0,1.8,1.0,1.0,1.0,12.0,,7,399.9,1,0
626,samsung galaxy tab s10,,,0,6,0,,,,,419670.0,1850.0,PowerVR GT7600,,,,,1,,,,,,,,,,4,,0,0
627,oppo a2m,,6.56,1,2,0,256.0,12.0,5.0,90.0,527185.0,2200.0,Mali-G57 MP2,,,,,1,13.0,1.0,13.0,2.2,0.0,0.0,0.0,5.0,2.2,1,,0,0
628,xiaomi redmi note 14,,6.67,2,2,1,256.0,8.0,5110.0,120.0,,,,4.0,4.0,2.5,2.0,1,14.0,3.0,200.0,0.0,0.0,0.0,0.0,20.0,,7,445.8,2,0
629,realme gt neo 6,,6.71,2,1,1,128.0,12.0,5.0,120.0,1752044.0,3200.0,Adreno 740,,,,,1,,3.0,50.0,0.0,0.0,0.0,0.0,16.0,,0,,0,0
630,motorola razr 40,,6.9,2,1,1,256.0,8.0,3800.0,165.0,1411891.0,3200.0,Adreno 730,1.0,4.0,3.19,1.8,1,13.0,2.0,13.0,1.5,0.0,0.0,1.0,32.0,2.4,0,,3,1
631,samsung galaxy m16,,6.5,0,3,0,128.0,6.0,7000.0,,1042710.0,2900.0,Mali-G78 MP14,,,,,1,11.0,4.0,48.0,0.0,0.0,0.0,0.0,8.0,2.0,1,269.9,1,0
632,google pixel 5,,6.0,2,1,1,128.0,8.0,4080.0,,597153.0,2400.0,Adreno 620,1.0,6.0,2.4,1.8,1,11.0,2.0,16.0,1.7,1.0,0.0,1.0,8.0,2.0,0,429.5,2,1
633,oppo find x8,,,0,6,0,,,,,419670.0,1850.0,PowerVR GT7600,,,,,1,,,,,,,,,,4,,0,0
634,vivo y56,,6.58,1,2,0,128.0,8.0,5000.0,,515647.0,2200.0,Mali-G57 MP2,2.0,6.0,2.2,2.0,1,13.0,2.0,50.0,1.8,0.0,0.0,1.0,16.0,2.0,1,401.1,1,0
635,samsung a56,,,0,6,0,256.0,12.0,,,419670.0,1850.0,PowerVR GT7600,,,,,1,,,,,,,,,,4,,0,0
636,honor x9,,6.81,1,1,1,,,4.8,120.0,592489.0,2200.0,Adreno 619,,,,,1,11.0,3.0,48.0,0.0,0.0,0.0,0.0,16.0,,0,384.9,1,0
637,htc wildfire e3,,6.5,0,6,0,32.0,3.0,5000.0,60.0,,,,4.0,4.0,1.6,1.2,1,12.0,2.0,13.0,2.2,0.0,0.0,0.0,5.0,2.0,7,269.9,1,0
638,vivo iqoo z9x,,6.72,1,1,0,128.0,8.0,6000.0,120.0,733620.0,2200.0,Adreno 710,,,,,1,14.0,2.0,50.0,0.0,0.0,0.0,0.0,8.0,,0,,0,0
639,honor magic 5 flip 2,,6.82,2,1,1,1024.0,16.0,5200.0,120.0,2341391.0,3300.0,Adreno 750,,,,,1,15.0,2.0,200.0,1.9,0.0,0.0,1.0,50.0,,0,,4,1
640,oneplus ace 2,,6.74,2,1,1,,16.0,5.0,120.0,1752044.0,3200.0,Adreno 740,,,,,1,13.0,3.0,50.0,0.0,0.0,0.0,1.0,16.0,,0,,0,0
641,samsung galaxy a16,,6.7,2,2,0,256.0,8.0,5.0,90.0,532738.0,2400.0,Mali-G57 MP2,,,,,1,,2.0,50.0,1.8,0.0,0.0,0.0,13.0,2.0,1,384.7,0,0
642,vivo s1,,6.38,2,2,0,64.0,6.0,4500.0,90.0,,,,2.0,6.0,2.0,1.7,1,9.0,3.0,16.0,1.8,0.0,0.0,1.0,32.0,2.0,7,404.0,1,0
643,realme c75,,,0,6,0,128.0,8.0,,,419670.0,1850.0,PowerVR GT7600,,,,,1,,,,,,,,,,4,,0,0
644,oppo a58,,6.56,0,2,0,256.0,8.0,5.0,90.0,515647.0,2200.0,Mali-G57 MP2,,,,,1,12.0,2.0,50.0,0.0,0.0,0.0,0.0,8.0,,1,269.1,0,0
645,realme 10 proplus,,6.7,2,2,1,64.0,6.0,5.0,120.0,722902.0,2600.0,Mali-G68 MP4,2.0,6.0,2.6,2.0,1,12.0,3.0,108.0,2.4,1.0,0.0,1.0,16.0,2.4,1,392.8,1,0
646,realme gt3,,6.74,2,1,1,128.0,8.0,4600.0,144.0,1411891.0,3200.0,Adreno 730,1.0,4.0,3.19,1.8,1,13.0,3.0,50.0,1.9,1.0,0.0,1.0,16.0,2.5,0,450.5,1,0
647,itel a70,,6.6,0,6,0,128.0,4.0,5.0,120.0,,,,,,,,1,13.0,1.0,13.0,0.0,0.0,0.0,0.0,8.0,,7,267.5,0,0
648,huawei nova 11i,,6.8,1,1,0,128.0,8.0,5.0,90.0,415362.0,2400.0,Adreno 610,,,,,1,12.0,2.0,48.0,1.8,0.0,0.0,0.0,16.0,2.2,0,385.4,1,0
649,vivo y66,,5.5,1,6,0,32.0,3.0,3000.0,,419670.0,1850.0,PowerVR GT7600,,,,,1,6.0,1.0,13.0,2.2,0.0,0.0,0.0,16.0,2.0,4,267.0,0,0
650,honor 200,,6.7,2,2,1,256.0,8.0,4500.0,,581315.0,2400.0,Mali-G57 MP2,,,,,1,14.0,3.0,108.0,0.0,0.0,0.0,1.0,50.0,,1,394.4,0,0
651,nubia neo 5,,,0,6,0,,,,,419670.0,1850.0,PowerVR GT7600,,,,,1,,,,,,,,,,4,,0,0
652,honor x7,,6.74,1,1,0,128.0,4.0,5.0,,415362.0,2400.0,Adreno 610,,,,,1,11.0,4.0,48.0,0.0,0.0,0.0,1.0,8.0,,0,261.9,1,0
653,meizu 20,,6.81,2,1,1,128.0,12.0,5000.0,120.0,1752044.0,3200.0,Adreno 740,1.0,3.0,3.2,2.0,1,,3.0,50.0,1.9,0.0,1.0,1.0,32.0,2.5,0,515.3,1,0
654,google pixel 3 xl,,6.3,2,1,1,64.0,4.0,3430.0,,570119.0,2800.0,Adreno 630,4.0,4.0,2.5,1.6,1,9.0,1.0,2.0,1.8,1.0,0.0,1.0,8.0,1.8,0,522.5,2,1
655,xiaomi redmi note 12t,,6.6,1,2,1,128.0,8.0,5080.0,144.0,,,,1.0,4.0,3.1,2.0,1,13.0,3.0,64.0,1.8,0.0,0.0,1.0,16.0,,7,407.1,1,0
656,zenfone 10,,6.3,2,1,1,256.0,16.0,5.0,120.0,1752044.0,3200.0,Adreno 740,,,,,1,13.0,1.0,200.0,0.0,1.0,0.0,0.0,16.0,,0,,0,0
657,google pixel 3,,5.5,2,1,1,64.0,4.0,2915.0,,570119.0,2800.0,Adreno 630,4.0,4.0,2.5,1.6,1,12.0,1.0,2.0,1.8,1.0,0.0,1.0,8.0,1.8,0,439.1,2,1
658,xiaomi redmi note 14,,6.67,2,2,1,256.0,8.0,5500.0,120.0,,,,2.0,6.0,2.2,2.0,1,14.0,3.0,200.0,0.0,0.0,0.0,0.0,32.0,,7,394.6,2,0
659,nothing 3a,,6.77,2,1,1,256.0,8.0,5000.0,120.0,1038717.0,2500.0,Adreno 810,,,,,1,15.0,3.0,50.0,1.88,0.0,0.0,0.0,50.0,2.2,0,387.7,2,0
660,samsung galaxy s24fe,,6.7,2,3,1,256.0,8.0,4700.0,120.0,1971406.0,3110.0,Samsung Xclipse 940,,,,,1,,3.0,50.0,1.8,0.0,1.0,0.0,10.0,2.4,3,384.7,4,1
661,iqoo neo 7,,6.78,2,1,0,256.0,8.0,5.0,120.0,1411891.0,3200.0,Adreno 730,,,,,1,13.0,3.0,50.0,0.0,0.0,0.0,1.0,16.0,,0,,0,0
662,realme gt neo 5,,6.74,2,1,1,256.0,8.0,5500.0,144.0,1285461.0,2910.0,Adreno 725,1.0,4.0,2.91,1.8,1,13.0,3.0,64.0,1.8,0.0,0.0,1.0,16.0,2.5,0,450.5,1,0
663,oppo reno12 f,,6.67,2,6,0,256.0,8.0,5000.0,120.0,,,,,,,,1,14.0,3.0,50.0,1.8,0.0,0.0,0.0,32.0,2.4,7,394.6,2,0
664,huawei enjoy 60x,,6.95,1,1,1,128.0,8.0,7000.0,90.0,415362.0,2400.0,Adreno 610,4.0,4.0,2.4,1.9,1,,2.0,50.0,2.4,0.0,0.0,1.0,8.0,2.0,0,375.5,1,0
665,google pixel 9 fold,,8.0,2,6,1,128.0,16.0,4650.0,120.0,1499601.0,3100.0,Mali-G715 MP7,,,,,1,14.0,3.0,48.0,1.7,1.0,1.0,1.0,10.0,2.2,1,330.3,2,1
666,xiaomi redmi note 14,,,0,6,0,128.0,8.0,,,419670.0,1850.0,PowerVR GT7600,,,,,1,,,,,,,,,,4,,0,0
667,google pixel 6,,6.7,0,6,1,128.0,12.0,5003.0,,1019946.0,2800.0,Mali-G78 MP20,2.0,4.0,2.8,1.8,1,12.0,3.0,50.0,1.9,1.0,1.0,1.0,11.1,2.2,1,512.9,2,1
668,xiaomi redmi note 14,,,0,6,0,128.0,8.0,,,419670.0,1850.0,PowerVR GT7600,,,,,1,,,,,,,,,,4,,0,0
669,realme v30t,,6.5,1,2,0,128.0,8.0,5.0,,515647.0,2200.0,Mali-G57 MP2,,,,,1,12.0,2.0,13.0,0.0,0.0,0.0,0.0,5.0,,1,,0,0
670,zte nubia z50,,6.8,2,1,1,256.0,8.0,5000.0,120.0,1752044.0,3200.0,Adreno 740,1.0,3.0,3.2,2.0,1,13.0,3.0,64.0,1.6,1.0,1.0,1.0,50.0,2.0,0,399.9,1,0
671,vivo x100,,6.78,2,2,1,256.0,12.0,5400.0,120.0,2415558.0,3250.0,Mali-G720  MP12,1.0,4.0,3.25,2.0,1,14.0,3.0,50.0,1.8,1.0,1.0,1.0,32.0,2.0,1,,1,0
672,oppo reno 11 a,,,0,6,0,256.0,12.0,5000.0,,419670.0,1850.0,PowerVR GT7600,,,,,1,14.0,,,,,,,,,4,,0,0
673,samsung galaxy a55,,6.6,2,3,1,256.0,12.0,5000.0,120.0,,,,4.0,4.0,2.7,2.0,1,14.0,3.0,50.0,0.0,1.0,0.0,1.0,32.0,,7,398.8,1,0
674,redmi note 12t,,6.6,1,2,1,128.0,8.0,5080.0,144.0,,,,1.0,4.0,3.1,2.0,1,13.0,3.0,64.0,1.8,0.0,0.0,1.0,16.0,,7,407.1,1,0
675,oppo a2,,6.72,1,2,0,256.0,12.0,5000.0,90.0,527185.0,2200.0,Mali-G57 MP2,2.0,6.0,2.2,2.0,1,13.0,2.0,50.0,1.8,0.0,0.0,0.0,8.0,2.0,1,391.6,1,0
676,xiaomi redmi note 14s,,6.67,2,2,1,128.0,8.0,5000.0,120.0,,,,2.0,6.0,2.2,2.0,1,15.0,3.0,200.0,1.7,0.0,0.0,1.0,16.0,2.4,7,394.6,2,0
677,honor 90,,6.78,2,1,1,256.0,12.0,5000.0,120.0,1411891.0,3200.0,Adreno 730,1.0,4.0,3.0,1.8,1,13.0,3.0,200.0,1.9,1.0,0.0,1.0,50.0,2.4,0,,1,0
678,honor 600,,6.57,0,6,0,,,9.0,,419670.0,1850.0,PowerVR GT7600,,,,,1,,,,,,,,,,4,,0,0
679,oppo a2x,,6.56,1,2,0,128.0,6.0,5.0,90.0,527185.0,2200.0,Mali-G57 MP2,,,,,1,13.0,1.0,13.0,2.2,0.0,0.0,0.0,5.0,2.2,1,269.1,1,0
680,google pixel 6a,,6.1,2,6,1,128.0,6.0,4410.0,,1019946.0,2800.0,Mali-G78 MP20,2.0,4.0,2.8,1.8,1,12.0,2.0,12.0,1.7,1.0,0.0,1.0,8.0,2.0,1,431.4,2,1
681,huawei nova y91,,6.95,0,1,0,128.0,8.0,7000.0,90.0,415362.0,2400.0,Adreno 610,,,,,1,,2.0,50.0,1.8,0.0,0.0,0.0,8.0,2.0,0,375.5,1,0
682,asus rog 8,,6.81,2,1,0,512.0,16.0,6.0,120.0,,,,,,,,1,,4.0,64.0,0.0,0.0,0.0,0.0,24.0,,7,386.5,0,0
683,motorola moto g73,,6.5,1,2,1,256.0,8.0,5000.0,120.0,593307.0,2200.0,IMG BXM-8-256,2.0,6.0,2.2,2.0,1,13.0,2.0,50.0,1.8,0.0,0.0,1.0,16.0,2.4,4,404.9,1,0
684,samsung a06,,,0,6,0,64.0,4.0,,,419670.0,1850.0,PowerVR GT7600,,,,,1,,,,,,,,,,4,,0,0
685,vivo v27,,6.78,2,6,1,128.0,8.0,4600.0,120.0,419670.0,1850.0,PowerVR GT7600,,,,,1,13.0,3.0,64.0,1.8,1.0,0.0,1.0,50.0,2.5,4,388.2,1,0
686,xiaomi poco c65,,6.74,1,2,1,128.0,6.0,5000.0,90.0,,,,,,,,1,,2.0,50.0,1.8,0.0,0.0,0.0,8.0,2.0,7,260.3,1,0
687,oppo a1,,6.7,2,1,1,128.0,6.0,5.0,120.0,592489.0,2200.0,Adreno 619,2.0,6.0,2.2,1.7,1,12.0,2.0,108.0,2.4,0.0,0.0,1.0,16.0,,0,392.8,1,0
688,nokia 150,,2.4,0,6,0,0.00390625,0.00390625,1.02,,419670.0,1850.0,PowerVR GT7600,,,,,1,,,0.0,0.0,0.0,0.0,0.0,,,4,,1,0
689,honor 80 gt,,6.66,2,1,1,256.0,12.0,4800.0,120.0,1411891.0,3200.0,Adreno 730,1.0,4.0,3.0,1.8,1,12.0,3.0,54.0,1.9,0.0,0.0,1.0,16.0,2.4,0,395.2,1,0
690,google pixel 2,,5.0,2,1,1,64.0,4.0,2700.0,,438016.0,2450.0,Adreno 540,4.0,4.0,2.35,1.9,1,8.0,1.0,2.0,1.8,1.0,0.0,1.0,8.0,2.4,0,440.6,2,1
691,vivo y36,,6.64,1,1,0,256.0,8.0,5.0,90.0,415362.0,2400.0,Adreno 610,4.0,4.0,2.4,1.9,1,13.0,2.0,50.0,1.8,0.0,0.0,0.0,16.0,2.45,0,394.7,1,0
692,xiaomi redmi a5,,6.88,1,6,0,64.0,3.0,5200.0,120.0,,,,2.0,6.0,1.8,1.6,1,15.0,1.0,32.0,2.0,0.0,0.0,0.0,8.0,2.0,7,260.3,2,0
693,xiaomi redmi k70e,,6.67,2,2,1,128.0,8.0,5500.0,120.0,1609292.0,3350.0,Mali-G615 MP6,1.0,4.0,3.1,2.0,1,13.0,3.0,50.0,2.4,1.0,0.0,1.0,20.0,,1,526.1,1,0
694,nothing 1,,6.55,2,1,1,128.0,8.0,4.5,120.0,800145.0,2500.0,Adreno 642,1.0,4.0,2.5,1.8,1,12.0,2.0,50.0,0.0,0.0,0.0,0.0,16.0,,0,401.8,0,0
695,vivo v7,,5.7,1,1,0,32.0,4.0,3000.0,,176718.0,1800.0,Adreno 506,,,,,1,7.1,1.0,16.0,2.0,0.0,0.0,0.0,24.0,2.0,0,282.5,1,0
696,vivo v9,,6.3,1,1,0,64.0,4.0,3260.0,90.0,,,,,,,,1,8.1,2.0,16.0,2.0,0.0,0.0,1.0,24.0,2.0,7,400.5,1,0
697,vivo nex 3,,6.89,2,1,1,256.0,8.0,4500.0,,859084.0,2960.0,Adreno 640,1.0,4.0,2.96,1.8,1,9.0,3.0,64.0,1.8,0.0,1.0,1.0,16.0,2.1,0,363.0,1,0
698,nubia red magic 10,,,0,6,0,256.0,8.0,,,419670.0,1850.0,PowerVR GT7600,,,,,1,,,,,,,,,,4,,0,0
699,infinix note 30,,6.78,2,2,1,256.0,8.0,5.0,120.0,547830.0,2200.0,Mali-G57 MP2,2.0,6.0,2.2,2.0,1,13.0,2.0,108.0,2.4,0.0,0.0,1.0,16.0,2.0,1,396.3,1,0
700,google pixel 5a,,,2,1,1,128.0,6.0,4680.0,,597153.0,2400.0,Adreno 620,1.0,6.0,2.4,1.8,1,11.0,2.0,16.0,1.0,1.0,0.0,1.0,8.0,2.0,0,,2,1
701,oppo a1x,,6.56,1,2,0,128.0,6.0,5000.0,90.0,515647.0,2200.0,Mali-G57 MP2,2.0,6.0,2.2,2.0,1,12.0,2.0,13.0,2.2,0.0,0.0,1.0,8.0,2.2,1,269.1,1,0
702,xiaomi redmi note 12r,,6.67,2,1,0,256.0,12.0,5000.0,120.0,521686.0,2000.0,Adreno 619,,,,,1,13.0,2.0,48.0,2.4,0.0,0.0,1.0,8.0,2.0,0,394.6,1,0
703,xiaomi 14t,,6.73,2,1,0,256.0,8.0,5.5,120.0,,,,,,,,1,,4.0,108.0,0.0,0.0,0.0,0.0,44.0,,7,391.1,0,0
704,nubia redmagic 8s transparent,,6.8,2,1,1,512.0,16.0,6000.0,120.0,1752044.0,3200.0,Adreno 740,,,,,1,13.0,3.0,50.0,1.88,0.0,0.0,0.0,16.0,,0,399.9,1,0
705,honor x9b,,6.78,2,1,1,256.0,12.0,5800.0,120.0,733620.0,2200.0,Adreno 710,4.0,4.0,2.2,1.8,1,13.0,3.0,108.0,1.75,0.0,0.0,1.0,16.0,2.45,0,429.3,1,0
706,xiaomi 15t,,,0,6,0,256.0,12.0,,,419670.0,1850.0,PowerVR GT7600,,,,,1,,,,,,,,,,4,,0,0
707,xiaomi redmi note 13,,6.67,2,1,0,256.0,12.0,5000.0,120.0,461236.0,2800.0,Adreno 610,,,,,1,,2.0,108.0,0.0,0.0,0.0,0.0,16.0,,0,392.9,0,0
708,realme 11x,,6.72,1,2,0,128.0,6.0,5000.0,120.0,513180.0,2200.0,Mali-G57 MP2,,,,,1,,2.0,100.0,0.0,0.0,0.0,0.0,16.0,,1,,0,0
709,asus rog 7,,,0,1,1,128.0,8.0,,,1752044.0,3200.0,Adreno 740,,,,,1,,,,,,,,,,0,,0,0
710,realme 12,,6.7,1,1,1,128.0,16.0,5.0,144.0,1285461.0,2910.0,Adreno 725,,,,,1,,3.0,108.0,0.0,0.0,0.0,0.0,32.0,,0,,0,0
711,xiaomi redmi note 13r,,6.67,2,2,0,256.0,12.0,5000.0,120.0,581315.0,2400.0,Mali-G57 MP2,2.0,6.0,2.4,2.0,1,13.0,2.0,108.0,1.7,0.0,0.0,1.0,16.0,,1,394.6,1,0
712,nokia 130,,1.8,0,6,0,0.0078125,0.00390625,1020.0,,419670.0,1850.0,PowerVR GT7600,,,,,1,,,0.0,0.0,0.0,0.0,0.0,,,4,,1,0
713,vivo iqoo neo 8,,6.78,2,1,1,256.0,8.0,4500.0,120.0,1208784.0,2995.0,Adreno 660,1.0,4.0,2.99,1.8,1,11.0,3.0,50.0,1.8,1.0,1.0,1.0,16.0,2.4,0,517.6,1,0
714,blackview n6000,,6.4,0,2,1,256.0,8.0,3.0,,547830.0,2200.0,Mali-G57 MP2,,,,,1,13.0,2.0,48.0,0.0,0.0,0.0,0.0,,,1,84.4,0,0
715,vivo v30,,6.78,2,2,1,512.0,12.0,5000.0,120.0,1206715.0,3100.0,Mali-G610 MP6,1.0,4.0,3.1,2.0,1,14.0,3.0,50.0,1.85,1.0,0.0,1.0,50.0,2.0,1,452.9,1,0
716,xperia 5 5,,6.1,2,1,1,256.0,8.0,5000.0,120.0,1752044.0,3200.0,Adreno 740,1.0,3.0,3.2,2.0,1,13.0,2.0,48.0,1.9,0.0,0.0,1.0,12.0,2.0,0,449.5,1,0
717,xiaomi redmi note 14 proplus,,,0,6,0,512.0,12.0,,,419670.0,1850.0,PowerVR GT7600,,,,,1,,,,,,,,,,4,,0,0
718,huawei nova 12,,6.78,2,4,1,256.0,8.0,4900.0,120.0,1062256.0,2620.0,Maleoon 910,1.0,4.0,2.62,1.53,1,,3.0,50.0,1.9,0.0,1.0,1.0,60.0,2.2,6,429.3,1,0
719,google pixel 4a,,5.8,2,1,1,128.0,6.0,3140.0,,506661.0,2200.0,Adreno 618,2.0,6.0,2.2,1.8,1,10.0,1.0,2.0,1.0,1.0,0.0,1.0,8.0,2.0,0,444.3,2,1
720,xiaomi redmi note 14 proplus,,,0,6,0,512.0,12.0,,,419670.0,1850.0,PowerVR GT7600,,,,,1,,,,,,,,,,4,,0,0
721,motorola edge,,6.7,2,1,1,256.0,12.0,5000.0,90.0,964589.0,2840.0,Adreno 650,1.0,4.0,2.84,1.8,1,10.0,3.0,108.0,1.8,0.0,1.0,1.0,25.0,2.0,0,384.7,1,0
722,oneplus nord n300,,6.56,1,6,1,64.0,4.0,5000.0,,,,,2.0,6.0,2.4,2.0,1,12.0,2.0,48.0,1.8,0.0,0.0,1.0,16.0,2.0,7,269.1,1,0
723,oneplus ace 2v,,6.74,2,1,1,256.0,12.0,5000.0,120.0,1411891.0,3200.0,Adreno 730,1.0,4.0,3.19,1.8,1,13.0,3.0,50.0,1.8,1.0,0.0,1.0,16.0,2.4,0,450.5,1,0
724,oppo find x7,,,0,6,0,,,,,419670.0,1850.0,PowerVR GT7600,,,,,1,,,,,,,,,,4,,0,0
725,samsung galaxy z flip 5,,6.7,2,1,1,512.0,8.0,4.2,144.0,1752044.0,3200.0,Adreno 740,,,,,1,,2.0,12.0,0.0,0.0,0.0,1.0,10.0,,0,,0,0
726,xiaomi 14,,6.73,2,1,1,512.0,12.0,5300.0,120.0,2341391.0,3300.0,Adreno 750,,,,,1,14.0,4.0,50.0,1.8,0.0,1.0,1.0,32.0,2.0,0,521.4,1,0
727,vivo s19,,6.78,2,1,1,256.0,8.0,6000.0,120.0,1020938.0,2630.0,Adreno 720,,,,,1,14.0,2.0,50.0,0.0,1.0,0.0,1.0,5.0,,0,,0,0
728,tecno pova 7 neo,,,0,6,0,,,,,419670.0,1850.0,PowerVR GT7600,,,,,1,,,,,,,,,,4,,0,0
729,motorola edge 40,,6.55,2,2,1,128.0,8.0,4400.0,144.0,969978.0,2600.0,Mali-G77 MP9,,,,,1,13.0,3.0,50.0,1.4,0.0,0.0,1.0,32.0,2.4,1,401.8,1,0
730,redmi k60,,6.7,2,1,1,128.0,8.0,4.7,120.0,1294632.0,3000.0,Adreno 730,,,,,1,,3.0,108.0,0.0,0.0,0.0,1.0,32.0,,0,450.2,0,0
731,vivo y200,,6.78,2,1,0,128.0,8.0,5.0,120.0,592489.0,2200.0,Adreno 619,,,,,1,14.0,2.0,64.0,0.0,0.0,0.0,0.0,16.0,,0,,0,0
732,huawei pocket s,,6.9,2,1,1,128.0,8.0,4000.0,120.0,780000.0,2400.0,Adreno 642,4.0,4.0,2.4,1.8,1,,2.0,40.0,1.8,0.0,0.0,1.0,7.0,2.2,0,,1,0
733,vivo y100i,,6.64,1,2,0,512.0,12.0,5000.0,,527185.0,2200.0,Mali-G57 MP2,2.0,6.0,2.2,2.0,1,13.0,2.0,50.0,1.8,0.0,0.0,1.0,8.0,2.0,1,394.7,1,0
734,realme 13,,6.67,2,2,1,256.0,12.0,5000.0,120.0,,,,4.0,4.0,2.5,2.5,1,14.0,2.0,50.0,0.0,1.0,0.0,0.0,16.0,2.4,7,394.6,2,0
735,oppo phf110,,6.72,1,1,0,128.0,8.0,5.0,,592489.0,2200.0,Adreno 619,,,,,1,13.0,2.0,108.0,0.0,0.0,0.0,0.0,16.0,,0,,0,0
736,vivo y85,,6.22,1,6,0,32.0,4.0,3260.0,,,,,4.0,4.0,2.0,1.5,1,,2.0,13.0,0.0,0.0,0.0,0.0,8.0,,7,270.4,1,0
737,vivo y95,,6.22,1,1,0,64.0,4.0,4030.0,,193115.0,2000.0,Adreno 505,,,,,1,8.1,2.0,13.0,2.2,0.0,0.0,0.0,20.0,2.0,0,270.4,1,0
738,tecno spark 10c,,6.6,0,2,0,128.0,16.0,5000.0,90.0,1798756.0,3350.0,Mali-G715  MP11,,,,,1,,1.0,16.0,0.0,0.0,0.0,0.0,8.0,,1,267.5,0,0
739,honor 90,,6.7,2,1,1,256.0,12.0,5000.0,120.0,829085.0,2400.0,Adreno 644,1.0,4.0,2.5,1.8,1,13.0,3.0,200.0,1.9,0.0,0.0,1.0,50.0,2.4,0,,1,0
740,oneplus nord ce 4,,,0,6,1,256.0,8.0,5.0,,419670.0,1850.0,PowerVR GT7600,,,,,1,13.0,,,,,,,,,4,,1,0
741,oneplus 12,,6.7,2,1,1,,,5.0,120.0,2341391.0,3300.0,Adreno 750,,,,,1,,3.0,64.0,0.0,0.0,1.0,1.0,,,0,,0,0
742,oneplus open,,6.3,2,1,1,,16.0,4.0,120.0,1752044.0,3200.0,Adreno 740,,,,,1,13.0,3.0,64.0,0.0,0.0,1.0,1.0,32.0,,0,,0,0
743,infinix hot 50,,6.78,2,2,0,256.0,8.0,5.0,,570469.0,2200.0,Mali-G57 MP2,,,,,1,14.0,1.0,50.0,0.0,0.0,0.0,0.0,8.0,,1,,0,0
744,motorola edge 40,,6.67,2,1,1,256.0,12.0,4600.0,165.0,1752044.0,3200.0,Adreno 740,1.0,3.0,3.2,2.0,1,13.0,3.0,50.0,1.6,0.0,1.0,1.0,60.0,2.2,0,394.6,1,0
745,samsung a06,,,0,6,0,128.0,6.0,,,419670.0,1850.0,PowerVR GT7600,,,,,1,,,,,,,,,,4,,0,0
746,vivo y91,,6.22,1,6,0,64.0,3.0,4030.0,90.0,,,,4.0,4.0,2.0,1.5,1,8.1,2.0,13.0,2.2,0.0,0.0,0.0,8.0,1.8,7,270.4,1,0
747,realme gt 5,,6.74,2,1,1,256.0,8.0,4.7,144.0,2341391.0,3300.0,Adreno 750,,,,,1,,3.0,200.0,0.0,0.0,0.0,0.0,32.0,,0,450.5,0,0
748,vivo iqoo neo 8,,6.78,2,1,1,256.0,12.0,5000.0,144.0,1411891.0,3200.0,Adreno 730,1.0,4.0,3.0,1.8,1,13.0,2.0,50.0,1.88,0.0,0.0,1.0,16.0,2.45,0,,1,0
749,vivo v29,,6.7,2,1,1,256.0,12.0,5.0,120.0,800145.0,2500.0,Adreno 642,,,,,1,13.0,1.0,64.0,0.0,0.0,0.0,0.0,50.0,,0,,0,0
750,vivo x100,,6.7,2,1,1,256.0,12.0,5.0,144.0,1411891.0,3200.0,Adreno 730,,,,,1,,3.0,50.0,0.0,0.0,0.0,0.0,32.0,,0,,0,0
751,xiaomi redmi note 12,,6.66,2,2,1,256.0,8.0,5.0,120.0,,,,2.0,6.0,2.6,2.0,1,12.0,3.0,200.0,1.7,1.0,0.0,1.0,16.0,,7,395.2,1,0
752,vivo y27s,,6.64,1,6,0,256.0,8.0,5000.0,90.0,419670.0,1850.0,PowerVR GT7600,4.0,4.0,2.4,1.9,1,13.0,2.0,50.0,1.8,0.0,0.0,0.0,8.0,2.0,4,394.7,1,0
753,oppo a56s,,6.56,1,2,0,128.0,8.0,5000.0,90.0,,,,2.0,6.0,2.4,2.0,1,12.0,2.0,13.0,2.2,0.0,0.0,1.0,8.0,2.0,7,269.1,1,0
754,vivo iqoo z7x,,6.64,1,1,1,128.0,8.0,6000.0,120.0,592489.0,2200.0,Adreno 619,2.0,6.0,2.2,1.7,1,13.0,2.0,50.0,1.8,0.0,0.0,1.0,8.0,2.0,0,394.7,1,0
755,samsung galaxy c55,,6.7,2,1,1,128.0,8.0,5.0,120.0,829085.0,2400.0,Adreno 644,,,,,1,,3.0,50.0,1.8,0.0,1.0,1.0,50.0,2.4,0,,0,0
756,realme gt neo 6,,,0,6,1,128.0,12.0,,,419670.0,1850.0,PowerVR GT7600,,,,,1,,,,,,,,,,4,,0,0
757,oppo k11,,6.7,2,1,1,256.0,8.0,4870.0,120.0,806420.0,2700.0,Adreno 642,,,,,1,,3.0,50.0,0.0,0.0,0.0,0.0,16.0,,0,,0,0
758,vivo s17,,6.78,2,1,1,256.0,8.0,4600.0,120.0,800145.0,2500.0,Adreno 642,,,,,1,13.0,2.0,50.0,1.88,0.0,0.0,1.0,50.0,2.0,0,,1,0
759,samsung a26,,,0,6,0,256.0,8.0,,,419670.0,1850.0,PowerVR GT7600,,,,,1,,,,,,,,,,4,,0,0
760,oppo a2,,6.7,2,2,1,256.0,8.0,5000.0,120.0,802497.0,2600.0,Mali-G68 MP4,,,,,1,13.0,2.0,64.0,1.7,0.0,0.0,0.0,8.0,2.0,1,394.4,1,0
761,vivo s17,,6.78,2,1,1,256.0,8.0,4600.0,120.0,800145.0,2500.0,Adreno 642,,,,,1,13.0,2.0,50.0,1.88,0.0,0.0,1.0,50.0,2.0,0,,1,0
762,vivo y97,,6.3,0,2,0,128.0,4.0,3240.0,,232802.0,2000.0,Mali-G72 MP3,,,,,1,,2.0,16.0,0.0,0.0,0.0,0.0,16.0,,1,400.5,1,0
763,vivo y67,,5.5,1,6,0,32.0,4.0,3000.0,,,,,4.0,4.0,1.5,1.0,1,6.0,1.0,13.0,2.2,0.0,0.0,0.0,16.0,2.0,7,267.0,1,0
764,vivo s19,,6.78,2,2,1,256.0,8.0,5000.0,120.0,1798756.0,3350.0,Mali-G715  MP11,,,,,1,14.0,3.0,50.0,0.0,1.0,1.0,0.0,50.0,,1,,0,0
765,google pixel 4 xl,,6.3,2,1,1,64.0,6.0,3700.0,,820253.0,2840.0,Adreno 640,1.0,4.0,2.84,1.78,1,10.0,2.0,16.0,1.7,1.0,1.0,1.0,8.0,2.0,0,533.9,2,1
766,masstel izi 10,,1.77,1,6,0,0.125,,1000.0,,419670.0,1850.0,PowerVR GT7600,,,,,1,,,,,,,,,,4,115.8,1,0
767,honor magic v2,,,2,1,1,256.0,16.0,5.0,120.0,1752044.0,3200.0,Adreno 740,,,,,1,13.0,3.0,50.0,0.0,0.0,1.0,1.0,16.0,,0,,0,0
768,honor magic v3,,7.0,2,1,0,512.0,12.0,5150.0,,3336910.0,4320.0,Adreno 830,,,,,1,14.0,3.0,50.0,0.0,0.0,1.0,1.0,,,0,,0,0
769,xiaomi 15t,,,0,6,0,256.0,12.0,,,419670.0,1850.0,PowerVR GT7600,,,,,1,,,,,,,,,,4,,0,0
770,oppo reno9 z,,6.5,2,1,0,128.0,8.0,5.0,90.0,780000.0,2400.0,Adreno 642,,,,,1,,4.0,64.0,0.0,0.0,0.0,0.0,32.0,,0,,0,0
771,vivo y200 gt,,6.78,2,1,1,128.0,8.0,6.0,144.0,1020938.0,2630.0,Adreno 720,,,,,1,14.0,2.0,50.0,0.0,0.0,0.0,0.0,16.0,,0,,0,0
772,poco f6,,,0,6,1,,,,,419670.0,1850.0,PowerVR GT7600,,,,,1,,,,,,,,,,4,,0,0
773,huawei enjoy 60,,6.8,0,6,0,128.0,8.0,5000.0,90.0,,,,,,,,1,,2.0,50.0,0.0,0.0,0.0,0.0,8.0,,7,385.4,0,0
774,xiaomi 14,,6.73,2,1,1,512.0,12.0,4880.0,120.0,2341391.0,3300.0,Adreno 750,1.0,2.0,3.3,2.3,1,14.0,3.0,50.0,1.4,1.0,1.0,1.0,32.0,,0,521.4,3,1
775,samsung a36,,,0,6,0,256.0,12.0,,,419670.0,1850.0,PowerVR GT7600,,,,,1,,,,,,,,,,4,,0,0
776,asus rog 6,,6.78,2,2,1,256.0,12.0,6000.0,165.0,,,,,,,,1,12.0,3.0,50.0,1.9,0.0,0.0,1.0,12.0,,7,394.6,1,0
777,sony xperia 10 compact,,4.6,1,1,1,32.0,3.0,2700.0,,,,,2.0,4.0,1.8,1.44,1,8.0,1.0,23.0,2.0,0.0,0.0,1.0,5.0,,7,319.3,1,0
778,nokia c12,,6.3,1,6,0,64.0,2.0,3000.0,,,,,2.0,6.0,2.2,2.0,1,12.0,1.0,8.0,0.0,0.0,0.0,0.0,5.0,,7,278.5,1,0
779,samsung galaxy a06,,6.7,1,2,0,64.0,4.0,5000.0,60.0,349222.0,2000.0,Mali-G52 MP2,2.0,6.0,2.0,1.8,1,14.0,2.0,50.0,0.0,0.0,0.0,0.0,8.0,,1,261.9,2,0
780,huawei enjoy 60,,6.8,0,6,0,128.0,8.0,5000.0,90.0,,,,,,,,1,,2.0,50.0,0.0,0.0,0.0,0.0,8.0,,7,385.4,0,0
781,oneplus 5 fold,,,2,1,1,256.0,16.0,4800.0,120.0,1752044.0,3200.0,Adreno 740,1.0,3.0,3.2,2.0,1,13.0,3.0,64.0,2.2,0.0,0.0,1.0,32.0,2.4,0,,1,0
782,masstel play 50,,2.4,1,6,0,,,3000.0,,419670.0,1850.0,PowerVR GT7600,,,,,1,,,0.0,0.0,0.0,0.0,0.0,,,4,,0,0
783,tecno spark 50,,,0,6,0,128.0,4.0,,,419670.0,1850.0,PowerVR GT7600,,,,,1,,,,,,,,,,4,,0,0
784,xiaomi redmi note 14,,,0,6,0,256.0,8.0,,,419670.0,1850.0,PowerVR GT7600,,,,,1,,,,,,,,,,4,,0,0
785,xiaomi redmi note 14,,,0,6,0,512.0,12.0,,,419670.0,1850.0,PowerVR GT7600,,,,,1,,,,,,,,,,4,,0,0
786,blackview a95,,6.5,1,2,0,128.0,8.0,,60.0,303398.0,2100.0,Mali-G72 MP3,,,,,1,,1.0,20.0,0.0,0.0,0.0,0.0,8.0,,1,,0,0
787,oppo reno12 f,,6.7,2,2,1,256.0,12.0,5000.0,120.0,532738.0,2400.0,Mali-G57 MP2,,,,,1,14.0,3.0,50.0,0.0,1.0,0.0,1.0,32.0,,1,,0,0
788,doogee v30,,6.58,1,2,1,512.0,12.0,10800.0,120.0,,,,2.0,6.0,2.6,2.0,1,13.0,3.0,200.0,1.8,0.0,0.0,1.0,32.0,1.8,7,401.1,1,0
789,realme 12 proplus,,6.7,2,1,1,128.0,8.0,5.0,120.0,1411891.0,3200.0,Adreno 730,,,,,1,,3.0,108.0,0.0,0.0,0.0,0.0,32.0,,0,,0,0
790,realme gt 5,,6.74,2,1,1,1024.0,12.0,4600.0,144.0,,,,1.0,3.0,3.2,2.0,1,13.0,3.0,50.0,1.9,0.0,0.0,1.0,16.0,2.5,7,450.5,1,0
791,vivo t3x,,6.72,1,1,0,256.0,8.0,6.0,120.0,733620.0,2200.0,Adreno 710,,,,,1,14.0,2.0,50.0,1.82,0.0,0.0,0.0,8.0,,0,,0,0
792,vivo y200i,,6.72,1,1,0,512.0,12.0,6.0,120.0,572954.0,2200.0,Adreno 613,,,,,1,14.0,2.0,50.0,0.0,0.0,0.0,0.0,8.0,,0,,0,0
793,honor x50i,,6.7,1,2,0,128.0,8.0,4.5,90.0,527185.0,2200.0,Mali-G57 MP2,,,,,1,12.0,2.0,108.0,0.0,0.0,0.0,0.0,8.0,,1,391.2,0,0
794,honor x5,,6.56,1,2,1,64.0,4.0,5200.0,90.0,195539.0,2200.0,PowerVR GE8320,4.0,4.0,2.2,1.6,1,13.0,8.0,50.0,1.8,0.0,0.0,0.0,5.0,2.2,4,269.1,1,0
795,oneplus ace 3,,,0,6,1,,,,,419670.0,1850.0,PowerVR GT7600,,,,,1,,,,,,,,,,4,,0,0
796,masstel tab 10 4,,10.4,1,6,0,64.0,4.0,6000.0,,,,,,,,,1,11.0,1.0,13.0,0.0,0.0,0.0,0.0,5.0,,7,224.3,1,0
797,infinix zero,,6.78,1,2,0,256.0,8.0,5000.0,120.0,722902.0,2600.0,Mali-G68 MP4,,,,,1,12.0,3.0,50.0,0.0,0.0,0.0,0.0,16.0,,1,396.3,1,0
798,xiaomii 14,,6.67,2,1,1,512.0,12.0,4.6,144.0,1118041.0,2840.0,Adreno 660,,,,,1,14.0,4.0,64.0,0.0,0.0,0.0,0.0,32.0,,0,,0,0
799,tcl 50se,,6.78,0,2,1,256.0,6.0,5010.0,90.0,353817.0,2000.0,Mali-G52 MP2,2.0,6.0,2.0,1.8,1,14.0,2.0,50.0,1.8,0.0,0.0,0.0,8.0,,1,396.3,1,0
800,tcl 50se,,6.78,0,2,1,256.0,6.0,5010.0,90.0,353817.0,2000.0,Mali-G52 MP2,2.0,6.0,2.0,1.8,1,14.0,2.0,50.0,1.8,0.0,0.0,0.0,8.0,,1,396.3,1,0
801,xiaomi redmi a4,,6.71,0,6,0,128.0,4.0,5000.0,,419670.0,1850.0,PowerVR GT7600,,,,,1,,,,,,,,5.0,,4,268.3,1,0
802,samsung galaxy f54,,6.7,2,3,1,128.0,8.0,6000.0,120.0,765609.0,2400.0,Mali-G68 MP5,4.0,4.0,2.4,2.0,1,13.0,3.0,108.0,1.8,0.0,0.0,1.0,32.0,2.2,1,392.8,1,0
803,nokia hero,,6.8,2,1,0,256.0,12.0,8000.0,,,,,,,,,1,13.0,4.0,200.0,0.0,0.0,0.0,0.0,48.0,,7,516.0,1,0
804,xiaomi redmi note 13,,6.67,2,2,0,128.0,8.0,5.0,,581315.0,2400.0,Mali-G57 MP2,2.0,6.0,2.4,2.0,1,,2.0,108.0,0.0,0.0,0.0,0.0,16.0,,1,394.6,0,0
805,huawei p50 pocket s,,,0,1,1,256.0,,,120.0,780000.0,2400.0,Adreno 642,,,,,1,,,,,,,,,,0,,0,0
806,infinix note 40,,6.78,2,2,1,512.0,12.0,5000.0,120.0,639509.0,2200.0,IMG BXM-8-256,,,,,1,,3.0,108.0,0.0,0.0,0.0,0.0,32.0,,4,,0,0
807,xiaomi civi 3,,6.55,2,2,1,256.0,12.0,4500.0,120.0,1206715.0,3100.0,Mali-G610 MP6,1.0,4.0,3.1,2.0,1,13.0,3.0,50.0,1.77,1.0,0.0,1.0,32.0,2.0,1,401.8,1,0
808,vivo s17e,,6.78,2,2,1,128.0,8.0,4600.0,120.0,971424.0,2800.0,-,,,,,1,13.0,2.0,64.0,1.79,1.0,0.0,1.0,16.0,2.45,7,388.2,1,0
809,vivo iqoo 11s,,6.78,2,2,1,256.0,8.0,,,2415558.0,3250.0,Mali-G720  MP12,,,,,1,,,,,,,,,,1,517.6,0,0
810,leitz 2,,6.6,2,1,1,512.0,12.0,5.0,240.0,,,,,,,,1,12.0,1.0,47.2,1.9,0.0,0.0,0.0,12.6,2.3,7,,0,0
811,doogee s100,,6.58,1,2,1,256.0,12.0,22000.0,120.0,,,,,,,,1,12.0,3.0,108.0,1.8,0.0,0.0,1.0,32.0,1.8,7,401.1,1,0
812,realme c67,,6.72,1,1,0,256.0,8.0,5000.0,90.0,461236.0,2800.0,Adreno 610,,,,,1,14.0,2.0,108.0,1.82,0.0,0.0,0.0,8.0,2.05,0,391.6,1,0
813,oppo a98,,6.6,2,1,0,128.0,8.0,5.0,120.0,780000.0,2400.0,Adreno 642,,,,,1,13.0,2.0,48.0,0.0,0.0,0.0,0.0,16.0,,0,,0,0
814,xiaomi redmi note 13s,,6.6,2,2,0,128.0,6.0,5.0,120.0,980006.0,3000.0,Mali-G77 MP9,,,,,1,,2.0,50.0,0.0,0.0,0.0,0.0,13.0,,1,,0,0
815,tecno spark go 3,,6.75,0,6,0,128.0,4.0,5000.0,120.0,,,,,,,,1,15.0,1.0,13.0,0.0,0.0,0.0,0.0,8.0,,7,259.9,0,0
816,honor 200,,6.7,2,1,1,256.0,12.0,5200.0,120.0,1020938.0,2630.0,Adreno 720,,,,,1,14.0,2.0,50.0,1.95,0.0,1.0,1.0,50.0,,0,,2,0
817,honor play 30,,6.5,1,1,0,128.0,4.0,5000.0,90.0,,,,2.0,6.0,2.2,1.9,1,11.0,1.0,13.0,1.8,0.0,0.0,1.0,5.0,2.2,7,269.9,1,0
818,tecno camon 20,,6.67,2,2,1,256.0,8.0,5000.0,120.0,1028453.0,3000.0,Mali-G77 MP9,1.0,4.0,3.0,2.0,1,13.0,3.0,64.0,1.7,0.0,0.0,1.0,32.0,2.5,1,394.6,1,0
819,infinix hot 40,,6.78,1,2,0,128.0,8.0,5000.0,90.0,,,,2.0,6.0,2.0,1.8,1,13.0,2.0,50.0,1.6,0.0,0.0,1.0,32.0,2.2,7,396.3,1,0
820,infinix zero 30,,6.78,2,2,1,256.0,8.0,5000.0,144.0,969978.0,2600.0,Mali-G77 MP9,4.0,4.0,2.6,2.0,1,13.0,3.0,108.0,1.7,0.0,0.0,1.0,50.0,2.5,1,388.2,1,0
821,motorola moto g13,,6.5,1,2,1,64.0,4.0,5000.0,90.0,,,,2.0,6.0,2.0,1.8,1,13.0,3.0,50.0,1.8,0.0,0.0,1.0,8.0,2.0,7,269.9,2,1
822,samsung galaxy a34,,6.6,2,2,1,256.0,8.0,5.0,120.0,722902.0,2600.0,Mali-G68 MP4,2.0,6.0,2.6,2.0,1,13.0,3.0,48.0,1.8,1.0,0.0,1.0,13.0,2.2,1,398.8,1,0
823,samsung galaxy a35,,6.6,2,3,1,256.0,8.0,5000.0,120.0,765609.0,2400.0,Mali-G68 MP5,4.0,4.0,2.4,2.0,1,14.0,3.0,50.0,2.2,1.0,0.0,1.0,13.0,2.2,1,390.5,1,0
824,vivo 10 fold 3,,,2,1,1,256.0,16.0,4.9,120.0,2341391.0,3300.0,Adreno 750,,,,,1,14.0,3.0,50.0,0.0,0.0,0.0,0.0,16.0,,0,,0,0
825,tcl 505,,6.75,0,2,1,128.0,4.0,5010.0,90.0,353817.0,2000.0,Mali-G52 MP2,4.0,4.0,2.2,1.6,1,14.0,2.0,50.0,1.8,0.0,0.0,0.0,5.0,2.2,1,259.9,1,0
826,vivo y81,,6.0,1,6,0,32.0,3.0,3260.0,,,,,,,,,1,,1.0,13.0,0.0,0.0,0.0,0.0,5.0,,7,280.3,1,0
827,lenovo thinkphone,,6.6,2,1,1,128.0,8.0,5.0,120.0,1411891.0,3200.0,Adreno 730,,,,,1,13.0,2.0,50.0,1.8,1.0,0.0,1.0,32.0,,0,398.8,0,0
828,samsung galaxy a14,,6.6,1,2,1,128.0,6.0,5.0,60.0,310388.0,2000.0,Mali-G52 MP2,,,,,1,13.0,2.0,50.0,0.0,0.0,0.0,0.0,13.0,,1,399.9,0,0
829,realme 10t,,6.6,1,2,0,128.0,8.0,5.0,90.0,,,,2.0,6.0,2.4,2.0,1,13.0,2.0,50.0,1.8,0.0,1.0,1.0,8.0,2.0,7,399.9,1,0
830,xiaomi 14,,6.73,2,1,1,256.0,12.0,4880.0,120.0,2341391.0,3300.0,Adreno 750,1.0,2.0,3.3,2.3,1,14.0,3.0,50.0,1.4,1.0,1.0,1.0,32.0,,0,521.4,3,1
831,google pixel 2 xl,,6.0,2,1,1,64.0,4.0,3520.0,,438016.0,2450.0,Adreno 540,4.0,4.0,2.35,1.9,1,8.0,1.0,2.0,1.8,1.0,0.0,1.0,8.0,2.4,0,536.7,2,1
832,honor 70,,6.5,1,1,1,128.0,4.0,5000.0,60.0,477542.0,2200.0,Adreno 619,76.0,55.0,2.2,1.9,1,12.0,3.0,50.0,1.8,0.0,0.0,0.0,8.0,2.0,0,269.9,1,0
833,honor x50i,,6.7,0,6,0,128.0,6.0,4.0,,419670.0,1850.0,PowerVR GT7600,,,,,1,,2.0,108.0,0.0,0.0,0.0,0.0,8.0,,4,394.4,0,0
834,honor 90,,6.7,0,2,1,256.0,8.0,4500.0,,527185.0,2200.0,Mali-G57 MP2,2.0,6.0,2.2,2.0,1,13.0,4.0,100.0,1.9,0.0,0.0,1.0,16.0,2.45,1,391.2,1,0
835,masstel izi 50,,2.4,1,6,0,0.125,,1700.0,,419670.0,1850.0,PowerVR GT7600,,,,,1,,,0.0,0.0,0.0,0.0,0.0,,,4,166.7,1,0
836,infinix hot 20 play,,6.82,1,2,0,128.0,4.0,6000.0,90.0,,,,,,,,1,,1.0,13.0,1.8,0.0,0.0,0.0,8.0,,7,262.6,1,0
837,masstel x6,,5.45,0,6,0,16.0,1.0,2.2,,,,,,,,,1,,2.0,8.0,0.0,0.0,0.0,0.0,5.0,,7,,0,0
838,motorola moto g22,,6.5,1,2,1,64.0,4.0,5000.0,90.0,,,,4.0,4.0,2.3,1.8,1,13.0,4.0,50.0,1.8,0.0,0.0,1.0,16.0,2.5,7,269.9,1,0
839,vivo iqoo z7,,6.38,2,2,0,128.0,6.0,4500.0,90.0,750481.0,2500.0,Mali-G68 MP4,2.0,6.0,2.5,2.0,1,13.0,2.0,64.0,2.4,0.0,0.0,1.0,16.0,2.0,1,412.5,1,0
840,xiaomi 15,,6.36,2,1,0,256.0,12.0,5240.0,120.0,,,,,,,,1,,,,,,,,,,7,,0,0
841,vivo y78,,,0,6,1,128.0,4.0,4.9,,419670.0,1850.0,PowerVR GT7600,,,,,1,,,,,,,,,,4,,0,0
842,vivo y22t,,6.55,1,2,0,64.0,4.0,5000.0,90.0,349222.0,2000.0,Mali-G52 MP2,,,,,1,11.0,2.0,50.0,0.0,0.0,0.0,0.0,8.0,,1,,0,0
843,oppo f27 proplus,,,0,6,1,256.0,12.0,,,419670.0,1850.0,PowerVR GT7600,,,,,1,,,,,,,,,,4,,0,0
844,vivo y78,,6.67,1,2,1,128.0,8.0,5000.0,120.0,639509.0,2200.0,IMG BXM-8-256,2.0,6.0,2.2,2.0,1,13.0,2.0,50.0,1.8,0.0,0.0,1.0,8.0,2.0,4,392.9,1,0
845,doogee v30t,,6.58,1,2,1,256.0,12.0,10800.0,120.0,722902.0,2600.0,Mali-G68 MP4,,,,,1,12.0,3.0,108.0,1.8,0.0,0.0,1.0,32.0,1.8,1,401.1,1,0
846,honor 600,,6.57,0,6,0,256.0,12.0,9000.0,,419670.0,1850.0,PowerVR GT7600,,,,,1,,,,,,,,,,4,,0,0
847,tecno spark 30,,,0,6,0,128.0,6.0,,,419670.0,1850.0,PowerVR GT7600,,,,,1,,,,,,,,,,4,,0,0
848,tecno camon 20 premier,,6.0,2,2,1,512.0,8.0,,120.0,980006.0,3000.0,Mali-G77 MP9,,,,,1,13.0,2.0,108.0,0.0,0.0,0.0,1.0,,,1,,0,0
849,honor magic 5,,7.9,2,1,1,256.0,12.0,4750.0,90.0,1294632.0,3000.0,Adreno 730,,,,,1,12.0,3.0,50.0,1.9,0.0,0.0,1.0,42.0,2.4,0,381.8,1,0
850,honor x7a,,6.7,1,2,0,128.0,6.0,6000.0,90.0,,,,4.0,4.0,2.3,1.7,1,12.0,4.0,50.0,1.8,0.0,0.0,1.0,8.0,2.0,7,261.9,1,0
851,masstel x1,,4.95,0,6,0,8.0,1.0,2000.0,,,,,,,,,1,8.1,1.0,5.0,0.0,0.0,0.0,0.0,2.0,,7,216.8,1,0
852,masstel tab 10a,,10.1,1,6,0,32.0,3.0,6000.0,,,,,,,,,1,11.0,1.0,5.0,0.0,0.0,0.0,0.0,2.0,,7,149.4,1,0
853,samsung galaxy f34,,6.46,0,3,1,128.0,6.0,6.0,120.0,605067.0,2400.0,Mali-G68 MP4,,,,,1,13.0,3.0,50.0,0.0,0.0,0.0,1.0,13.0,,1,,1,0
854,vivo y18e,,6.56,1,2,0,64.0,4.0,5000.0,90.0,349222.0,2000.0,Mali-G52 MP2,,,,,1,14.0,1.0,13.0,2.2,0.0,0.0,0.0,5.0,2.2,1,269.1,0,0
855,vivo y35,,6.64,0,6,0,512.0,16.0,4.0,,419670.0,1850.0,PowerVR GT7600,,,,,1,,1.0,50.0,0.0,0.0,0.0,0.0,8.0,,4,,0,0
856,xiaomi 14 civi,,,0,6,1,128.0,8.0,,,419670.0,1850.0,PowerVR GT7600,,,,,1,,,,,,,,,,4,,1,0
857,oppo k11x,,6.72,1,1,0,128.0,8.0,5000.0,120.0,592489.0,2200.0,Adreno 619,2.0,6.0,2.2,1.7,1,13.0,2.0,108.0,1.8,0.0,0.0,1.0,16.0,2.4,0,391.6,1,0
858,xiaomi redmi note 13,,6.67,2,2,0,128.0,8.0,5000.0,120.0,,,,,,,,1,13.0,3.0,200.0,0.0,0.0,0.0,0.0,16.0,,7,394.6,1,0
859,xiaomi 14,,6.67,2,1,1,256.0,8.0,4.6,144.0,1118041.0,2840.0,Adreno 660,,,,,1,14.0,4.0,64.0,0.0,0.0,0.0,0.0,32.0,,0,,0,0
860,oppo f27,,,0,6,0,256.0,12.0,,,419670.0,1850.0,PowerVR GT7600,,,,,1,,,,,,,,,,4,,0,0
861,xiaomi poco c55,,6.71,1,2,0,64.0,4.0,5000.0,60.0,349222.0,2000.0,Mali-G52 MP2,,,,,1,12.0,1.0,50.0,1.8,0.0,0.0,0.0,5.0,2.0,1,268.3,1,0
862,realme narzo n53,,6.74,0,6,0,64.0,4.0,5000.0,90.0,419670.0,1850.0,PowerVR GT7600,,,,,1,13.0,1.0,50.0,0.0,0.0,0.0,0.0,8.0,,4,390.5,1,0
863,vivo y38,,,1,1,1,256.0,8.0,6000.0,120.0,572954.0,2200.0,Adreno 613,,,,,1,14.0,2.0,50.0,0.0,0.0,0.0,0.0,8.0,,0,,0,0
864,htc u23,,,2,1,1,256.0,12.0,,120.0,829085.0,2400.0,Adreno 644,,,,,1,13.0,,,,,,,,,0,,0,0
865,samsung galaxy f04s,,6.5,1,3,0,64.0,4.0,4.0,90.0,231906.0,2000.0,Mali-G52 MP1,,,,,1,12.0,3.0,50.0,0.0,0.0,0.0,0.0,5.0,,1,,0,0
866,huawei nova 11,,6.67,2,1,1,256.0,8.0,4.0,90.0,415362.0,2400.0,Adreno 610,,,,,1,,3.0,108.0,1.9,0.0,0.0,0.0,32.0,2.45,0,,1,0
867,xiaomi redmi a2,,6.52,1,2,0,32.0,3.0,5.0,,155362.0,2000.0,PowerVR GE8300,,,,,1,,1.0,8.0,0.0,0.0,0.0,0.0,5.0,,4,,0,0
868,honor play 40c,,6.6,0,1,0,128.0,6.0,5.0,90.0,477542.0,2200.0,Adreno 619,,,,,1,13.0,1.0,13.0,0.0,0.0,0.0,0.0,5.0,,0,267.5,0,0
869,masstel izi 26,,2.4,1,6,0,0.125,,1800.0,,,,,,,,,1,,,,,,,,,,7,166.7,1,0
870,masstel hapi 10,,5.0,1,6,0,16.0,2.0,2000.0,,,,,,,,,1,9.0,1.0,5.0,0.0,0.0,0.0,0.0,5.0,,7,293.7,1,0
871,masstel izi 11,,1.77,1,6,0,0.125,,1000.0,,419670.0,1850.0,PowerVR GT7600,,,,,1,,,,,,,,,,4,115.8,1,0
872,masstel izi 25,,2.4,1,6,0,0.125,,1400.0,,,,,,,,,1,,,,,,,,,,7,166.7,1,0
873,masstel izi 20,,1.77,1,6,0,0.125,,1700.0,,419670.0,1850.0,PowerVR GT7600,,,,,1,,,0.0,0.0,0.0,0.0,0.0,,,4,,1,0
874,masstel x5,,5.45,1,6,0,8.0,1.0,3200.0,,,,,,,,,1,8.1,1.0,8.0,0.0,0.0,0.0,0.0,5.0,,7,295.4,1,0
875,xiaomi 14t,,,0,6,0,256.0,12.0,,,419670.0,1850.0,PowerVR GT7600,,,,,1,,,,,,,,,,4,,0,0
876,vivo v29,,6.7,2,2,0,256.0,12.0,5.0,120.0,971424.0,2800.0,-,,,,,1,,1.0,64.0,0.0,0.0,0.0,0.0,50.0,,7,,0,0
877,samsung a26,,,0,6,0,128.0,6.0,,,419670.0,1850.0,PowerVR GT7600,,,,,1,,,,,,,,,,4,,0,0
878,vivo 10 fold2,,8.03,2,1,1,256.0,12.0,4800.0,120.0,1752044.0,3200.0,Adreno 740,1.0,3.0,3.2,2.0,1,13.0,3.0,50.0,1.8,1.0,1.0,1.0,16.0,2.5,0,359.6,1,0
879,xiaomi redmi 14,,6.88,0,6,0,128.0,4.0,,,419670.0,1850.0,PowerVR GT7600,,,,,1,,,,,,,,,,4,,0,0
880,samsung galaxy f55,,6.7,0,1,1,128.0,8.0,5000.0,120.0,829085.0,2400.0,Adreno 644,,,,,1,14.0,3.0,50.0,0.0,0.0,0.0,1.0,50.0,,0,,0,0
881,oppo find x7,,,0,6,0,,,,,419670.0,1850.0,PowerVR GT7600,,,,,1,,,,,,,,,,4,,0,0
882,xiaomi redmi note 13 proplus,,6.67,2,2,1,256.0,8.0,5000.0,120.0,960142.0,2800.0,-,2.0,6.0,2.8,2.0,1,13.0,3.0,200.0,0.0,0.0,0.0,0.0,16.0,,7,445.8,1,0
883,vivo y12,,6.35,1,6,0,64.0,3.0,5000.0,,,,,4.0,4.0,2.3,1.8,1,9.0,3.0,13.0,2.2,0.0,0.0,0.0,8.0,1.8,7,268.3,1,0
884,poco m6,,,0,6,1,,,,,419670.0,1850.0,PowerVR GT7600,,,,,1,,,,,,,,,,4,,0,0
885,tecno spark 30,,,0,6,0,128.0,8.0,,,419670.0,1850.0,PowerVR GT7600,,,,,1,,,,,,,,,,4,,0,0
886,tecno camon 40s,,,0,6,0,,,,,419670.0,1850.0,PowerVR GT7600,,,,,1,,,,,,,,,,4,,0,0
887,honor play 7t,,6.7,1,2,0,128.0,8.0,4000.0,90.0,527185.0,2200.0,Mali-G57 MP2,2.0,6.0,2.2,2.0,1,12.0,2.0,50.0,1.8,0.0,0.0,1.0,8.0,2.0,1,391.2,1,0
888,honor x6a,,6.56,1,2,1,128.0,4.0,5200.0,90.0,195539.0,2200.0,PowerVR GE8320,,,,,1,13.0,3.0,50.0,1.8,0.0,0.0,0.0,5.0,,4,269.1,1,0
889,masstel izi 55,,2.4,1,6,0,,,1800.0,,,,,,,,,1,11.0,,,,,,,,,7,,1,0
890,masstel hapi 30,,6.26,1,6,0,32.0,3.0,3000.0,,,,,,,,,1,11.0,1.0,8.0,0.0,0.0,0.0,0.0,5.0,,7,268.7,0,0
891,masstel hapi 15,,5.45,1,6,0,16.0,2.0,2500.0,,,,,,,,,1,11.0,1.0,5.0,0.0,0.0,0.0,0.0,5.0,,7,295.4,1,0
892,masstel izi 12,,1.77,1,6,0,0.125,,1000.0,,,,,,,,,1,,,0.0,0.0,0.0,0.0,0.0,,,7,113.0,1,0
893,masstel lux 10,,2.4,1,6,0,0.125,,1400.0,,,,,,,,,1,,,,,,,,,,7,166.7,1,0
894,masstel tab 8,,8.0,1,6,0,16.0,2.0,4000.0,,,,,,,,,1,9.0,1.0,5.0,0.0,0.0,0.0,0.0,2.0,,7,188.7,1,0
895,xiaomi 17t,,,0,6,0,,,,,419670.0,1850.0,PowerVR GT7600,,,,,1,,,,,,,,,,4,,0,0
896,vivo s17t,,6.78,2,2,1,512.0,12.0,4600.0,120.0,1028453.0,3000.0,Mali-G77 MP9,1.0,4.0,3.0,2.0,1,13.0,2.0,50.0,1.9,0.0,0.0,1.0,50.0,2.0,1,,1,0
897,samsung galaxy z fold,,,0,6,0,,,,,419670.0,1850.0,PowerVR GT7600,,,,,1,,,,,,,,,,4,,0,0
898,asus rog 8,,6.7,2,1,1,256.0,12.0,6.0,165.0,1118041.0,2840.0,Adreno 660,,,,,1,,3.0,64.0,1.8,0.0,0.0,1.0,,,0,392.8,0,0
899,sharp rouvo 5,,6.5,0,2,0,32.0,3.0,3.0,60.0,155362.0,2000.0,PowerVR GE8300,,,,,1,,1.0,8.0,0.0,0.0,0.0,0.0,5.0,,4,,0,0
900,sharp rouvo 5,,6.5,0,2,0,32.0,3.0,3.0,60.0,155362.0,2000.0,PowerVR GE8300,,,,,1,,1.0,8.0,0.0,0.0,0.0,0.0,5.0,,4,,0,0
901,samsung galaxy a37,,6.7,2,3,1,128.0,6.0,5000.0,120.0,997728.0,2750.0,Samsung Xclipse 530,,,,,1,16.0,3.0,50.0,0.0,0.0,0.0,1.0,12.0,,3,,0,0
902,samsung galaxy a57,,6.7,2,3,1,256.0,12.0,5000.0,120.0,1390055.0,2900.0,Samsung Xclipse 550,,,,,1,16.0,3.0,50.0,0.0,0.0,0.0,1.0,12.0,,3,,0,0
903,samsung galaxy a57,,6.7,2,3,1,256.0,8.0,5000.0,120.0,1390055.0,2900.0,Samsung Xclipse 550,,,,,1,16.0,3.0,50.0,0.0,0.0,0.0,1.0,12.0,,3,,0,0
904,tecno pova 8,,,0,6,0,256.0,4.0,,,419670.0,1850.0,PowerVR GT7600,,,,,1,,,,,,,,,,4,,0,0
905,xiaomi redmi note 13,,6.67,2,1,0,256.0,8.0,5000.0,120.0,461236.0,2800.0,Adreno 610,,,,,1,,2.0,108.0,0.0,0.0,0.0,0.0,16.0,,0,392.9,0,0
906,vivo y11,,6.51,1,6,0,64.0,6.0,5.0,60.0,419670.0,1850.0,PowerVR GT7600,,,,,1,,1.0,8.0,0.0,0.0,0.0,0.0,5.0,,4,269.5,0,0
907,realme narzo n55,,,0,6,0,64.0,4.0,,,419670.0,1850.0,PowerVR GT7600,,,,,1,,,,,,,,,,4,,0,0
908,vivo y78m,,6.38,2,2,0,,12.0,,,639509.0,2200.0,IMG BXM-8-256,,,,,1,13.0,,,,,,,,,4,,0,0
909,vivo v30e,,,0,6,1,,,5.0,,419670.0,1850.0,PowerVR GT7600,,,,,1,,,,,,,,,,4,,0,0
910,vivo v40,,6.67,2,1,1,256.0,8.0,5000.0,120.0,461236.0,2800.0,Adreno 610,4.0,4.0,2.8,1.9,1,14.0,2.0,50.0,1.8,0.0,0.0,0.0,32.0,2.45,0,394.6,2,0
911,htc wildfire e star,,6.5,0,6,0,16.0,2.0,3.0,,,,,,,,,1,12.0,1.0,8.0,0.0,0.0,0.0,0.0,5.0,,7,269.9,1,0
912,xiaomi redmi note 14 proplus,,,0,6,0,128.0,8.0,,,419670.0,1850.0,PowerVR GT7600,,,,,1,,,,,,,,,,4,,0,0
913,xiaomi 14,,6.73,2,1,1,256.0,8.0,4880.0,120.0,2341391.0,3300.0,Adreno 750,1.0,2.0,3.3,2.3,1,14.0,3.0,50.0,1.4,1.0,1.0,1.0,32.0,,0,521.4,3,1
914,xiaomi 14,,6.36,2,1,1,128.0,8.0,4610.0,120.0,2341391.0,3300.0,Adreno 750,1.0,2.0,3.3,2.3,1,14.0,3.0,50.0,1.6,1.0,1.0,1.0,32.0,,0,,3,1
915,vivo y77t,,6.53,1,3,0,128.0,6.0,4500.0,,,,,2.0,6.0,2.0,1.8,1,10.0,3.0,48.0,1.8,0.0,0.0,1.0,8.0,2.0,7,394.7,1,0
916,xiaomi 14,,6.36,2,1,1,1024.0,16.0,4610.0,120.0,,,,1.0,2.0,3.3,2.3,1,14.0,3.0,50.0,0.0,0.0,0.0,0.0,32.0,,7,460.3,1,0
917,huawei nova y71,,6.75,1,6,0,128.0,8.0,6000.0,,419670.0,1850.0,PowerVR GT7600,,,,,1,,3.0,48.0,1.8,0.0,0.0,1.0,8.0,2.0,4,259.9,0,0
918,samsung galaxy fold5,,7.6,2,1,0,512.0,12.0,4400.0,120.0,1752044.0,3200.0,Adreno 740,,,,,1,13.0,3.0,50.0,1.8,0.0,1.0,1.0,10.0,2.2,0,,3,1
919,samsung a56,,,0,6,0,256.0,8.0,,,419670.0,1850.0,PowerVR GT7600,,,,,1,,,,,,,,,,4,,0,0
920,huawei nova y71,,6.75,1,6,0,128.0,8.0,6000.0,,419670.0,1850.0,PowerVR GT7600,,,,,1,,3.0,48.0,1.8,0.0,0.0,1.0,8.0,2.0,4,259.9,0,0
921,samsung galaxy fold5,,7.6,2,1,0,512.0,12.0,4400.0,120.0,1752044.0,3200.0,Adreno 740,,,,,1,13.0,3.0,50.0,1.8,0.0,1.0,1.0,10.0,2.2,0,,3,1
922,vivo v40,,6.67,2,1,1,256.0,8.0,5000.0,120.0,461236.0,2800.0,Adreno 610,4.0,4.0,2.8,1.9,1,14.0,2.0,50.0,1.8,0.0,0.0,0.0,32.0,2.45,0,394.6,2,0
923,vivo v30e,,,0,6,1,,,5.0,,419670.0,1850.0,PowerVR GT7600,,,,,1,,,,,,,,,,4,,0,0
924,honor 600,,6.66,2,2,1,256.0,12.0,6.52,120.0,,,,,,,,1,16.0,2.0,108.0,0.0,0.0,0.0,0.0,16.0,,7,,0,0
925,camon slim,,,0,6,0,256.0,8.0,,,419670.0,1850.0,PowerVR GT7600,,,,,1,,,,,,,,,,4,,0,0
926,honor 600,,6.66,2,2,1,256.0,8.0,6.52,120.0,,,,,,,,1,16.0,2.0,108.0,0.0,0.0,0.0,0.0,16.0,,7,,0,0
927,xiaomi redmi a7,,6.9,1,6,0,64.0,4.0,6000.0,120.0,,,,,,,,1,16.0,1.0,13.0,0.0,0.0,0.0,0.0,8.0,,7,,0,0
928,xiaomi redmi a7,,6.9,1,6,0,128.0,4.0,6.0,120.0,,,,,,,,1,15.0,1.0,50.0,0.0,0.0,0.0,0.0,13.0,,7,,0,0
929,honor play 7t,,6.74,1,2,0,128.0,8.0,6000.0,90.0,527185.0,2200.0,Mali-G57 MP2,2.0,6.0,2.2,2.0,1,12.0,2.0,50.0,1.8,0.0,0.0,1.0,5.0,2.2,1,260.3,1,0
930,masstel x9,,5.5,1,6,0,16.0,2.0,2500.0,,,,,,,,,1,,1.0,8.0,0.0,0.0,0.0,0.0,5.0,,7,72.7,1,0
931,motorola moto g23,,6.5,1,2,1,64.0,4.0,5000.0,90.0,,,,2.0,6.0,2.0,1.8,1,13.0,3.0,50.0,1.8,0.0,0.0,1.0,16.0,2.5,7,269.9,2,1
932,motorola moto e13,,6.5,1,6,0,64.0,2.0,5000.0,,330006.0,1600.0,Mali-G57 MP1,2.0,6.0,1.6,1.6,1,13.0,1.0,13.0,2.2,0.0,0.0,1.0,5.0,2.4,1,269.9,2,1
933,xiaomi 14t,,,0,6,0,512.0,12.0,,,419670.0,1850.0,PowerVR GT7600,,,,,1,,,,,,,,,,4,,0,0
934,xiaomi poco f7,,6.67,2,1,1,256.0,12.0,5300.0,120.0,,,,2.0,6.0,4.32,3.53,1,15.0,3.0,50.0,1.6,0.0,1.0,1.0,32.0,2.0,7,526.1,2,0
935,vivo y1s,,6.22,1,2,0,32.0,2.0,4030.0,60.0,199111.0,2300.0,PowerVR GE8320,4.0,4.0,2.3,1.8,1,10.0,1.0,13.0,0.0,0.0,0.0,0.0,5.0,,4,270.4,1,0
936,samsung galaxy a37,,6.7,2,3,1,128.0,6.0,5000.0,120.0,997728.0,2750.0,Samsung Xclipse 530,,,,,1,16.0,3.0,50.0,0.0,0.0,0.0,1.0,12.0,,3,,0,0
937,xiaomi redmi note 14 proplus,,,0,6,0,128.0,6.0,,,419670.0,1850.0,PowerVR GT7600,,,,,1,,,,,,,,,,4,,0,0
938,htc u11,,5.5,0,1,1,128.0,6.0,3000.0,,438016.0,2450.0,Adreno 540,,,,,1,13.0,1.0,12.0,0.0,0.0,0.0,0.0,16.0,,0,534.0,1,0
939,xiaomi 14,,6.67,2,1,1,256.0,12.0,4.6,144.0,1118041.0,2840.0,Adreno 660,,,,,1,14.0,4.0,64.0,0.0,0.0,0.0,0.0,32.0,,0,,0,0
940,vivo x100s,,6.78,2,2,1,1024.0,16.0,5100.0,120.0,2347116.0,3400.0,Mali-G720  MP12,,,,,1,14.0,3.0,64.0,0.0,0.0,0.0,0.0,32.0,,1,452.9,2,0
941,vivo v29,,6.78,2,1,1,128.0,8.0,5.0,120.0,592489.0,2200.0,Adreno 619,2.0,6.0,2.2,1.7,1,13.0,3.0,64.0,1.8,0.0,0.0,1.0,16.0,2.5,0,388.2,1,0
942,google pixel 8a,,6.1,2,6,1,0.25,8.0,4492.0,120.0,1414384.0,2910.0,Mali-G715 MP7,1.0,4.0,3.0,2.15,1,14.0,2.0,50.0,0.0,0.0,0.0,0.0,10.5,,1,431.4,0,0
943,honor magic 7,,6.8,2,1,1,1024.0,16.0,5850.0,120.0,3336910.0,4320.0,Adreno 830,,,,,1,15.0,3.0,200.0,1.4,0.0,1.0,1.0,50.0,,0,452.8,4,1
944,oppo find x7,,,0,6,0,256.0,16.0,,,419670.0,1850.0,PowerVR GT7600,,,,,1,,,,,,,,,,4,,0,0
945,vivo y18s,,,0,6,0,256.0,8.0,,,419670.0,1850.0,PowerVR GT7600,,,,,1,,,,,,,,,,4,,0,0
946,xiaomi 14,,6.73,2,1,1,256.0,8.0,5300.0,120.0,2341391.0,3300.0,Adreno 750,,,,,1,14.0,4.0,50.0,1.8,0.0,1.0,1.0,32.0,2.0,0,521.4,1,0
947,vivo y35m,,6.51,1,2,0,128.0,4.0,5.0,60.0,515647.0,2200.0,Mali-G57 MP2,,,,,1,,2.0,13.0,0.0,0.0,0.0,0.0,5.0,,1,,0,0
948,oppo find n4 flip,,6.7,2,1,0,256.0,18.0,4.8,120.0,,,,,,,,1,,2.0,64.0,0.0,0.0,0.0,0.0,32.0,,7,425.7,0,0
949,realme gt 5,,6.74,2,1,1,256.0,8.0,4.7,144.0,2341391.0,3300.0,Adreno 750,,,,,1,,3.0,50.0,0.0,0.0,0.0,0.0,16.0,,0,450.5,0,0
950,oppo reno9,,6.55,2,2,0,128.0,8.0,5.0,90.0,980006.0,3000.0,Mali-G77 MP9,,,,,1,,3.0,64.0,0.0,0.0,0.0,0.0,16.0,,1,,0,0
951,oppo reno12 fs,,,0,6,1,256.0,12.0,,,419670.0,1850.0,PowerVR GT7600,,,,,1,,,,,,,,,,4,,0,0
952,zte v70,,6.67,2,2,1,256.0,8.0,5100.0,90.0,569913.0,2400.0,Mali-G57 MP2,2.0,6.0,2.4,2.0,1,11.0,3.0,64.0,1.8,0.0,0.0,1.0,16.0,,1,394.6,1,0
953,xiaomi 12i hypercharge,,6.66,2,2,0,128.0,8.0,5.0,120.0,722902.0,2600.0,Mali-G68 MP4,,,,,1,,3.0,200.0,0.0,1.0,0.0,1.0,,,1,,0,0
954,oppo f23,,6.72,0,1,0,256.0,8.0,5000.0,120.0,592489.0,2200.0,Adreno 619,,,,,1,13.0,3.0,64.0,1.7,0.0,0.0,0.0,32.0,2.4,0,391.6,1,0
955,vivo y100a,,6.38,2,2,0,256.0,8.0,4.5,,750481.0,2500.0,Mali-G68 MP4,,,,,1,13.0,3.0,64.0,0.0,0.0,0.0,0.0,16.0,,1,,0,0
956,vivo x100,,6.78,2,1,1,1024.0,16.0,5500.0,120.0,2341391.0,3300.0,Adreno 750,,,,,1,14.0,3.0,200.0,0.0,0.0,0.0,0.0,50.0,,0,517.6,2,0
957,samsung galaxy z flip,,,0,6,0,,,,,419670.0,1850.0,PowerVR GT7600,,,,,1,,,,,,,,,,4,,0,0
958,tecno pova curve 2,,6.78,2,2,1,128.0,8.0,8000.0,144.0,768176.0,2400.0,Mali-G610 MP2,,,,,0,16.0,2.0,50.0,0.0,0.0,0.0,0.0,13.0,,1,,0,0
959,tecno pova curve 2,,6.78,2,2,1,256.0,8.0,8000.0,144.0,768176.0,2400.0,Mali-G610 MP2,,,,,0,16.0,2.0,50.0,0.0,0.0,0.0,0.0,13.0,,1,,0,0
960,tecno camon slim,,,0,6,0,128.0,8.0,,,419670.0,1850.0,PowerVR GT7600,,,,,1,,,,,,,,,,4,,0,0
961,honor x9c,,6.8,1,2,1,256.0,12.0,5800.0,120.0,,,,2.0,6.0,2.5,2.0,1,14.0,2.0,108.0,0.0,0.0,0.0,0.0,16.0,,7,388.6,2,0
962,honor 90,,6.7,2,1,1,256.0,8.0,4900.0,,829085.0,2400.0,Adreno 644,,,,,1,13.0,4.0,200.0,1.9,0.0,0.0,1.0,50.0,2.4,0,437.6,1,0
963,honor power,,6.78,2,1,0,256.0,8.0,8.0,120.0,1020938.0,2630.0,Adreno 720,,,,,1,15.0,2.0,50.0,1.95,0.0,0.0,0.0,16.0,2.45,0,,0,0
964,motorola rizr rollable,,5.0,0,1,0,,,3.0,120.0,1752044.0,3200.0,Adreno 740,,,,,1,,,,,,,,,,0,526.4,0,0
965,masstel izi 300,,2.4,1,6,0,,,2500.0,,419670.0,1850.0,PowerVR GT7600,,,,,1,,,0.0,0.0,0.0,0.0,0.0,,,4,166.7,0,0
