,Name,Price,Screen Size,Display,Chipset,NFC,ROM,RAM,Battery,Refresh Rate,perf_cores,eff_cores,perf_freq_ghz,eff_freq_ghz,OS_Name,OS_Version,antutu_11,rear_count,rear_mp_max,rear_f/,rear_ois,rear_telephoto,rear_wide,front_mp,front_f/,Camera_score,gpu_family_enc,PPI,SIM_total,has_eSIM
0,iphone 17 pro,34590000,6.3,0,0,1,256.0,0.0,0.0,120.0,2.0,4.0,2.8,1.8,0,26.0,2606807.0,3.0,48.0,1.6,1.0,1.0,1.0,18.0,1.9,,2,458.1,2,0
1,oppo find x9s,23990000,6.59,2,2,1,256.0,12.0,7025.0,240.0,2.0,6.0,2.3,2.0,1,13.0,3041307.0,3.0,50.0,0.0,0.0,1.0,1.0,32.0,0.0,,1,460.1,3,1
2,iphone 17 pro max,36990000,6.9,0,0,1,256.0,0.0,0.0,120.0,2.0,4.0,2.8,1.8,0,26.0,2606807.0,3.0,48.0,1.6,1.0,1.0,1.0,18.0,1.9,,2,457.6,2,0
3,samsung galaxy s26 ultra,30490000,6.9,2,1,1,256.0,12.0,5000.0,120.0,1.0,4.0,2.96,1.8,1,13.0,3932243.0,4.0,200.0,0.0,0.0,1.0,1.0,12.0,0.0,157.0,0,498.0,3,1
4,samsung galaxy s26,20490000,6.3,2,3,1,256.0,12.0,4300.0,120.0,2.0,4.0,2.55,2.0,1,13.0,3145925.0,3.0,50.0,0.0,0.0,1.0,1.0,12.0,0.0,,3,409.1,3,1
5,samsung galaxy s25 ultra,25990000,6.9,2,1,1,256.0,12.0,5000.0,120.0,1.0,4.0,2.96,1.8,1,15.0,3336910.0,4.0,200.0,0.0,0.0,1.0,1.0,12.0,0.0,151.0,0,498.0,3,1
6,iphone 17,24390000,6.3,2,0,1,256.0,0.0,30.0,0.0,2.0,4.0,2.8,1.8,0,26.0,2239708.0,3.0,48.0,1.6,0.0,1.0,1.0,18.0,1.9,,2,458.1,2,0
7,itel p55 plus,3190000,6.6,0,5,1,256.0,8.0,5000.0,90.0,2.0,6.0,1.8,1.8,1,13.0,330006.0,1.0,50.0,0.0,0.0,0.0,1.0,8.0,0.0,,1,390.5,0,0
8,oppo reno15 f,11490000,6.57,2,1,1,256.0,8.0,7000.0,0.0,1.0,4.0,2.96,1.8,1,13.0,733620.0,3.0,50.0,1.8,1.0,0.0,1.0,50.0,2.0,,0,396.7,2,0
9,iphone 15,17890000,6.1,2,0,1,128.0,6.0,3349.0,60.0,2.0,4.0,2.8,1.8,0,17.0,1633145.0,2.0,48.0,0.0,0.0,0.0,0.0,12.0,1.9,,2,461.4,2,1
10,iphone air,22890000,6.5,0,0,1,256.0,0.0,27.0,0.0,2.0,4.0,2.8,1.8,0,26.0,2606807.0,1.0,48.0,1.6,0.0,0.0,0.0,18.0,1.6,,2,463.4,2,1
11,samsung galaxy a17,5690000,6.7,2,3,1,128.0,8.0,5000.0,0.0,2.0,6.0,2.4,2.0,1,15.0,592392.0,3.0,50.0,0.0,0.0,0.0,0.0,13.0,0.0,,1,384.7,2,0
12,samsung galaxy z flip7,22990000,6.9,2,6,1,256.0,12.0,4300.0,120.0,2.0,4.0,2.8,1.8,1,13.0,419670.0,2.0,50.0,1.8,0.0,0.0,0.0,10.0,2.2,137.0,4,409.1,2,0
13,samsung galaxy a57,10960000,6.7,2,3,1,128.0,8.0,5000.0,120.0,1.0,4.0,2.9,1.95,1,16.0,1390055.0,3.0,50.0,0.0,0.0,0.0,1.0,12.0,0.0,,3,384.7,0,0
14,nubia neo 5,6990000,6.8,0,5,1,128.0,8.0,6050.0,0.0,2.0,6.0,1.8,1.8,1,16.0,,2.0,50.0,0.0,0.0,0.0,0.0,16.0,0.0,,7,390.5,3,1
15,samsung galaxy a07,3190000,6.7,1,2,0,128.0,4.0,5000.0,0.0,2.0,6.0,2.2,2.0,1,15.0,547830.0,2.0,50.0,0.0,0.0,0.0,0.0,8.0,0.0,,1,261.9,2,0
16,nubia neo 5 gt,8990000,6.8,2,2,1,256.0,8.0,6210.0,0.0,2.0,6.0,2.3,2.0,1,16.0,,2.0,50.0,0.0,0.0,0.0,0.0,16.0,0.0,,7,409.1,3,1
17,xiaomi redmi note 14 pro plus,7990000,6.67,2,1,1,256.0,8.0,5110.0,120.0,1.0,4.0,2.96,1.8,1,14.0,1038717.0,3.0,200.0,1.65,1.0,0.0,1.0,0.0,2.2,,0,445.8,2,0
18,oppo find n6,63990000,8.12,2,1,1,512.0,16.0,6000.0,120.0,1.0,4.0,2.96,1.8,1,13.0,3932243.0,4.0,200.0,1.8,0.0,1.0,1.0,20.0,0.0,,0,409.1,3,1
19,honor x9d,11190000,6.79,2,1,1,256.0,12.0,8300.0,3840.0,1.0,4.0,2.3,1.8,1,15.0,963651.0,2.0,108.0,1.75,0.0,0.0,1.0,16.0,2.45,,0,427.1,2,0
20,meizu mblu note 21 pro,3990000,6.78,1,2,1,256.0,8.0,5000.0,120.0,2.0,6.0,2.2,2.0,0,14.0,547830.0,2.0,64.0,0.0,0.0,0.0,0.0,13.0,0.0,,1,388.2,2,0
21,iphone 16 pro max,38490000,6.9,2,0,1,512.0,0.0,0.0,120.0,2.0,4.0,2.8,1.8,0,18.0,1808835.0,3.0,48.0,1.6,0.0,1.0,1.0,12.0,1.9,,2,457.6,2,0
22,iphone 17e,17490000,6.1,0,0,1,256.0,0.0,26.0,0.0,2.0,4.0,2.8,1.8,0,26.0,2239708.0,2.0,48.0,1.6,0.0,1.0,0.0,12.0,1.9,,2,457.3,2,1
23,oppo find x9 ultra,48990000,6.82,2,1,1,512.0,12.0,7050.0,120.0,1.0,4.0,2.96,1.8,1,13.0,3932243.0,5.0,200.0,0.0,1.0,1.0,1.0,50.0,0.0,,0,510.3,3,1
24,xiaomi redmi note 15,5490000,6.77,2,2,0,128.0,6.0,6000.0,3840.0,2.0,6.0,2.3,2.0,1,13.0,,2.0,108.0,1.7,0.0,0.0,0.0,20.0,2.2,,7,387.7,0,0
25,samsung galaxy z fold7,40990000,8.0,2,1,1,256.0,12.0,4400.0,120.0,1.0,4.0,2.96,1.8,1,13.0,3336910.0,3.0,200.0,1.7,0.0,0.0,0.0,10.0,2.2,145.0,0,409.1,2,0
26,samsung galaxy a06,2590000,6.7,1,6,0,128.0,4.0,5000.0,60.0,2.0,6.0,2.0,1.8,1,13.0,,2.0,50.0,1.8,0.0,0.0,0.0,8.0,2.0,,7,261.9,2,0
27,samsung galaxy a56,8990000,6.7,2,3,1,128.0,8.0,5000.0,120.0,2.0,4.0,2.55,2.0,1,13.0,1243000.0,3.0,50.0,1.8,0.0,0.0,0.0,12.0,2.2,114.0,3,384.7,4,1
28,iphone 17 pro max,43790000,6.9,0,0,1,512.0,0.0,0.0,120.0,2.0,4.0,2.8,1.8,0,26.0,2606807.0,3.0,48.0,1.6,1.0,1.0,1.0,18.0,1.9,,2,457.6,0,0
29,iphone 16,20590000,6.1,2,0,1,128.0,8.0,0.0,0.0,2.0,4.0,2.8,1.8,0,18.0,1918031.0,2.0,48.0,1.6,0.0,0.0,1.0,12.0,1.9,,2,461.4,2,0
30,nubia v80 design,3990000,6.75,1,5,1,128.0,8.0,5000.0,120.0,2.0,6.0,1.8,1.8,1,13.0,,2.0,50.0,0.0,0.0,0.0,0.0,16.0,0.0,,7,269.9,2,0
31,samsung galaxy s25 fe,12560000,6.7,2,3,1,128.0,8.0,4900.0,0.0,2.0,4.0,2.55,2.0,1,16.0,2037320.0,3.0,50.0,1.8,0.0,1.0,1.0,12.0,2.2,118.0,3,384.7,3,1
32,xiaomi 15t,12490000,6.83,2,2,0,512.0,12.0,5500.0,0.0,2.0,6.0,2.3,2.0,1,13.0,,3.0,50.0,1.7,1.0,1.0,1.0,32.0,2.2,,7,409.1,1,0
33,oppo reno15,16490000,6.59,2,1,1,256.0,12.0,6500.0,240.0,1.0,4.0,2.96,1.8,1,13.0,,3.0,50.0,1.8,1.0,1.0,1.0,50.0,2.0,,7,460.1,3,1
34,honor x7d,6290000,6.77,1,1,0,256.0,8.0,6500.0,120.0,4.0,4.0,2.8,1.9,1,15.0,461236.0,2.0,108.0,1.8,0.0,0.0,0.0,8.0,2.0,,0,269.9,1,0
35,honor 400 pro,15490000,6.7,2,1,1,512.0,12.0,6000.0,0.0,1.0,4.0,2.96,1.8,1,15.0,2341391.0,3.0,200.0,1.9,1.0,1.0,1.0,50.0,2.0,,0,459.5,3,1
36,poco x8 pro max,14290000,6.83,2,2,0,256.0,12.0,8.5,3840.0,1.0,4.0,3.73,2.4,1,16.0,3041307.0,2.0,50.0,1.5,1.0,0.0,1.0,20.0,0.0,,1,447.0,3,1
37,tecno camon 40,4990000,6.78,2,2,1,128.0,8.0,5200.0,120.0,2.0,6.0,2.3,2.0,1,15.0,,2.0,50.0,1.8,0.0,0.0,1.0,32.0,0.0,,7,409.1,2,0
38,iphone 17 pro,40890000,6.3,0,0,1,512.0,0.0,0.0,120.0,2.0,4.0,2.8,1.8,0,26.0,2606807.0,3.0,48.0,1.6,1.0,1.0,1.0,18.0,1.9,,2,458.1,2,0
39,iphone 17 pro max,50090000,6.9,0,0,1,1024.0,0.0,0.0,120.0,2.0,4.0,2.8,1.8,0,26.0,2606807.0,3.0,48.0,1.6,1.0,1.0,1.0,18.0,1.9,,2,457.6,2,0
40,zte nubia z60s pro,10990000,6.78,2,1,1,512.0,16.0,5100.0,120.0,1.0,4.0,2.96,1.8,1,14.0,1752044.0,3.0,50.0,1.56,0.0,1.0,1.0,16.0,2.45,,0,382.9,2,0
41,xiaomi poco x7 pro,8790000,6.67,2,2,1,256.0,12.0,6000.0,120.0,2.0,6.0,2.3,2.0,1,14.0,,1.0,50.0,0.0,0.0,0.0,0.0,0.0,0.0,,7,445.8,1,0
42,iphone 14,13990000,6.1,2,0,1,128.0,6.0,3.0,60.0,2.0,4.0,2.8,1.8,0,16.0,1413275.0,2.0,12.0,1.5,0.0,0.0,1.0,12.0,1.9,,2,457.3,2,1
43,nubia v80 max,4190000,6.9,1,5,1,256.0,8.0,6000.0,120.0,2.0,6.0,1.8,1.8,1,13.0,,2.0,50.0,0.0,0.0,0.0,0.0,16.0,0.0,,7,269.9,2,0
44,iphone 15,20790000,6.1,2,0,1,256.0,6.0,3349.0,60.0,2.0,4.0,2.8,1.8,0,17.0,1633145.0,2.0,48.0,0.0,0.0,0.0,0.0,12.0,1.9,,2,461.4,2,1
45,iphone 13,11990000,6.1,2,0,1,128.0,4.0,3240.0,0.0,2.0,4.0,2.8,1.8,0,15.0,,2.0,12.0,1.6,0.0,0.0,1.0,12.0,2.2,,7,457.3,2,1
46,samsung galaxy a37,9990000,6.7,2,3,1,128.0,8.0,5000.0,120.0,4.0,4.0,2.75,2.0,1,16.0,997728.0,3.0,50.0,0.0,0.0,0.0,1.0,12.0,0.0,,3,384.7,0,0
47,iphone 16e,12990000,6.1,0,0,1,128.0,0.0,26.0,0.0,2.0,4.0,2.8,1.8,0,18.0,1918031.0,2.0,48.0,1.6,0.0,1.0,0.0,12.0,1.9,,2,457.3,2,0
48,samsung galaxy s24 plus,16090000,6.7,2,3,1,256.0,12.0,4.0,120.0,2.0,4.0,2.55,2.0,1,14.0,2037320.0,3.0,50.0,1.8,1.0,1.0,1.0,12.0,2.2,,3,512.9,4,1
49,samsung galaxy a26,6690000,6.7,2,3,1,128.0,8.0,5000.0,120.0,2.0,4.0,2.55,2.0,1,15.0,765609.0,3.0,50.0,0.0,0.0,0.0,0.0,13.0,0.0,,1,384.7,2,0
50,xiaomi redmi note 14,6490000,6.67,2,2,1,256.0,8.0,5110.0,120.0,2.0,6.0,2.3,2.0,1,13.0,,3.0,108.0,1.78,0.0,0.0,1.0,20.0,2.2,103.0,7,394.6,1,0
51,xiaomi redmi note 14,6490000,6.67,2,2,1,256.0,8.0,5110.0,120.0,2.0,6.0,2.3,2.0,1,13.0,,3.0,108.0,1.78,0.0,0.0,1.0,20.0,2.2,84.0,7,394.6,1,0
52,oppo find x8,19490000,6.59,2,2,1,512.0,16.0,5630.0,120.0,2.0,6.0,2.3,2.0,1,15.0,2825187.0,3.0,50.0,0.0,1.0,1.0,1.0,32.0,2.4,156.0,1,460.1,3,1
53,meizu mblu 22 pro,2990000,6.79,1,2,1,256.0,6.0,5000.0,0.0,2.0,6.0,2.3,2.0,1,15.0,357879.0,2.0,50.0,1.8,0.0,0.0,0.0,5.0,2.0,,1,263.8,2,0
54,nubia neo 3 gt,7490000,6.8,2,5,1,256.0,12.0,6000.0,120.0,2.0,6.0,1.8,1.8,1,15.0,701417.0,2.0,50.0,0.0,0.0,0.0,0.0,16.0,0.0,,1,386.0,2,0
55,xiaomi redmi note 15 pro,9590000,6.77,2,2,0,256.0,12.0,6500.0,3840.0,2.0,6.0,2.3,2.0,1,13.0,,2.0,200.0,0.0,0.0,0.0,1.0,32.0,0.0,,7,387.7,0,0
56,iphone 17 pro max,62490000,6.9,0,0,1,2048.0,0.0,0.0,120.0,2.0,4.0,2.8,1.8,0,26.0,2606807.0,3.0,48.0,1.6,1.0,1.0,1.0,18.0,1.9,,2,457.6,0,0
57,samsung galaxy a36,7490000,6.7,2,1,1,128.0,8.0,5000.0,120.0,1.0,4.0,2.96,1.8,1,13.0,833548.0,3.0,50.0,1.8,0.0,0.0,0.0,12.0,2.2,,0,384.7,4,1
58,nubia neo 5,7990000,6.8,0,5,1,256.0,8.0,6050.0,0.0,2.0,6.0,1.8,1.8,1,16.0,,2.0,50.0,0.0,0.0,0.0,0.0,16.0,0.0,,7,390.5,3,1
59,iphone 17,29990000,6.3,2,0,1,512.0,0.0,0.0,0.0,2.0,4.0,2.8,1.8,0,26.0,2239708.0,3.0,48.0,1.6,0.0,1.0,1.0,18.0,1.9,,2,458.1,2,0
60,iphone 16 plus,24290000,6.7,2,0,1,128.0,8.0,0.0,0.0,2.0,4.0,2.8,1.8,0,18.0,1918031.0,2.0,48.0,1.6,0.0,0.0,1.0,12.0,1.9,,2,459.6,2,0
61,xiaomi poco f8 pro,13990000,6.59,2,1,1,256.0,12.0,6210.0,0.0,1.0,4.0,2.96,1.8,1,13.0,3336910.0,3.0,50.0,1.88,1.0,1.0,1.0,20.0,0.0,,0,419.3,4,1
62,iphone 17 pro,45990000,6.3,0,0,1,1024.0,0.0,0.0,120.0,2.0,4.0,2.8,1.8,0,26.0,2606807.0,3.0,48.0,1.6,1.0,1.0,1.0,18.0,1.9,,2,458.1,2,0
63,samsung galaxy s26 ultra,36990000,6.9,2,1,1,512.0,12.0,5000.0,120.0,1.0,4.0,2.96,1.8,1,13.0,3932243.0,4.0,200.0,0.0,0.0,1.0,1.0,12.0,0.0,157.0,0,498.0,3,1
64,nothing phone 2a plus,8290000,6.7,2,2,1,256.0,12.0,5000.0,120.0,2.0,6.0,2.3,2.0,1,14.0,,2.0,50.0,1.88,0.0,0.0,1.0,50.0,2.2,,7,394.4,1,0
65,nubia neo 3,4790000,6.8,0,5,1,128.0,8.0,6000.0,120.0,4.0,4.0,2.2,2.0,1,13.0,,2.0,50.0,0.0,0.0,0.0,0.0,16.0,0.0,,7,390.5,2,0
66,xiaomi redmi note 15 pro,10890000,6.83,2,2,1,256.0,12.0,6580.0,120.0,2.0,6.0,2.3,2.0,1,13.0,,2.0,200.0,1.7,1.0,0.0,1.0,20.0,2.2,,7,447.0,3,1
67,sony xperia 10 vii,10500000,6.1,2,1,1,128.0,8.0,5.0,120.0,1.0,4.0,2.96,1.8,1,13.0,833548.0,2.0,50.0,1.9,0.0,0.0,0.0,8.0,2.0,,0,422.5,2,0
68,samsung galaxy s25,17690000,6.2,2,1,1,256.0,12.0,4000.0,120.0,1.0,4.0,2.96,1.8,1,13.0,3336910.0,3.0,50.0,0.0,0.0,1.0,1.0,12.0,0.0,157.0,0,415.7,4,1
69,tecno spark 40 pro,4890000,6.78,2,2,0,256.0,8.0,5200.0,144.0,2.0,6.0,2.3,2.0,1,15.0,601391.0,1.0,50.0,0.0,0.0,0.0,0.0,13.0,0.0,,1,409.1,1,0
70,nubia neo 5 gt,9990000,6.8,2,2,1,256.0,12.0,6210.0,0.0,2.0,6.0,2.3,2.0,1,16.0,,2.0,50.0,0.0,0.0,0.0,0.0,16.0,0.0,,7,409.1,3,1
71,oppo a6 pro,9090000,6.57,2,2,1,256.0,8.0,7000.0,0.0,2.0,6.0,2.3,2.0,1,15.0,570469.0,2.0,50.0,1.8,0.0,0.0,0.0,16.0,2.4,,1,396.7,2,0
72,xiaomi redmi 15,6190000,6.9,1,1,1,256.0,8.0,7000.0,288.0,1.0,4.0,2.96,1.8,1,13.0,623235.0,1.0,50.0,1.8,0.0,0.0,0.0,8.0,2.05,,0,373.5,1,0
73,iphone 16e,15490000,6.1,0,0,1,256.0,0.0,26.0,0.0,2.0,4.0,2.8,1.8,0,18.0,1918031.0,2.0,48.0,1.6,0.0,1.0,0.0,12.0,1.9,,2,457.3,2,0
74,xiaomi 15 ultra,26490000,6.73,2,1,1,512.0,16.0,5410.0,120.0,1.0,4.0,2.96,1.8,1,13.0,3336910.0,4.0,200.0,1.63,1.0,1.0,1.0,32.0,2.0,159.0,0,521.4,2,0
75,oppo find x9 pro,31990000,6.78,2,2,1,512.0,16.0,7500.0,120.0,2.0,6.0,2.3,2.0,1,16.0,3508681.0,4.0,200.0,0.0,1.0,1.0,1.0,50.0,2.0,166.0,1,409.1,3,1
76,iphone 16 plus,27690000,6.7,2,0,1,256.0,0.0,0.0,0.0,2.0,4.0,2.8,1.8,0,18.0,1918031.0,2.0,48.0,1.6,0.0,0.0,1.0,12.0,1.9,,2,459.6,2,0
77,oppo reno10 pro,10490000,6.74,2,1,1,256.0,12.0,4700.0,120.0,1.0,4.0,3.0,2.0,1,13.0,1411891.0,3.0,64.0,2.2,0.0,1.0,1.0,32.0,2.4,,0,450.5,1,0
78,samsung galaxy s25 plus,20690000,6.7,2,1,1,256.0,12.0,4900.0,120.0,1.0,4.0,2.96,1.8,1,13.0,3336910.0,3.0,50.0,0.0,0.0,1.0,1.0,12.0,0.0,,0,512.9,3,1
79,samsung galaxy s25 ultra,29790000,6.9,2,1,1,512.0,12.0,5000.0,120.0,1.0,4.0,2.96,1.8,1,15.0,3336910.0,4.0,200.0,0.0,0.0,1.0,1.0,12.0,0.0,151.0,0,498.0,3,1
80,honor x9d,12190000,6.79,2,1,1,512.0,12.0,8300.0,3840.0,1.0,4.0,2.3,1.8,1,15.0,963651.0,2.0,108.0,1.75,0.0,0.0,1.0,16.0,2.45,,0,427.1,2,0
81,honor magic v5,39990000,6.43,2,1,1,512.0,16.0,5820.0,4320.0,2.0,6.0,4.32,3.53,1,15.0,3336910.0,3.0,64.0,1.6,1.0,1.0,1.0,20.0,2.2,150.0,0,409.1,4,1
82,xiaomi redmi note 15,6790000,6.77,2,1,0,128.0,6.0,5520.0,3840.0,1.0,4.0,2.96,1.8,1,13.0,833548.0,2.0,108.0,1.7,1.0,0.0,1.0,20.0,2.2,,0,387.7,0,0
83,samsung galaxy s26 ultra,41990000,6.9,2,1,1,1024.0,16.0,5000.0,120.0,1.0,4.0,2.96,1.8,1,13.0,3932243.0,4.0,200.0,0.0,0.0,1.0,1.0,12.0,0.0,157.0,0,498.0,3,1
84,samsung galaxy a17,4990000,6.7,2,2,1,128.0,8.0,5000.0,0.0,2.0,6.0,2.2,2.0,1,15.0,547830.0,3.0,50.0,0.0,0.0,0.0,0.0,13.0,0.0,,1,384.7,2,0
85,sony xperia 1 vii,24500000,6.5,2,1,1,256.0,12.0,5.0,0.0,1.0,4.0,2.96,1.8,1,15.0,3336910.0,3.0,52.0,1.9,0.0,1.0,1.0,12.0,2.0,,0,396.5,1,0
86,oppo reno12,8990000,6.7,2,2,1,256.0,12.0,5000.0,120.0,2.0,6.0,2.3,2.0,1,14.0,877329.0,3.0,50.0,0.0,1.0,0.0,1.0,32.0,0.0,144.0,1,409.1,0,0
87,xiaomi 17 ultra,34440000,6.9,2,1,1,1024.0,16.0,6000.0,0.0,1.0,4.0,2.96,1.8,1,16.0,3932243.0,2.0,200.0,0.0,0.0,0.0,1.0,50.0,0.0,166.0,0,409.1,2,0
88,oppo find x9,25990000,6.59,2,2,1,512.0,16.0,7025.0,120.0,2.0,6.0,2.3,2.0,1,16.0,3508681.0,4.0,50.0,0.0,1.0,1.0,1.0,32.0,2.4,,1,460.1,3,1
89,honor x8d,7490000,6.77,2,1,1,128.0,8.0,6800.0,0.0,1.0,4.0,2.96,1.8,1,16.0,690382.0,2.0,108.0,1.75,0.0,0.0,0.0,16.0,2.45,,0,387.7,2,0
90,xiaomi redmi 15c,4890000,6.9,1,2,1,256.0,8.0,6000.0,240.0,2.0,6.0,2.3,2.0,1,13.0,,1.0,50.0,1.8,0.0,0.0,0.0,8.0,2.0,,7,254.3,1,0
91,tecno pova 7,4590000,6.78,1,2,1,128.0,8.0,7000.0,120.0,2.0,6.0,2.2,2.0,1,15.0,,2.0,108.0,0.0,0.0,0.0,0.0,8.0,0.0,,7,396.3,2,0
92,samsung galaxy a07,3990000,6.7,1,2,0,128.0,4.0,6000.0,120.0,2.0,6.0,2.3,2.0,1,13.0,532738.0,2.0,50.0,1.8,0.0,0.0,0.0,8.0,2.0,,1,261.9,2,0
93,xiaomi 15 ultra,28490000,6.73,2,1,1,1024.0,16.0,5410.0,120.0,1.0,4.0,2.96,1.8,1,13.0,3336910.0,4.0,200.0,1.63,1.0,1.0,1.0,32.0,2.0,159.0,0,521.4,2,0
94,honor 400,12250000,6.55,2,1,1,256.0,12.0,6000.0,0.0,1.0,4.0,2.96,1.8,1,15.0,1020938.0,2.0,200.0,1.9,1.0,0.0,1.0,50.0,2.0,149.0,0,460.1,3,1
95,samsung galaxy z fold 6,29990000,7.6,2,1,1,256.0,12.0,4400.0,120.0,1.0,4.0,2.96,1.8,1,13.0,2341391.0,3.0,50.0,1.8,0.0,1.0,1.0,10.0,1.8,,0,374.7,4,1
96,meizu lucky 08,5490000,6.78,2,1,0,256.0,12.0,6000.0,144.0,1.0,4.0,2.96,1.8,1,14.0,794701.0,2.0,108.0,1.67,0.0,0.0,0.0,8.0,2.0,,0,450.4,2,0
97,samsung galaxy s25 fe,16760000,6.7,2,3,1,512.0,8.0,4900.0,0.0,2.0,4.0,2.55,2.0,1,16.0,2037320.0,3.0,50.0,1.8,0.0,1.0,1.0,12.0,2.2,118.0,3,384.7,3,1
98,samsung galaxy a07,4290000,6.7,1,2,0,256.0,8.0,5000.0,0.0,2.0,6.0,2.2,2.0,1,15.0,547830.0,2.0,50.0,0.0,0.0,0.0,0.0,8.0,0.0,,1,261.9,2,0
99,samsung galaxy s26 plus,30490000,6.7,2,3,1,512.0,12.0,4900.0,120.0,2.0,4.0,2.55,2.0,1,13.0,3145925.0,3.0,50.0,0.0,0.0,1.0,1.0,12.0,0.0,,3,512.9,0,0
100,xiaomi redmi a7 pro,3990000,6.9,1,5,0,128.0,4.0,6000.0,120.0,2.0,6.0,1.8,1.8,1,16.0,,1.0,13.0,0.0,0.0,0.0,0.0,8.0,0.0,,7,269.9,0,0
101,poco x8 pro max,15290000,6.83,2,2,0,512.0,12.0,8.5,3840.0,1.0,4.0,3.73,2.4,1,16.0,3041307.0,2.0,50.0,1.5,1.0,0.0,1.0,20.0,0.0,,1,447.0,3,1
102,xiaomi redmi 15c,3990000,6.9,1,2,1,128.0,4.0,6000.0,240.0,2.0,6.0,2.3,2.0,1,13.0,,1.0,50.0,1.8,0.0,0.0,0.0,8.0,2.0,,7,254.3,1,0
103,meizu mblu 22,2290000,6.79,1,5,0,64.0,3.0,5000.0,90.0,2.0,6.0,1.8,1.8,1,15.0,153667.0,1.0,13.0,1.8,0.0,0.0,0.0,5.0,2.2,,4,269.9,0,0
104,samsung galaxy z fold7,42290000,8.0,2,1,1,512.0,12.0,4400.0,120.0,1.0,4.0,2.96,1.8,1,13.0,3336910.0,3.0,200.0,1.7,0.0,0.0,0.0,10.0,2.2,145.0,0,409.1,2,0
105,samsung galaxy s26 plus,24490000,6.7,2,3,1,256.0,12.0,4900.0,120.0,2.0,4.0,2.55,2.0,1,13.0,3145925.0,3.0,50.0,0.0,0.0,1.0,1.0,12.0,0.0,,3,512.9,3,1
106,nothing phone 3a,8790000,6.77,2,1,1,128.0,8.0,5000.0,120.0,1.0,4.0,2.96,1.8,1,15.0,1038717.0,3.0,50.0,1.88,0.0,1.0,1.0,32.0,2.2,,0,387.7,2,0
107,oppo find n3,26990000,7.82,2,1,1,512.0,16.0,4805.0,120.0,1.0,3.0,3.2,2.0,1,13.0,1752044.0,3.0,64.0,1.7,0.0,1.0,1.0,32.0,2.2,,0,426.0,2,1
108,oppo a6 pro,8090000,6.57,2,2,1,128.0,8.0,7000.0,0.0,2.0,6.0,2.3,2.0,1,15.0,570469.0,2.0,50.0,1.8,0.0,0.0,0.0,16.0,2.4,,1,396.7,2,0
109,oppo a3,5780000,6.67,1,1,0,256.0,8.0,5100.0,90.0,1.0,4.0,2.96,1.8,1,14.0,,1.0,50.0,1.8,0.0,0.0,0.0,5.0,2.2,,7,263.6,1,0
110,huawei mate x7,42990000,8.0,2,6,1,512.0,16.0,5600.0,120.0,2.0,4.0,2.8,1.8,1,13.0,419670.0,3.0,50.0,1.49,1.0,1.0,1.0,8.0,2.2,,4,409.1,0,0
111,tecno camon 40 pro,5590000,6.78,2,2,1,256.0,8.0,5200.0,120.0,2.0,6.0,2.3,2.0,1,15.0,,2.0,50.0,1.8,0.0,0.0,1.0,50.0,0.0,138.0,7,409.1,2,0
112,samsung galaxy z flip7,26990000,6.9,2,6,1,512.0,12.0,4300.0,120.0,2.0,4.0,2.8,1.8,1,13.0,419670.0,2.0,50.0,1.8,0.0,0.0,0.0,10.0,2.2,137.0,4,409.1,2,0
113,oppo a5i pro,6090000,6.67,1,1,1,128.0,8.0,6000.0,0.0,1.0,4.0,2.96,1.8,1,15.0,,2.0,50.0,1.82,0.0,0.0,0.0,5.0,2.2,,7,263.6,1,0
114,tecno spark 30 pro transformer,3990000,6.78,2,2,1,256.0,8.0,5000.0,120.0,2.0,6.0,2.3,2.0,1,14.0,570469.0,1.0,108.0,1.75,0.0,0.0,0.0,13.0,0.0,,1,409.1,2,0
115,oppo find x5 pro,12990000,6.7,2,1,1,256.0,12.0,5.0,120.0,1.0,4.0,2.96,1.8,1,12.0,1294632.0,3.0,50.0,1.7,0.0,1.0,1.0,32.0,2.4,130.0,0,525.9,1,0
116,nubia v70 design,2790000,6.7,1,5,1,128.0,8.0,5000.0,120.0,2.0,6.0,1.8,1.8,1,14.0,330006.0,1.0,50.0,0.0,0.0,0.0,0.0,16.0,0.0,,1,261.9,2,0
117,tecno spark go 3,3490000,6.75,0,5,0,64.0,4.0,5000.0,0.0,2.0,6.0,2.2,2.0,1,15.0,,1.0,13.0,0.0,0.0,0.0,0.0,8.0,0.0,,7,259.9,2,0
118,nothing phone 2a,7190000,6.7,2,2,1,128.0,8.0,5000.0,120.0,2.0,6.0,2.3,2.0,1,14.0,,2.0,50.0,1.88,0.0,0.0,0.0,32.0,2.2,,7,394.4,1,0
119,oppo a79,7060000,6.72,0,2,1,256.0,8.0,5000.0,90.0,2.0,6.0,2.2,2.0,1,13.0,527185.0,2.0,50.0,1.8,0.0,0.0,0.0,8.0,2.0,,1,391.6,1,0
120,oppo a6t,7290000,6.75,1,1,1,256.0,6.0,6100.0,0.0,1.0,4.0,2.96,1.8,1,15.0,461236.0,1.0,13.0,2.2,0.0,0.0,0.0,5.0,2.2,,0,269.9,2,0
121,oppo a6t,5290000,6.75,1,1,1,128.0,4.0,6100.0,0.0,1.0,4.0,2.96,1.8,1,15.0,461236.0,1.0,13.0,2.2,0.0,0.0,0.0,5.0,2.2,,0,269.9,2,0
122,oppo a6t,4390000,6.75,1,1,1,64.0,4.0,6100.0,0.0,1.0,4.0,2.96,1.8,1,15.0,461236.0,1.0,13.0,2.2,0.0,0.0,0.0,5.0,2.2,,0,269.9,2,0
123,samsung galaxy s26,26490000,6.3,2,3,1,512.0,12.0,4300.0,120.0,2.0,4.0,2.55,2.0,1,13.0,3145925.0,3.0,50.0,0.0,0.0,1.0,1.0,12.0,0.0,,3,409.1,3,1
124,meizu mblu 21,2690000,6.79,0,6,0,128.0,6.0,4900.0,0.0,2.0,4.0,2.8,1.8,1,14.0,330006.0,1.0,13.0,0.0,0.0,0.0,0.0,8.0,0.0,,1,390.5,2,0
125,nothing phone 2a,8490000,6.7,2,2,1,256.0,12.0,5000.0,120.0,2.0,6.0,2.3,2.0,1,14.0,,2.0,50.0,1.88,0.0,0.0,0.0,32.0,2.2,,7,394.4,1,0
126,meizu mblu 22 pro,2690000,6.79,1,2,1,128.0,4.0,5000.0,0.0,2.0,6.0,2.3,2.0,1,15.0,357879.0,2.0,50.0,1.8,0.0,0.0,0.0,8.0,2.0,,1,263.8,2,0
127,samsung galaxy s25 plus,25490000,6.7,2,1,1,512.0,12.0,4900.0,120.0,1.0,4.0,2.96,1.8,1,13.0,3336910.0,3.0,50.0,0.0,0.0,1.0,1.0,12.0,0.0,,0,512.9,3,1
128,samsung galaxy s25 edge,20450000,6.7,2,6,1,256.0,12.0,3900.0,0.0,2.0,4.0,2.8,1.8,1,13.0,419670.0,2.0,200.0,0.0,0.0,0.0,0.0,12.0,0.0,140.0,4,512.9,2,1
129,tecno pova 7,4990000,6.78,1,2,1,256.0,8.0,7000.0,120.0,2.0,6.0,2.2,2.0,1,15.0,,2.0,108.0,0.0,0.0,0.0,0.0,8.0,0.0,,7,396.3,2,0
130,nubia v80 design,3490000,6.75,1,5,1,128.0,4.0,5000.0,120.0,2.0,6.0,2.2,2.0,1,16.0,,2.0,50.0,0.0,0.0,0.0,0.0,16.0,0.0,,7,269.9,2,0
131,itel rs4,2990000,6.56,1,2,1,128.0,8.0,5.0,120.0,2.0,6.0,2.2,2.0,1,13.0,,1.0,50.0,1.6,0.0,0.0,1.0,8.0,0.0,,7,269.1,2,0
132,honor x7d,7290000,6.77,1,1,1,256.0,8.0,6500.0,0.0,2.0,6.0,2.3,2.0,1,15.0,623235.0,2.0,50.0,1.8,0.0,0.0,0.0,5.0,2.2,,0,260.8,2,0
133,tecno camon 40,5290000,6.78,2,2,1,256.0,8.0,5200.0,120.0,2.0,6.0,2.3,2.0,1,15.0,,2.0,50.0,1.8,0.0,0.0,1.0,32.0,0.0,,7,409.1,2,0
134,nokia hmd 105,690000,2.4,0,5,0,0.125,0.0,1450.0,0.0,2.0,6.0,1.8,1.8,1,13.0,,0.0,0.0,0.0,0.0,0.0,0.0,0.0,0.0,,7,390.5,0,0
135,honor x6c,4090000,6.6,1,2,1,128.0,6.0,5300.0,0.0,75.0,55.0,2.0,1.7,1,15.0,,1.0,50.0,1.8,0.0,0.0,0.0,5.0,2.2,,7,266.4,1,0
136,nokia 220,980000,2.8,1,5,0,0.125,0.0,1450.0,0.0,2.0,6.0,1.8,1.8,1,13.0,,0.0,0.0,0.0,0.0,0.0,0.0,0.0,0.0,,7,269.9,2,0
137,honor 400,12990000,6.55,2,1,1,512.0,12.0,6000.0,0.0,1.0,4.0,2.96,1.8,1,15.0,1020938.0,2.0,200.0,1.9,1.0,0.0,1.0,50.0,2.0,149.0,0,460.1,3,1
138,trẻ em masstel alfa 5,1050000,3.5,1,6,0,0.125,0.0,1750.0,0.0,2.0,4.0,2.8,1.8,1,13.0,419670.0,0.0,0.0,0.0,0.0,0.0,0.0,0.0,0.0,,4,114.3,1,0
139,honor x7d,5990000,6.77,1,1,0,128.0,8.0,6500.0,120.0,4.0,4.0,2.8,1.9,1,15.0,461236.0,2.0,108.0,1.8,0.0,0.0,0.0,8.0,2.0,,0,269.9,2,0
140,tecno camon 30,4590000,6.78,2,2,1,256.0,8.0,5000.0,120.0,2.0,6.0,2.2,2.0,1,14.0,,2.0,50.0,1.9,1.0,0.0,1.0,50.0,0.0,,7,393.0,1,0
141,tecno spark go 2,2490000,6.67,1,5,0,64.0,4.0,5000.0,120.0,2.0,6.0,1.8,1.8,1,15.0,,1.0,13.0,0.0,0.0,0.0,0.0,8.0,0.0,,7,263.0,1,0
142,honor x5c plus,3090000,6.74,1,2,1,64.0,4.0,5130.0,90.0,2.0,6.0,2.3,2.0,1,15.0,357879.0,1.0,50.0,1.8,0.0,0.0,0.0,5.0,2.2,,1,260.3,1,0
143,nubia v60 design,2690000,6.6,0,5,0,256.0,6.0,5000.0,90.0,2.0,6.0,1.8,1.8,1,13.0,330006.0,2.0,50.0,0.0,0.0,0.0,0.0,8.0,0.0,,1,267.5,1,0
144,honor play 10,2580000,6.74,1,2,0,128.0,4.0,5000.0,90.0,2.0,6.0,2.3,2.0,1,15.0,357879.0,1.0,13.0,0.0,0.0,0.0,0.0,5.0,0.0,,1,260.3,2,0
145,nokia 105 pro,750000,1.77,1,5,0,0.125,0.0,1450.0,0.0,2.0,6.0,1.8,1.8,1,13.0,,0.0,0.0,0.0,0.0,0.0,0.0,0.0,0.0,,7,269.9,1,0
146,meizu mblu 21,2290000,6.79,0,6,0,64.0,4.0,4900.0,0.0,2.0,4.0,2.8,1.8,1,14.0,330006.0,1.0,13.0,0.0,0.0,0.0,0.0,8.0,0.0,,1,390.5,2,0
147,masstel izi 15,420000,1.77,0,5,0,0.0,0.0,1000.0,0.0,2.0,6.0,1.8,1.8,1,13.0,419670.0,0.0,0.0,0.0,0.0,0.0,0.0,0.0,0.0,,4,390.5,1,0
148,nokia 3210,1450000,2.4,0,5,0,0.125,0.0,1450.0,0.0,2.0,6.0,1.8,1.8,1,13.0,,1.0,2.0,0.0,0.0,0.0,0.0,0.0,0.0,,7,390.5,2,0
149,masstel fami 8,580000,1.77,0,5,0,0.125,0.0,1400.0,0.0,2.0,6.0,1.8,1.8,1,13.0,,0.0,0.0,0.0,0.0,0.0,0.0,0.0,0.0,,7,115.8,2,0
150,honor x5c plus,3390000,6.74,1,2,1,128.0,4.0,5130.0,90.0,2.0,6.0,2.3,2.0,1,15.0,357879.0,1.0,50.0,1.8,0.0,0.0,0.0,5.0,2.2,,1,260.3,1,0
151,oppo a18,2890000,6.56,1,2,0,64.0,4.0,5.0,90.0,2.0,6.0,2.0,1.8,1,13.0,349222.0,2.0,8.0,0.0,0.0,0.0,0.0,5.0,0.0,,1,269.1,1,0
152,viettel t2,530000,2.4,0,6,0,0.125,0.046875,1400.0,0.0,2.0,4.0,2.8,1.8,1,13.0,,0.0,0.0,0.0,0.0,0.0,0.0,0.0,0.0,,7,390.5,0,0
153,nokia 110 pro,820000,1.77,1,5,0,0.125,0.0,1450.0,0.0,2.0,6.0,1.8,1.8,1,13.0,,0.0,0.0,0.0,0.0,0.0,0.0,0.0,0.0,,7,269.9,1,0
154,oppo reno8,13990000,6.4,2,2,1,256.0,8.0,4500.0,90.0,2.0,4.0,2.3,2.0,1,12.0,954090.0,3.0,50.0,1.8,0.0,0.0,0.0,32.0,2.4,112.0,1,411.2,1,0
155,masstel izi t5 plus,530000,2.4,0,5,0,0.0,0.0,2300.0,0.0,2.0,6.0,1.8,1.8,1,13.0,,0.0,0.0,0.0,0.0,0.0,0.0,0.0,0.0,,7,166.7,1,0
156,masstel izi t8,530000,2.4,0,6,0,0.0,0.0,2300.0,0.0,2.0,4.0,2.8,1.8,1,13.0,419670.0,0.0,0.0,0.0,0.0,0.0,0.0,0.0,0.0,,4,390.5,2,0
157,masstel izi 22,470000,1.77,0,6,0,0.0,0.0,1000.0,0.0,2.0,4.0,2.8,1.8,1,13.0,419670.0,0.0,0.0,0.0,0.0,0.0,0.0,0.0,0.0,,4,115.8,0,0
158,masstel izi s8,485000,1.77,1,6,0,0.0,0.0,1400.0,0.0,2.0,4.0,2.8,1.8,1,13.0,,0.0,0.0,0.0,0.0,0.0,0.0,0.0,0.0,,7,269.9,2,0
159,masstel fami 25,650000,1.77,1,6,0,0.125,0.046875,1400.0,0.0,2.0,4.0,2.8,1.8,1,13.0,,0.0,0.0,0.0,0.0,0.0,0.0,0.0,0.0,,7,269.9,2,0
160,iphone 14 pro max,25590000,6.7,2,0,1,128.0,6.0,4.323,120.0,2.0,4.0,2.8,1.8,0,16.0,,3.0,48.0,1.8,1.0,1.0,1.0,12.0,1.9,,7,459.6,2,1
161,iphone 16 pro,27990000,6.3,2,0,1,256.0,0.0,0.0,0.0,2.0,4.0,2.8,1.8,0,18.0,1808835.0,3.0,48.0,1.6,0.0,1.0,1.0,12.0,1.9,,2,458.1,2,0
162,xiaomi redmi note 14,4390000,6.67,2,2,1,128.0,6.0,5500.0,120.0,2.0,6.0,2.3,2.0,1,14.0,,3.0,108.0,2.4,0.0,0.0,0.0,20.0,2.2,103.0,7,394.6,2,0
163,xiaomi redmi note 14,4390000,6.67,2,2,1,128.0,6.0,5500.0,120.0,2.0,6.0,2.3,2.0,1,14.0,,3.0,108.0,2.4,0.0,0.0,0.0,20.0,2.2,84.0,7,394.6,2,0
164,iphone 16 pro,24490000,6.3,2,0,1,128.0,8.0,0.0,0.0,2.0,4.0,2.8,1.8,0,18.0,1808835.0,3.0,48.0,1.6,0.0,1.0,1.0,12.0,1.9,,2,458.1,2,0
165,xiaomi 14t pro,12990000,6.67,2,2,1,512.0,12.0,5000.0,144.0,2.0,6.0,2.3,2.0,1,13.0,2347116.0,3.0,50.0,1.0,0.0,1.0,1.0,32.0,2.0,135.0,1,445.8,2,0
166,nubia z70s ultra,19990000,6.67,2,1,1,256.0,12.0,6.6,144.0,1.0,4.0,2.96,1.8,0,15.0,3336910.0,3.0,64.0,1.7,0.0,1.0,1.0,16.0,0.0,,0,409.1,2,0
167,iphone 15 pro,23990000,6.1,2,0,1,128.0,8.0,3274.0,120.0,2.0,4.0,2.8,1.8,0,17.0,1503813.0,3.0,48.0,1.78,0.0,1.0,1.0,12.0,1.9,,2,461.4,2,1
168,xiaomi 15,18490000,6.36,2,1,1,256.0,12.0,5240.0,120.0,1.0,4.0,2.96,1.8,1,13.0,3336910.0,3.0,50.0,1.62,1.0,1.0,1.0,32.0,2.0,147.0,0,460.3,2,0
169,iphone air,33990000,6.5,0,0,1,1024.0,0.0,27.0,0.0,2.0,4.0,2.8,1.8,0,26.0,2606807.0,1.0,48.0,1.6,0.0,0.0,0.0,18.0,1.6,,2,463.4,2,1
170,iphone 16,22390000,6.1,2,0,1,256.0,0.0,0.0,0.0,2.0,4.0,2.8,1.8,0,18.0,1918031.0,2.0,48.0,1.6,0.0,0.0,1.0,12.0,1.9,,2,461.4,2,0
171,iphone 14 pro,22990000,6.1,2,0,1,128.0,6.0,3200.0,120.0,2.0,4.0,2.8,1.8,0,16.0,1633145.0,3.0,48.0,1.8,1.0,1.0,1.0,12.0,1.9,,2,461.4,2,1
172,honor x9c,7290000,6.78,2,1,1,256.0,12.0,6600.0,0.0,78.0,55.0,2.2,1.8,1,14.0,733620.0,2.0,108.0,1.75,1.0,0.0,1.0,16.0,2.45,164.0,0,409.1,1,0
173,iphone air,28990000,6.5,0,0,1,512.0,0.0,27.0,0.0,2.0,4.0,2.8,1.8,0,26.0,2606807.0,1.0,48.0,1.6,0.0,0.0,0.0,18.0,1.6,,2,463.4,2,1
174,iphone 17e,23690000,6.1,0,0,1,512.0,0.0,26.0,0.0,2.0,4.0,2.8,1.8,0,26.0,2239708.0,2.0,48.0,1.6,0.0,1.0,0.0,12.0,1.9,,2,457.3,2,1
175,samsung galaxy s24,17190000,6.2,2,3,1,512.0,8.0,4.0,120.0,1.0,2.0,3.3,2.3,1,14.0,2037320.0,3.0,50.0,1.8,1.0,1.0,1.0,12.0,2.2,133.0,3,415.7,4,1
176,oppo a3x,4210000,6.67,1,1,0,128.0,6.0,5100.0,90.0,1.0,4.0,2.96,1.8,1,13.0,,1.0,8.0,2.0,0.0,0.0,0.0,5.0,2.2,,7,263.6,2,0
177,xiaomi poco x7,7990000,6.67,2,2,1,512.0,12.0,5110.0,120.0,2.0,6.0,2.3,2.0,1,13.0,,3.0,50.0,1.5,0.0,0.0,1.0,20.0,2.2,,7,445.8,2,0
178,oppo reno14,15500000,6.59,2,2,1,256.0,12.0,6000.0,120.0,2.0,6.0,2.3,2.0,1,15.0,1718082.0,3.0,50.0,1.8,1.0,1.0,1.0,50.0,2.0,,1,460.1,2,0
179,nubia neo 3,5090000,6.8,1,5,1,256.0,8.0,6000.0,120.0,2.0,6.0,2.2,2.0,1,15.0,639225.0,2.0,50.0,1.8,0.0,0.0,0.0,16.0,2.0,,1,269.9,1,0
180,oppo a58,4500000,6.72,0,2,0,128.0,8.0,5.0,60.0,2.0,6.0,2.3,2.0,1,13.0,349222.0,2.0,50.0,0.0,0.0,0.0,0.0,8.0,0.0,,1,393.3,1,0
181,xiaomi redmi note 13 pro,4690000,6.67,2,2,1,128.0,8.0,5000.0,120.0,2.0,6.0,2.3,2.0,1,13.0,,3.0,200.0,0.0,0.0,0.0,0.0,16.0,0.0,120.0,7,394.6,1,0
182,xiaomi redmi note 13 pro,6290000,6.67,2,1,1,256.0,8.0,5100.0,120.0,4.0,4.0,2.4,1.95,1,13.0,794701.0,3.0,200.0,0.0,0.0,0.0,0.0,16.0,0.0,120.0,0,445.8,3,1
183,samsung galaxy s23 ultra,19490000,6.8,2,1,1,256.0,8.0,5.0,120.0,1.0,3.0,3.36,2.0,1,13.0,1752044.0,4.0,200.0,1.7,1.0,1.0,1.0,12.0,2.2,140.0,0,501.1,3,1
184,oppo a3,4500000,6.67,1,1,0,128.0,6.0,5100.0,90.0,1.0,4.0,2.96,1.8,1,14.0,,1.0,50.0,1.8,0.0,0.0,0.0,5.0,2.2,,7,263.6,1,0
185,realme gt neo 3,0,6.7,2,2,1,128.0,6.0,5000.0,120.0,4.0,4.0,2.85,2.0,1,12.0,1085324.0,3.0,50.0,1.9,0.0,0.0,1.0,16.0,2.5,118.0,1,394.4,1,0
186,iphone 13 pro max,22990000,6.7,2,0,1,128.0,6.0,4352.0,120.0,2.0,4.0,2.8,1.8,0,15.0,1413275.0,3.0,12.0,1.5,0.0,1.0,1.0,12.0,2.2,,2,456.8,2,1
187,oppo find n5,44180000,8.12,2,1,1,512.0,16.0,5600.0,120.0,1.0,4.0,2.96,1.8,1,15.0,3336910.0,3.0,50.0,1.8,1.0,1.0,1.0,8.0,2.4,144.0,0,409.1,3,1
188,nubia neo 2,4290000,6.72,1,5,1,256.0,8.0,6000.0,120.0,1.0,4.0,2.7,2.1,1,13.0,757199.0,2.0,50.0,1.8,0.0,0.0,1.0,16.0,0.0,,1,391.6,1,0
189,samsung galaxy a06,2590000,6.7,1,2,0,128.0,4.0,5000.0,0.0,2.0,6.0,2.3,2.0,1,13.0,349222.0,2.0,50.0,1.8,0.0,0.0,0.0,8.0,2.0,,1,261.9,1,0
190,samsung galaxy a16,4990000,6.7,2,2,1,128.0,8.0,5.0,90.0,2.0,6.0,2.3,2.0,1,13.0,532738.0,3.0,50.0,1.8,0.0,0.0,1.0,13.0,2.0,77.0,1,384.7,2,0
191,samsung galaxy note 10 plus,26990000,6.8,2,3,1,256.0,12.0,4300.0,0.0,2.0,4.0,2.7,1.9,1,9.0,798922.0,3.0,16.0,2.1,1.0,1.0,1.0,10.0,2.2,,1,494.7,1,0
192,xiaomi redmi note 13,3790000,6.67,2,1,0,128.0,6.0,5000.0,120.0,1.0,4.0,2.96,1.8,1,13.0,461236.0,3.0,108.0,0.0,0.0,0.0,0.0,16.0,0.0,91.0,0,394.6,1,0
193,xiaomi redmi note 13,3790000,6.67,2,1,0,128.0,6.0,5000.0,120.0,1.0,4.0,2.96,1.8,1,13.0,461236.0,3.0,108.0,0.0,0.0,0.0,0.0,16.0,0.0,75.0,0,394.6,1,0
194,redmi note 13 pro,6990000,6.67,2,1,1,512.0,12.0,5100.0,120.0,4.0,4.0,2.4,1.95,1,13.0,794701.0,3.0,200.0,0.0,0.0,0.0,0.0,16.0,0.0,,0,445.8,1,0
195,oppo reno14 f,10100000,6.57,2,1,1,256.0,8.0,6000.0,120.0,1.0,4.0,2.96,1.8,1,15.0,733620.0,3.0,50.0,1.8,1.0,0.0,1.0,32.0,2.0,,0,396.7,2,0
196,samsung galaxy s24 ultra,23990000,6.8,2,1,1,512.0,12.0,5000.0,120.0,1.0,4.0,2.96,1.8,1,14.0,2341391.0,4.0,200.0,2.2,1.0,1.0,1.0,12.0,2.2,144.0,0,505.3,4,1
197,iphone 11,8490000,6.1,1,0,1,128.0,4.0,3110.0,0.0,2.0,4.0,2.8,1.8,0,13.0,1091336.0,1.0,12.0,1.8,0.0,0.0,1.0,12.0,2.2,,2,323.6,2,1
198,xiaomi poco x6 pro,7540000,6.67,2,2,1,256.0,8.0,5000.0,120.0,2.0,6.0,2.3,2.0,1,14.0,,3.0,64.0,1.7,0.0,0.0,1.0,16.0,0.0,,7,445.8,1,0
199,samsung galaxy s20,21490000,6.2,2,3,0,128.0,8.0,4000.0,0.0,2.0,4.0,2.73,2.0,1,10.0,901199.0,3.0,64.0,1.8,1.0,1.0,1.0,10.0,2.2,,1,566.0,1,0
200,oppo reno10,8490000,6.7,2,2,1,256.0,8.0,5000.0,120.0,2.0,6.0,2.3,2.0,1,13.0,802497.0,3.0,64.0,1.7,0.0,1.0,1.0,32.0,2.4,,1,394.4,1,0
201,iphone 12,9990000,6.1,2,0,1,128.0,4.0,20.0,0.0,2.0,4.0,2.8,1.8,0,14.1,1337390.0,2.0,12.0,1.6,1.0,0.0,1.0,12.0,2.2,,2,457.3,2,1
202,xiaomi 14t,11290000,6.67,2,2,1,512.0,12.0,5000.0,144.0,2.0,6.0,2.3,2.0,1,13.0,,4.0,50.0,1.0,0.0,1.0,1.0,32.0,2.0,134.0,7,445.8,2,0
203,iphone 13 pro max,23990000,6.7,2,0,1,256.0,6.0,4352.0,120.0,2.0,4.0,2.8,1.8,0,15.0,1413275.0,3.0,12.0,1.5,0.0,1.0,1.0,12.0,2.2,,2,456.8,2,1
204,iphone 12 mini i,9990000,5.4,2,0,1,64.0,4.0,20.0,0.0,2.0,4.0,2.8,1.8,0,14.1,1337390.0,2.0,12.0,1.6,1.0,0.0,1.0,12.0,2.2,,2,477.3,2,1
205,nubia air,5490000,6.78,2,5,0,256.0,8.0,5000.0,120.0,2.0,6.0,1.8,1.8,1,15.0,639225.0,2.0,50.0,0.0,0.0,0.0,0.0,20.0,0.0,,1,409.1,2,0
206,iphone 15 pro,26290000,6.1,2,0,1,256.0,8.0,3274.0,120.0,2.0,4.0,2.8,1.8,0,17.0,1503813.0,3.0,48.0,1.78,0.0,1.0,1.0,12.0,1.9,,2,461.4,2,1
207,oppo find n,0,7.1,2,1,1,256.0,8.0,4500.0,120.0,1.0,4.0,2.84,1.8,1,11.0,1118041.0,3.0,50.0,1.8,0.0,1.0,1.0,32.0,2.4,,0,409.1,1,0
208,samsung galaxy s24 fe,11490000,6.7,2,3,1,128.0,8.0,4700.0,120.0,2.0,4.0,2.55,2.0,1,14.0,1971406.0,2.0,50.0,0.0,0.0,0.0,0.0,10.0,0.0,133.0,3,392.8,0,0
209,samsung galaxy a15,4290000,6.5,2,2,1,128.0,8.0,5000.0,90.0,2.0,6.0,2.2,2.0,1,14.0,,3.0,50.0,0.0,0.0,0.0,0.0,13.0,0.0,83.0,7,396.5,1,0
210,xiaomi redmi note 12s,4990000,6.43,2,2,0,256.0,8.0,5000.0,90.0,2.0,6.0,2.3,2.0,1,13.0,493222.0,3.0,108.0,1.89,0.0,0.0,1.0,16.0,2.45,,1,409.3,1,0
211,itel p55 plus,2590000,6.6,0,5,0,128.0,8.0,5000.0,90.0,2.0,6.0,1.8,1.8,1,13.0,330006.0,1.0,50.0,0.0,0.0,0.0,1.0,8.0,0.0,,1,390.5,0,0
212,samsung galaxy s23 ultra,22290000,6.8,2,1,1,512.0,12.0,5000.0,120.0,1.0,3.0,3.36,2.0,1,13.0,1752044.0,4.0,200.0,1.7,1.0,1.0,1.0,12.0,2.2,140.0,0,501.1,3,1
213,honor 400 lite,8130000,6.7,2,2,1,256.0,12.0,5230.0,0.0,2.0,6.0,2.5,2.0,1,15.0,,2.0,108.0,1.75,0.0,0.0,1.0,16.0,2.45,,7,394.4,3,1
214,tecno pova 6 neo,3890000,6.78,1,2,1,128.0,8.0,7000.0,120.0,2.0,6.0,2.2,2.0,1,14.0,,1.0,50.0,0.0,0.0,0.0,0.0,8.0,0.0,,7,396.3,2,0
215,oppo reno13 f,8990000,6.67,2,1,1,256.0,12.0,5800.0,120.0,1.0,4.0,2.96,1.8,1,15.0,,3.0,50.0,1.8,1.0,0.0,1.0,32.0,2.4,,7,394.6,2,0
216,xiaomi redmi note 12,3790000,6.67,2,1,0,128.0,4.0,5000.0,120.0,2.0,6.0,2.0,1.8,1,13.0,461236.0,3.0,50.0,1.8,0.0,0.0,1.0,13.0,2.45,69.0,0,394.6,1,0
217,xiaomi redmi note 12,3790000,6.67,2,1,0,128.0,4.0,5000.0,120.0,2.0,6.0,2.0,1.8,1,13.0,461236.0,3.0,50.0,1.8,0.0,0.0,1.0,13.0,2.45,63.0,0,394.6,1,0
218,samsung galaxy m55,7990000,6.7,2,1,1,256.0,12.0,5000.0,120.0,1.0,4.0,2.4,1.8,1,14.0,829085.0,3.0,50.0,1.8,1.0,0.0,1.0,50.0,2.4,,0,392.8,1,0
219,redmi k50 gaming,0,6.67,2,1,1,128.0,8.0,4700.0,120.0,1.0,4.0,3.0,1.8,1,12.0,1294632.0,3.0,64.0,1.9,0.0,0.0,1.0,20.0,2.4,,0,394.6,1,0
220,samsung galaxy a25,4690000,6.5,2,3,1,128.0,6.0,5000.0,120.0,2.0,6.0,2.4,2.0,1,14.0,605067.0,3.0,50.0,0.0,0.0,0.0,0.0,13.0,0.0,92.0,1,396.5,1,0
221,tecno spark 40,3590000,6.67,1,2,1,256.0,8.0,5200.0,0.0,2.0,6.0,2.3,2.0,1,15.0,354158.0,1.0,50.0,0.0,0.0,0.0,0.0,8.0,0.0,,1,263.0,1,0
222,samsung galaxy note 10,13800000,6.3,2,3,1,256.0,8.0,3500.0,0.0,2.0,4.0,2.55,2.0,1,13.0,798922.0,3.0,16.0,2.1,1.0,1.0,1.0,10.0,2.2,,1,400.5,1,0
223,samsung galaxy a16,3390000,6.7,2,2,1,128.0,4.0,5.0,90.0,2.0,6.0,2.3,2.0,1,15.0,547830.0,3.0,50.0,1.8,0.0,0.0,1.0,13.0,0.0,77.0,1,384.7,2,0
224,samsung galaxy z flip6,19990000,6.7,2,1,1,256.0,12.0,4000.0,120.0,1.0,4.0,2.96,1.8,1,13.0,2341391.0,2.0,50.0,1.8,0.0,0.0,1.0,10.0,2.2,129.0,0,425.7,3,1
225,samsung galaxy s24 plus,18990000,6.7,2,3,1,512.0,12.0,4.0,120.0,2.0,4.0,2.55,2.0,1,14.0,2037320.0,3.0,50.0,1.8,1.0,1.0,1.0,12.0,2.2,,3,512.9,4,1
226,xiaomi redmi 13c,2990000,6.74,1,2,0,128.0,6.0,5000.0,90.0,2.0,6.0,2.3,2.0,1,13.0,349222.0,2.0,50.0,0.0,0.0,0.0,0.0,8.0,0.0,63.0,1,260.3,1,0
227,xiaomi redmi 13c,2990000,6.74,1,2,0,128.0,6.0,5000.0,90.0,2.0,6.0,2.3,2.0,1,13.0,349222.0,2.0,50.0,0.0,0.0,0.0,0.0,8.0,0.0,60.0,1,260.3,1,0
228,oppo a5i,3690000,6.67,1,1,0,128.0,4.0,5100.0,0.0,1.0,4.0,2.96,1.8,1,13.0,,1.0,8.0,2.0,0.0,0.0,0.0,5.0,2.2,,7,263.6,1,0
229,iphone 13,14990000,6.1,2,0,1,256.0,4.0,3240.0,60.0,2.0,4.0,2.8,1.8,0,15.0,,2.0,12.0,1.6,0.0,0.0,1.0,12.0,2.2,,7,457.3,2,1
230,samsung galaxy s22 ultra,30990000,6.8,2,1,1,128.0,8.0,5000.0,120.0,1.0,4.0,3.0,1.8,1,12.0,1294632.0,4.0,108.0,1.8,0.0,0.0,1.0,40.0,2.2,135.0,0,501.1,3,1
231,samsung galaxy s22 ultra,30990000,6.8,2,1,1,128.0,8.0,5000.0,120.0,1.0,4.0,3.0,1.8,1,12.0,1294632.0,4.0,108.0,1.8,0.0,0.0,1.0,40.0,2.2,131.0,0,501.1,3,1
232,tecno camon 30s,4090000,6.78,2,2,1,256.0,8.0,5000.0,120.0,2.0,6.0,2.3,2.0,1,14.0,,3.0,100.0,0.0,1.0,0.0,0.0,13.0,0.0,,7,393.0,1,0
233,xiaomi redmi note 12 pro,6590000,6.67,2,2,1,256.0,8.0,5.0,120.0,2.0,6.0,2.6,2.0,1,12.0,722902.0,3.0,50.0,1.9,1.0,0.0,1.0,16.0,0.0,102.0,1,394.6,1,0
234,iphone 15 plus,21290000,6.7,2,0,1,256.0,6.0,4383.0,60.0,2.0,4.0,2.8,1.8,0,17.0,1633145.0,2.0,48.0,0.0,0.0,0.0,0.0,12.0,1.9,,2,459.6,2,1
235,samsung galaxy a54,7390000,6.4,2,3,1,128.0,8.0,5000.0,120.0,4.0,4.0,2.4,2.0,1,13.0,765609.0,3.0,50.0,1.8,1.0,0.0,1.0,32.0,2.2,107.0,1,402.7,1,0
236,nubia redmagic 8s pro,18990000,6.8,2,1,1,256.0,12.0,6000.0,120.0,1.0,4.0,3.0,1.8,1,13.0,1752044.0,3.0,50.0,1.9,0.0,0.0,1.0,16.0,2.0,,0,399.9,1,0
237,tecno spark 40,3290000,6.67,1,2,1,128.0,6.0,5200.0,0.0,2.0,6.0,2.3,2.0,1,15.0,354158.0,1.0,50.0,0.0,0.0,0.0,0.0,8.0,0.0,,1,263.0,1,0
238,oppo a58,4090000,6.72,1,2,0,128.0,6.0,5000.0,0.0,2.0,6.0,2.2,2.0,1,13.0,349222.0,2.0,50.0,1.8,0.0,0.0,0.0,8.0,2.0,,1,391.6,1,0
239,realme 13,6590000,6.67,2,2,1,256.0,8.0,5000.0,120.0,4.0,4.0,2.5,2.5,1,14.0,,2.0,50.0,0.0,1.0,0.0,0.0,16.0,2.4,,7,394.6,2,0
240,samsung galaxy s22 ultra đã kích hoạt online,18990000,6.8,2,1,1,256.0,12.0,5000.0,120.0,1.0,4.0,3.0,1.8,1,12.0,1294632.0,4.0,108.0,1.8,0.0,0.0,1.0,40.0,2.2,,0,501.1,3,1
241,samsung galaxy a23,3600000,6.6,1,1,0,128.0,4.0,5.0,120.0,4.0,4.0,2.4,1.9,1,12.0,415362.0,4.0,50.0,0.0,0.0,0.0,0.0,8.0,2.2,70.0,0,399.9,1,0
242,samsung galaxy a05s,3290000,6.7,1,1,0,128.0,6.0,5000.0,90.0,4.0,4.0,2.4,1.9,1,14.0,415362.0,3.0,50.0,1.8,0.0,0.0,0.0,13.0,2.0,45.0,0,392.8,1,0
243,honor x7c,4300000,6.77,1,1,0,256.0,8.0,6000.0,0.0,4.0,4.0,2.8,1.9,1,14.0,461236.0,2.0,108.0,1.75,0.0,0.0,0.0,8.0,2.0,,0,269.9,1,0
244,xiaomi redmi note 12 pro,5690000,6.67,2,1,1,256.0,8.0,5000.0,120.0,2.0,6.0,2.2,1.8,1,11.0,517306.0,4.0,108.0,1.9,0.0,0.0,1.0,16.0,2.45,102.0,0,394.6,1,0
245,itel rs4,3290000,6.56,1,2,1,256.0,8.0,5.0,120.0,2.0,6.0,2.2,2.0,1,13.0,,1.0,50.0,1.6,0.0,0.0,1.0,8.0,0.0,,7,269.1,2,0
246,xiaomi redmi note 11 pro,5790000,6.67,2,2,1,128.0,8.0,5000.0,120.0,2.0,6.0,2.3,2.0,1,11.0,493222.0,4.0,108.0,1.9,0.0,1.0,1.0,16.0,2.4,78.0,1,394.6,1,0
247,samsung galaxy note 20 ultra,32990000,6.9,2,3,1,256.0,12.0,4500.0,120.0,2.0,4.0,2.73,2.0,1,10.0,901199.0,3.0,108.0,1.8,1.0,1.0,1.0,10.0,2.2,,1,493.8,1,0
248,realme note 60,2490000,6.74,1,5,0,64.0,4.0,5000.0,90.0,2.0,6.0,1.8,1.8,1,14.0,,1.0,32.0,0.0,0.0,0.0,0.0,5.0,0.0,,7,260.3,2,0
249,samsung galaxy z fold4,22490000,7.6,2,1,1,256.0,12.0,4.0,120.0,1.0,4.0,3.18,2.0,1,12.0,1411891.0,3.0,50.0,1.8,0.0,1.0,1.0,10.0,0.0,124.0,0,372.6,2,1
250,samsung galaxy note 20,23990000,6.7,2,3,0,256.0,8.0,4300.0,0.0,2.0,4.0,2.73,2.0,1,10.0,901199.0,3.0,64.0,1.8,1.0,1.0,1.0,10.0,2.2,,1,392.8,1,0
251,xiaomi 13 pro -,24490000,6.73,2,1,1,256.0,12.0,4820.0,0.0,1.0,4.0,2.96,1.8,1,13.0,1752044.0,3.0,50.0,1.9,0.0,1.0,1.0,32.0,2.0,,0,521.4,1,0
252,masstel s7,2090000,6.745,1,5,0,128.0,4.0,5000.0,60.0,2.0,6.0,1.8,1.8,1,14.0,153667.0,1.0,13.0,2.0,0.0,0.0,0.0,5.0,2.0,,4,260.1,2,0
253,samsung galaxy s20 fe,7200000,6.5,2,1,1,256.0,8.0,4500.0,120.0,1.0,4.0,2.84,1.8,1,10.0,964589.0,3.0,12.0,1.8,0.0,1.0,1.0,32.0,2.0,,0,404.9,1,0
254,samsung galaxy s23 plus,19990000,6.6,2,1,1,256.0,8.0,4700.0,120.0,1.0,3.0,3.2,2.0,1,13.0,1752044.0,3.0,50.0,1.8,1.0,1.0,1.0,12.0,2.2,,0,390.5,3,1
255,vivo y28,6490000,6.68,1,2,0,256.0,8.0,6000.0,90.0,2.0,6.0,2.0,1.8,1,14.0,349222.0,2.0,50.0,1.8,0.0,0.0,0.0,8.0,2.05,,1,263.7,2,0
256,zte nubia z60s pro,9990000,6.78,2,1,1,256.0,12.0,5100.0,120.0,1.0,4.0,2.96,1.8,1,14.0,1752044.0,3.0,50.0,1.56,0.0,1.0,1.0,16.0,2.45,,0,382.9,2,0
257,oppo reno11 f,6990000,6.7,2,2,1,256.0,8.0,5000.0,120.0,2.0,6.0,2.6,2.0,1,14.0,802497.0,3.0,64.0,1.7,0.0,0.0,1.0,32.0,2.4,,1,394.4,1,0
258,iphone 15 pro max,31990000,6.7,2,0,1,1024.0,8.0,4422.0,120.0,2.0,4.0,2.8,1.8,0,17.0,1503813.0,3.0,48.0,1.78,0.0,1.0,1.0,12.0,1.9,,2,459.6,2,1
259,samsung galaxy s21 fe,8800000,6.4,2,3,1,128.0,8.0,4500.0,120.0,1.0,4.0,2.9,2.2,1,12.0,1042710.0,3.0,12.0,1.8,1.0,1.0,1.0,32.0,2.2,117.0,1,402.7,1,0
260,asus rog phone 6,14490000,6.78,2,1,1,256.0,12.0,6000.0,165.0,1.0,4.0,2.96,1.8,1,12.0,1411891.0,3.0,50.0,1.9,0.0,0.0,1.0,12.0,0.0,155.0,0,394.6,1,0
261,xiaomi 12t,5490000,6.67,2,2,1,128.0,8.0,5000.0,120.0,2.0,6.0,2.3,2.0,1,12.0,,3.0,108.0,0.0,0.0,0.0,0.0,20.0,0.0,115.0,7,445.8,1,0
262,sony xperia 1vi,22990000,6.5,2,1,1,256.0,12.0,5000.0,120.0,1.0,4.0,2.96,1.8,1,13.0,2341391.0,4.0,52.0,1.9,0.0,0.0,0.0,12.0,2.0,,0,409.1,0,0
263,nubia v70 max,2390000,6.9,1,5,1,128.0,4.0,6000.0,120.0,2.0,6.0,1.8,1.8,1,15.0,330006.0,1.0,50.0,0.0,0.0,0.0,0.0,8.0,0.0,,1,259.6,2,0
264,xiaomi 13t pro,0,6.67,2,2,1,512.0,12.0,5.0,144.0,2.0,6.0,2.3,2.0,1,13.0,1798756.0,3.0,50.0,0.0,0.0,1.0,1.0,20.0,2.0,131.0,1,445.8,3,1
265,xiaomi 13 lite,8290000,6.55,2,1,1,256.0,8.0,4500.0,120.0,1.0,4.0,2.96,1.8,1,12.0,829085.0,3.0,50.0,1.8,0.0,0.0,1.0,32.0,2.4,,0,401.8,1,0
266,google pixel 7 pro,0,6.7,0,6,1,128.0,8.0,5000.0,120.0,2.0,4.0,2.85,1.8,1,13.0,1158921.0,3.0,50.0,1.9,1.0,1.0,1.0,8.0,2.2,147.0,1,512.9,2,1
267,samsung galaxy a14,2990000,6.6,1,3,1,128.0,4.0,5.0,60.0,2.0,4.0,2.55,2.0,1,13.0,231906.0,3.0,50.0,0.0,0.0,0.0,0.0,13.0,0.0,67.0,1,399.9,1,0
268,samsung galaxy a52s,10990000,6.5,2,1,1,128.0,8.0,4500.0,120.0,1.0,4.0,2.4,1.9,1,11.0,780000.0,4.0,64.0,1.8,1.0,0.0,1.0,32.0,2.2,88.0,0,404.9,1,0
269,zte blade v50 design,2790000,6.6,1,5,0,128.0,8.0,5000.0,90.0,2.0,6.0,1.6,1.6,1,13.0,,3.0,50.0,1.8,0.0,0.0,0.0,8.0,2.0,,7,399.9,1,0
270,xiaomi redmi note 11 pro plus,6090000,6.67,2,2,1,256.0,8.0,4500.0,120.0,2.0,6.0,2.5,2.0,1,11.0,750481.0,3.0,108.0,1.8,0.0,0.0,1.0,16.0,2.0,,1,394.6,1,0
271,iphone 14 plus,15990000,6.7,2,0,1,128.0,6.0,4325.0,60.0,2.0,4.0,2.8,1.8,0,16.0,1413275.0,2.0,12.0,1.5,0.0,0.0,1.0,12.0,1.9,,2,456.8,2,1
272,huawei p60,0,6.66,2,1,1,128.0,8.0,4815.0,120.0,1.0,4.0,3.0,1.8,1,13.0,1411891.0,3.0,48.0,1.4,1.0,1.0,1.0,13.0,2.4,,0,409.1,1,0
273,xiaomi black shark 5,0,6.66,2,1,1,128.0,8.0,4650.0,144.0,1.0,4.0,3.2,1.8,1,12.0,1005598.0,3.0,64.0,1.8,0.0,0.0,1.0,16.0,0.0,,0,395.2,1,0
274,vivo y16,4490000,6.51,1,2,0,128.0,4.0,5.0,0.0,4.0,4.0,2.3,1.8,1,12.0,199111.0,2.0,13.0,2.2,0.0,0.0,0.0,5.0,0.0,,4,269.5,1,0
275,iphone 14 pro,24990000,6.1,2,0,1,256.0,6.0,3200.0,120.0,2.0,4.0,2.8,1.8,0,16.0,1633145.0,3.0,48.0,1.8,1.0,1.0,1.0,12.0,1.9,,2,461.4,2,1
276,xiaomi poco x4 pro,6090000,6.67,2,1,1,128.0,6.0,5000.0,120.0,2.0,6.0,2.2,1.7,1,11.0,592489.0,3.0,108.0,0.0,0.0,0.0,0.0,16.0,0.0,,0,394.6,1,0
277,samsung galaxy s24,16790000,6.2,2,3,1,256.0,8.0,4000.0,120.0,1.0,2.0,3.3,2.3,1,14.0,2037320.0,3.0,50.0,1.8,1.0,1.0,1.0,12.0,2.2,133.0,3,415.7,4,1
278,nubia a56,3390000,6.75,1,6,0,128.0,4.0,5000.0,90.0,2.0,4.0,2.8,1.8,1,15.0,419670.0,1.0,13.0,0.0,0.0,0.0,0.0,8.0,0.0,,4,259.9,2,0
279,tecno camon 30,4990000,6.78,2,2,1,256.0,12.0,5000.0,120.0,2.0,6.0,2.2,2.0,1,14.0,,2.0,50.0,1.9,1.0,0.0,1.0,50.0,0.0,,7,393.0,1,0
280,samsung galaxy z fold5,27990000,7.6,2,1,1,256.0,12.0,4.4,120.0,1.0,3.0,3.36,2.0,1,13.0,1752044.0,3.0,50.0,1.8,1.0,1.0,1.0,10.0,1.8,128.0,0,372.6,2,1
281,samsung galaxy a72,11490000,6.7,2,1,1,256.0,8.0,5000.0,90.0,2.0,6.0,2.3,1.8,1,11.0,514122.0,4.0,64.0,1.8,1.0,1.0,1.0,32.0,2.2,92.0,0,392.8,1,0
282,oppo a55 -,3490000,6.51,1,2,0,64.0,4.0,5000.0,60.0,4.0,4.0,2.3,1.8,1,11.0,200794.0,3.0,50.0,2.2,0.0,0.0,1.0,16.0,2.0,,4,269.5,1,0
283,nubia a36,2890000,6.75,1,6,0,64.0,4.0,5000.0,90.0,2.0,4.0,2.8,1.8,1,15.0,419670.0,1.0,13.0,0.0,0.0,0.0,0.0,5.0,0.0,,4,259.9,2,0
284,oppo reno 7 pro,9990000,6.5,2,2,1,256.0,12.0,4500.0,90.0,2.0,6.0,2.3,2.0,1,11.0,,3.0,50.0,0.0,0.0,0.0,1.0,32.0,2.4,,7,404.9,1,0
285,xiaomi redmi 12c,2190000,6.71,1,2,0,64.0,4.0,5.0,0.0,2.0,6.0,2.0,1.8,1,13.0,,1.0,50.0,0.0,0.0,0.0,1.0,5.0,0.0,45.0,7,268.3,1,0
286,samsung galaxy s22 plus,16990000,6.6,2,1,1,128.0,8.0,4500.0,120.0,1.0,4.0,3.0,1.79,1,12.0,1294632.0,3.0,50.0,1.8,0.0,1.0,1.0,10.0,2.2,,0,390.5,3,1
287,samsung galaxy a54,7890000,6.4,2,3,1,256.0,8.0,5000.0,120.0,4.0,4.0,2.4,2.0,1,13.0,765609.0,3.0,50.0,1.8,1.0,0.0,1.0,32.0,2.2,107.0,1,402.7,1,0
288,honor x5b,2160000,6.56,1,2,0,64.0,4.0,5200.0,0.0,4.0,4.0,2.2,1.6,1,14.0,195539.0,1.0,13.0,1.8,0.0,0.0,0.0,5.0,2.2,,4,269.1,1,0
289,samsung galaxy m14,4490000,6.6,1,3,1,128.0,4.0,6.0,90.0,2.0,6.0,2.4,2.0,1,13.0,592392.0,3.0,50.0,1.8,0.0,0.0,1.0,13.0,2.0,,1,399.9,1,0
290,iphone 13 pro,21990000,6.1,2,0,1,128.0,6.0,3.0,120.0,2.0,4.0,2.8,1.8,0,15.0,1413275.0,3.0,12.0,1.5,0.0,1.0,1.0,12.0,2.2,,2,457.3,2,1
291,xiaomi 13 ultra,0,6.73,2,1,1,256.0,12.0,5.0,120.0,1.0,3.0,3.2,2.0,1,13.0,1752044.0,4.0,50.38,1.8,1.0,1.0,1.0,32.0,2.0,140.0,0,391.1,1,0
292,realme c33,2190000,6.5,1,5,0,64.0,4.0,5.0,60.0,2.0,6.0,1.8,1.8,1,12.0,,2.0,50.0,0.0,0.0,0.0,0.0,5.0,0.0,,7,269.9,1,0
293,honor x40,0,6.66,2,1,0,128.0,6.0,5100.0,120.0,2.0,6.0,2.2,1.7,1,12.0,592489.0,2.0,50.0,1.8,0.0,0.0,1.0,8.0,2.0,,0,395.2,1,0
294,infinix note 40 pro,5790000,6.78,2,2,1,256.0,8.0,5000.0,120.0,2.0,6.0,2.2,2.0,1,13.0,,3.0,108.0,1.75,0.0,0.0,0.0,32.0,2.2,,7,393.0,1,0
295,realme 9 pro,7990000,6.6,1,1,0,128.0,8.0,5000.0,120.0,1.0,4.0,2.96,1.8,1,12.0,592489.0,3.0,64.0,1.79,0.0,0.0,1.0,16.0,0.0,,0,400.4,1,0
296,oppo reno8 t,6290000,6.4,2,2,1,256.0,8.0,5000.0,90.0,2.0,6.0,2.3,2.0,1,13.0,547830.0,3.0,100.0,0.0,0.0,0.0,0.0,32.0,0.0,,1,411.2,1,0
297,samsung galaxy s23 plus,22990000,6.6,2,1,1,512.0,8.0,4700.0,120.0,1.0,3.0,3.2,2.0,1,13.0,1752044.0,3.0,50.0,1.8,1.0,1.0,1.0,12.0,2.2,,0,390.5,3,1
298,samsung galaxy s22 -,21990000,6.1,2,1,1,128.0,8.0,3700.0,120.0,1.0,4.0,3.0,1.79,1,12.0,1294632.0,3.0,50.0,1.8,0.0,1.0,1.0,10.0,2.2,,0,422.5,3,1
299,samsung galaxy buddy2,0,6.6,1,1,1,128.0,4.0,5.0,0.0,1.0,4.0,2.96,1.8,1,12.0,525163.0,1.0,50.0,0.0,0.0,0.0,0.0,8.0,0.0,,0,269.9,0,0
300,masstel izi 16,450000,1.77,0,5,0,0.125,0.0,1000.0,0.0,2.0,6.0,1.8,1.8,1,13.0,419670.0,0.0,0.0,0.0,0.0,0.0,0.0,0.0,0.0,,4,390.5,1,0
301,redmi k60,0,6.66,2,1,1,128.0,8.0,5500.0,120.0,1.0,4.0,3.0,1.8,1,13.0,,3.0,64.0,1.8,1.0,0.0,1.0,16.0,0.0,,7,526.9,1,0
302,realme c60,2390000,6.74,1,5,0,64.0,4.0,5000.0,90.0,2.0,6.0,1.8,1.8,1,13.0,,1.0,13.0,0.0,0.0,0.0,0.0,5.0,0.0,,7,260.3,1,0
303,tecno spark 30c,2190000,6.67,0,2,1,128.0,4.0,5000.0,0.0,2.0,6.0,2.0,1.7,1,14.0,357879.0,1.0,48.0,0.0,0.0,0.0,0.0,8.0,0.0,,1,263.0,0,0
304,vivo x90 pro,0,6.78,2,2,1,256.0,8.0,4870.0,120.0,1.0,4.0,3.05,1.8,1,13.0,1755232.0,3.0,50.3,1.6,1.0,1.0,1.0,32.0,2.5,136.0,1,409.1,1,0
305,vivo y02s 3g,3290000,6.51,1,2,0,32.0,3.0,5000.0,60.0,4.0,4.0,2.3,1.8,1,12.0,199111.0,1.0,8.0,0.0,0.0,0.0,0.0,5.0,0.0,,4,269.5,1,0
306,xiaomi 14 pro,0,6.8,2,1,1,128.0,8.0,5.0,120.0,1.0,4.0,2.96,1.8,1,13.0,1411891.0,3.0,64.0,0.0,0.0,0.0,0.0,32.0,0.0,,0,409.1,0,0
307,vivo iqoo 10 pro,0,6.78,2,1,1,256.0,8.0,4700.0,120.0,1.0,4.0,3.19,1.8,1,12.0,1411891.0,3.0,50.0,1.9,0.0,1.0,1.0,16.0,2.5,,0,517.6,1,0
308,xiaomi mi 10 ultra,0,6.66,2,1,1,256.0,12.0,4500.0,0.0,1.0,4.0,2.84,1.8,1,11.0,964589.0,3.0,48.0,1.9,1.0,1.0,1.0,20.0,2.3,129.0,0,387.0,1,0
309,red magic 7s pro,0,6.8,2,1,1,256.0,12.0,5000.0,120.0,1.0,4.0,3.19,1.8,1,12.0,1411891.0,3.0,64.0,1.8,0.0,0.0,1.0,16.0,0.0,,0,387.0,1,0
310,zte blade a72,1990000,6.745,1,6,0,128.0,3.0,5130.0,90.0,2.0,6.0,1.6,1.6,1,13.0,,3.0,13.0,0.0,0.0,0.0,0.0,5.0,0.0,,7,260.1,1,0
311,samsung galaxy a21s,4690000,6.5,1,3,0,64.0,6.0,5000.0,0.0,4.0,4.0,2.0,2.0,1,10.0,231906.0,4.0,48.0,2.0,0.0,0.0,1.0,13.0,2.2,,1,269.9,1,0
312,samsung galaxy a75,0,6.4,2,1,0,128.0,6.0,6000.0,90.0,1.0,4.0,2.96,1.8,1,13.0,1118041.0,4.0,108.0,0.0,0.0,0.0,0.0,32.0,0.0,,0,411.2,0,0
313,vivo x90,0,6.78,2,2,1,128.0,8.0,4810.0,120.0,1.0,4.0,3.05,1.8,1,13.0,1755232.0,3.0,50.0,1.8,1.0,1.0,1.0,32.0,2.5,,1,409.1,1,0
314,samsung galaxy a06s,0,6.8,1,2,0,128.0,6.0,6.0,0.0,2.0,6.0,2.3,2.0,1,13.0,353817.0,3.0,13.0,0.0,0.0,0.0,0.0,5.0,0.0,,1,269.9,0,0
315,oppo reno9 pro,0,6.75,2,1,1,128.0,12.0,4.6,120.0,1.0,4.0,2.96,1.8,1,13.0,1208784.0,4.0,64.0,1.9,1.0,1.0,1.0,13.0,0.0,,0,391.0,0,0
316,vivo iqoo 10,0,6.78,2,1,1,128.0,8.0,4700.0,0.0,1.0,4.0,3.19,1.8,1,12.0,1411891.0,3.0,50.0,1.9,1.0,1.0,1.0,16.0,2.5,,0,388.2,1,0
317,oppo find n2,0,7.0,2,1,1,256.0,12.0,4520.0,120.0,1.0,4.0,3.0,2.0,1,13.0,1411891.0,3.0,50.0,1.8,0.0,1.0,1.0,32.0,2.4,135.0,0,409.1,1,0
318,samsung galaxy a24,0,6.5,2,2,1,128.0,6.0,5000.0,90.0,2.0,6.0,2.2,2.0,1,13.0,,3.0,50.0,1.8,1.0,0.0,1.0,13.0,2.0,,7,396.5,1,0
319,samsung galaxy a74,0,6.7,2,1,0,256.0,12.0,5.0,0.0,1.0,4.0,2.96,1.8,1,13.0,1005598.0,4.0,108.0,0.0,0.0,0.0,0.0,44.0,0.0,,0,409.1,1,0
320,xiaomi mix alpha,0,7.9,2,1,1,512.0,12.0,4050.0,0.0,1.0,4.0,2.96,1.8,1,10.0,859084.0,3.0,108.0,0.0,0.0,0.0,0.0,0.0,0.0,,0,409.1,1,0
321,vivo y01,0,6.51,1,6,0,32.0,2.0,5000.0,0.0,2.0,4.0,2.8,1.8,1,11.0,419670.0,1.0,8.0,0.0,0.0,0.0,0.0,5.0,0.0,,4,269.5,1,0
322,oppo a97,0,6.56,1,6,0,256.0,8.0,5000.0,90.0,2.0,4.0,2.8,1.8,1,12.0,419670.0,2.0,50.0,1.8,0.0,0.0,1.0,8.0,2.0,,4,402.9,1,0
323,vivo iqoo 9 pro,0,6.78,2,1,1,256.0,8.0,4700.0,0.0,1.0,4.0,3.0,1.8,1,12.0,1294632.0,3.0,50.0,1.8,1.0,1.0,1.0,16.0,2.5,117.0,0,517.6,1,0
324,vivo x90 pro plus,0,6.78,2,1,1,256.0,12.0,4700.0,120.0,1.0,3.0,3.2,2.0,1,13.0,1752044.0,3.0,64.0,1.6,1.0,1.0,1.0,32.0,2.5,,0,517.6,1,0
325,vivo x note,0,7.0,2,1,1,256.0,8.0,5000.0,120.0,1.0,4.0,3.0,1.8,1,12.0,1294632.0,4.0,50.0,1.6,1.0,1.0,1.0,16.0,2.5,,0,485.7,1,0
326,oppo find x6 pro,0,6.7,2,1,1,256.0,12.0,4.5,120.0,1.0,4.0,2.96,1.8,1,13.0,,4.0,50.0,0.0,0.0,0.0,0.0,32.0,0.0,153.0,7,409.1,0,0
327,tecno spark 7,0,6.5,1,2,0,32.0,2.0,6000.0,0.0,2.0,6.0,2.3,2.0,1,11.0,,2.0,16.0,1.8,0.0,0.0,0.0,8.0,2.0,,7,232.2,1,0
328,xperia 10 v,0,6.1,2,1,1,128.0,8.0,5000.0,60.0,2.0,6.0,2.2,1.7,1,13.0,592489.0,2.0,48.0,1.8,0.0,0.0,1.0,8.0,2.0,,0,449.5,1,0
329,oppo k10x,0,6.59,1,1,0,128.0,6.0,5000.0,144.0,2.0,6.0,2.2,1.7,1,12.0,592489.0,3.0,64.0,1.8,0.0,0.0,1.0,16.0,2.0,,0,401.0,1,0
330,huawei mate 50e,0,6.7,2,1,1,256.0,8.0,4460.0,90.0,1.0,4.0,2.4,1.9,1,13.0,780000.0,2.0,50.0,1.4,1.0,0.0,1.0,13.0,2.4,,0,409.1,1,0
331,xiaomi poco f4 gt,0,6.66,2,1,1,128.0,8.0,4700.0,120.0,1.0,4.0,3.0,1.8,1,12.0,1294632.0,3.0,64.0,1.9,0.0,0.0,1.0,20.0,0.0,,0,395.2,1,0
332,xiaomi 14 lite,0,6.66,2,1,0,128.0,8.0,4.6,144.0,1.0,4.0,2.96,1.8,1,13.0,1118041.0,4.0,64.0,0.0,0.0,0.0,0.0,32.0,0.0,,0,409.1,0,0
333,xiaomi mi 10t,0,6.66,1,1,1,128.0,6.0,5000.0,0.0,1.0,4.0,2.84,1.8,1,10.0,964589.0,3.0,64.0,1.9,0.0,0.0,1.0,20.0,2.2,,0,395.2,1,0
334,xiaomi civi 1s,0,6.55,2,1,1,128.0,8.0,4500.0,120.0,1.0,4.0,2.5,1.9,1,12.0,800145.0,3.0,64.0,1.8,0.0,0.0,1.0,32.0,0.0,,0,401.8,1,0
335,realme narzo 50i prime,0,6.5,1,5,0,32.0,3.0,5000.0,0.0,2.0,6.0,1.8,1.8,1,11.0,341088.0,1.0,8.0,2.0,0.0,0.0,1.0,5.0,2.2,,1,269.9,1,0
336,samsung w22,0,7.6,2,1,1,256.0,12.0,4400.0,0.0,1.0,4.0,2.84,1.8,1,11.0,1118041.0,3.0,12.0,1.8,0.0,0.0,0.0,10.0,2.2,,0,409.1,1,0
337,samsung galaxy a15,0,6.5,2,2,1,256.0,8.0,5000.0,90.0,2.0,6.0,2.2,2.0,1,14.0,513180.0,3.0,50.0,0.0,0.0,0.0,0.0,13.0,0.0,83.0,1,396.5,1,0
338,realme narzo 50,0,6.6,1,2,0,64.0,4.0,5000.0,0.0,2.0,6.0,2.05,2.0,1,11.0,493222.0,3.0,50.0,1.8,0.0,0.0,1.0,16.0,2.1,,1,400.4,1,0
339,nokia x30,0,6.67,0,1,1,64.0,4.0,5.85,0.0,1.0,4.0,2.96,1.8,1,13.0,251428.0,4.0,48.0,0.0,0.0,0.0,0.0,0.0,0.0,,0,390.5,0,0
340,honor magic 2,0,6.39,2,4,1,128.0,0.0,3500.0,0.0,2.0,4.0,2.6,1.8,1,13.0,739763.0,3.0,24.0,1.8,0.0,0.0,0.0,16.0,2.0,,1,403.3,1,0
341,huawei nova 10 se,0,6.66,2,1,1,256.0,8.0,4500.0,90.0,1.0,4.0,2.96,1.8,1,13.0,780000.0,3.0,108.0,0.0,0.0,0.0,0.0,16.0,0.0,,0,395.2,1,0
342,honor x6,0,6.5,1,2,1,128.0,4.0,5000.0,0.0,2.0,6.0,2.3,2.0,1,12.0,419670.0,3.0,50.0,1.8,0.0,0.0,1.0,5.0,2.0,,4,269.9,1,0
343,oppo reno13f -,0,6.67,0,6,0,512.0,12.0,0.0,0.0,2.0,4.0,2.8,1.8,1,13.0,419670.0,0.0,0.0,0.0,0.0,0.0,0.0,0.0,0.0,,4,390.5,0,0
344,xiaomi redmi note 10t,0,6.5,1,2,0,64.0,4.0,5000.0,90.0,2.0,6.0,2.2,2.0,1,11.0,,3.0,48.0,1.8,0.0,0.0,0.0,8.0,2.0,,7,404.9,1,0
345,realme v20,0,6.5,0,2,0,128.0,4.0,5.0,0.0,2.0,6.0,2.3,2.0,1,12.0,515647.0,1.0,13.0,0.0,0.0,0.0,0.0,5.0,0.0,,1,269.9,0,0
346,oppo k10 pro,0,6.62,2,1,1,128.0,8.0,5000.0,120.0,1.0,4.0,2.84,1.8,1,12.0,1118041.0,3.0,50.0,1.8,1.0,0.0,1.0,16.0,2.5,,0,397.6,1,0
347,xiaomi 14,0,6.36,2,1,1,256.0,12.0,4610.0,120.0,1.0,2.0,3.3,2.3,1,14.0,2341391.0,3.0,50.0,1.6,1.0,1.0,1.0,32.0,0.0,138.0,0,409.1,3,1
348,huawei nova 10,0,6.66,2,1,1,128.0,8.0,4000.0,120.0,4.0,4.0,2.4,1.8,1,13.0,780000.0,3.0,50.0,1.9,0.0,0.0,1.0,60.0,2.4,,0,395.2,1,0
349,vivo y52,0,6.58,1,2,1,128.0,4.0,5000.0,0.0,2.0,6.0,2.3,2.0,1,13.0,515647.0,3.0,48.0,1.79,0.0,0.0,0.0,8.0,2.0,,1,401.1,1,0
350,oppo find x6,0,6.7,2,1,1,256.0,12.0,4500.0,120.0,1.0,4.0,2.84,1.8,1,12.0,,4.0,50.0,1.7,1.0,1.0,1.0,32.0,2.4,150.0,7,525.9,1,0
351,tecno phantom v fold,0,6.67,2,2,1,256.0,12.0,5000.0,120.0,1.0,4.0,3.2,1.8,1,13.0,1453683.0,3.0,50.0,1.9,0.0,1.0,1.0,32.0,2.5,,1,409.1,1,0
352,xiaomi 14,0,6.36,2,1,1,256.0,8.0,4610.0,120.0,1.0,2.0,3.3,2.3,1,14.0,2341391.0,3.0,50.0,1.6,1.0,1.0,1.0,32.0,0.0,138.0,0,409.1,3,1
353,honor 80 pro,0,6.67,2,1,1,0.0,12.0,0.0,0.0,1.0,4.0,2.96,1.8,1,13.0,1294632.0,1.0,200.0,0.0,0.0,0.0,0.0,0.0,0.0,,0,409.1,0,0
354,vivo x80 pro plus,0,6.78,2,1,1,256.0,8.0,4700.0,120.0,1.0,4.0,3.0,1.7,1,12.0,1294632.0,4.0,50.0,1.3,0.0,1.0,1.0,44.0,0.0,,0,517.6,1,0
355,vivo y77,0,6.58,1,2,0,128.0,8.0,5000.0,0.0,2.0,6.0,2.4,2.0,1,12.0,,2.0,50.0,1.8,0.0,0.0,1.0,16.0,2.0,,7,401.1,1,0
356,xiaomi 13s ultra,0,6.73,2,1,0,256.0,8.0,4.8,144.0,1.0,4.0,2.96,1.8,1,13.0,,3.0,50.0,0.0,0.0,0.0,0.0,32.0,0.0,,7,521.4,0,0
357,samsung galaxy note 20 ultra,32990000,6.9,2,3,0,256.0,12.0,4500.0,0.0,2.0,4.0,2.73,2.0,1,10.0,901199.0,3.0,108.0,1.8,1.0,1.0,1.0,10.0,2.2,,1,493.8,1,0
358,samsung a36 -,0,6.67,0,6,0,256.0,8.0,0.0,0.0,2.0,4.0,2.8,1.8,1,13.0,419670.0,0.0,0.0,0.0,0.0,0.0,0.0,0.0,0.0,,4,390.5,0,0
359,lenovo legion y70,0,6.66,2,1,1,128.0,8.0,5100.0,144.0,1.0,4.0,3.19,1.8,1,12.0,1411891.0,3.0,50.0,2.4,1.0,0.0,1.0,16.0,0.0,,0,395.2,1,0
360,vivo y30,0,6.51,1,2,0,128.0,6.0,5.0,0.0,2.0,6.0,2.3,2.0,1,13.0,,2.0,50.0,1.8,0.0,0.0,0.0,8.0,2.0,,7,269.5,1,0
361,sony xperia 5 iv,0,6.1,2,1,1,128.0,8.0,5000.0,120.0,1.0,4.0,3.0,1.8,1,12.0,1294632.0,3.0,12.0,1.7,1.0,1.0,1.0,12.0,2.0,119.0,0,409.1,1,0
362,huawei nova 10 pro,0,6.78,2,1,1,128.0,8.0,4500.0,120.0,4.0,4.0,2.4,1.8,1,13.0,780000.0,3.0,50.0,1.8,0.0,0.0,1.0,60.0,2.2,,0,409.1,1,0
363,realme 9 se,0,6.6,1,1,0,128.0,6.0,5000.0,144.0,4.0,4.0,2.4,1.9,1,11.0,780000.0,3.0,48.0,1.8,0.0,0.0,1.0,16.0,2.1,,0,400.4,1,0
364,vivo iqoo z6,0,6.58,1,1,0,128.0,4.0,5000.0,0.0,2.0,6.0,2.2,1.7,1,12.0,592489.0,3.0,50.0,1.8,0.0,0.0,1.0,16.0,2.0,,0,401.1,1,0
365,oneplus nord ce2,0,6.43,2,2,1,128.0,6.0,4500.0,90.0,2.0,6.0,2.4,2.0,1,11.0,671241.0,3.0,64.0,1.8,0.0,0.0,1.0,16.0,2.4,,1,409.3,1,0
366,xiaomi redmi 11 prime,0,6.58,1,2,0,64.0,4.0,5000.0,90.0,2.0,6.0,2.3,2.0,1,12.0,515647.0,2.0,50.0,1.8,0.0,0.0,0.0,8.0,2.2,,1,401.1,1,0
367,huawei nova 9 se,0,6.78,1,1,1,128.0,8.0,4000.0,90.0,4.0,4.0,2.4,1.9,1,11.0,415362.0,4.0,108.0,1.9,0.0,0.0,1.0,16.0,2.2,,0,386.6,1,0
368,realme 9i,0,6.6,1,2,0,64.0,4.0,5000.0,90.0,2.0,6.0,2.4,2.0,1,12.0,,3.0,50.0,1.8,0.0,0.0,1.0,8.0,2.0,75.0,7,400.4,1,0
369,realme v23,0,6.58,1,2,0,128.0,4.0,5000.0,0.0,2.0,6.0,2.4,2.0,1,12.0,,2.0,48.0,1.8,0.0,0.0,0.0,8.0,2.0,,7,401.1,1,0
370,vivo y22,0,6.44,1,6,0,64.0,4.0,5.0,0.0,2.0,4.0,2.8,1.8,1,12.0,419670.0,0.0,0.0,0.0,0.0,0.0,0.0,8.0,0.0,,4,272.4,0,0
371,vivo y77e,0,6.58,1,2,0,128.0,6.0,5000.0,0.0,2.0,6.0,2.4,2.0,1,12.0,569913.0,2.0,13.0,2.2,0.0,0.0,1.0,8.0,2.0,,1,401.1,1,0
372,oppo reno9 pro plus,0,6.7,2,2,1,128.0,12.0,4500.0,120.0,2.0,6.0,2.3,2.0,1,13.0,1409448.0,3.0,50.0,1.8,0.0,1.0,1.0,32.0,2.4,,1,409.1,0,0
373,realme c55,0,6.67,0,6,0,128.0,8.0,0.0,0.0,2.0,4.0,2.8,1.8,1,13.0,419670.0,0.0,0.0,0.0,0.0,0.0,0.0,0.0,0.0,,4,390.5,0,0
374,tecno spark 9t,0,6.6,1,2,0,64.0,4.0,5000.0,0.0,4.0,4.0,2.3,1.8,1,12.0,,2.0,13.0,1.9,0.0,0.0,1.0,32.0,0.0,,7,265.8,1,0
375,oneplus nord n20 se,0,6.56,1,2,0,64.0,4.0,5000.0,90.0,4.0,4.0,2.3,1.8,1,12.0,200794.0,2.0,50.0,1.8,0.0,0.0,1.0,8.0,2.0,,4,269.1,1,0
376,vsmart bee 5,1590000,6.0,0,2,0,16.0,0.0,3000.0,0.0,2.0,6.0,2.3,2.0,1,13.0,,1.0,8.0,0.0,0.0,0.0,0.0,5.0,0.0,,7,268.3,1,0
377,huawei nova y70 plus,0,6.75,1,6,0,128.0,4.0,6000.0,0.0,2.0,4.0,2.8,1.8,1,13.0,419670.0,3.0,48.0,1.8,0.0,0.0,1.0,8.0,2.0,,4,259.9,1,0
378,redmi note 11r,0,6.58,1,2,0,128.0,4.0,5000.0,90.0,2.0,6.0,2.2,2.0,1,12.0,,2.0,13.0,2.2,0.0,0.0,1.0,5.0,2.2,,7,401.1,1,0
379,black shark 5s pro,0,6.66,2,1,1,128.0,8.0,4650.0,0.0,1.0,4.0,3.2,1.8,1,12.0,1005598.0,3.0,64.0,0.0,0.0,0.0,0.0,16.0,0.0,,0,395.2,1,0
380,tecno pova 4,0,6.9,1,2,0,128.0,6.0,7.0,0.0,2.0,6.0,2.3,2.0,1,13.0,534895.0,4.0,48.0,0.0,0.0,0.0,0.0,8.0,0.0,,1,269.9,0,0
381,tecno pova neo,0,6.8,1,2,0,128.0,4.0,6000.0,120.0,2.0,6.0,2.4,2.0,1,12.0,,1.0,50.0,0.0,0.0,0.0,1.0,8.0,0.0,,7,395.1,1,0
382,honor 80,0,6.67,0,1,1,0.0,12.0,0.0,0.0,1.0,4.0,2.96,1.8,1,13.0,1294632.0,1.0,200.0,0.0,0.0,0.0,0.0,0.0,0.0,,0,390.5,0,0
383,masstel fami 60,0,2.0,1,5,0,0.0,0.0,2000.0,0.0,2.0,6.0,1.8,1.8,1,13.0,,0.0,0.0,0.0,0.0,0.0,0.0,0.0,0.0,,7,269.9,1,0
384,oneplus nord ce 2 lite,0,6.58,1,1,1,128.0,6.0,5000.0,120.0,2.0,6.0,2.2,1.7,1,11.0,592489.0,3.0,64.0,1.8,0.0,0.0,0.0,16.0,2.5,,0,400.0,1,0
385,vivo x80 lite,0,6.5,2,1,1,128.0,8.0,4.5,0.0,1.0,4.0,2.96,1.8,1,13.0,829085.0,3.0,50.0,0.0,0.0,0.0,0.0,0.0,0.0,93.0,0,409.1,0,0
386,xiaomi redmi k50s pro,0,6.66,2,2,1,128.0,8.0,5000.0,120.0,1.0,4.0,3.05,1.8,1,12.0,,3.0,108.0,2.4,1.0,0.0,1.0,20.0,0.0,,7,526.9,1,0
387,samsung galaxy f13,0,6.6,1,3,0,64.0,4.0,4.5,0.0,4.0,4.0,2.0,2.0,1,12.0,231906.0,3.0,50.0,1.8,0.0,0.0,1.0,8.0,2.2,,1,399.9,1,0
388,huawei enjoy 50 pro,0,6.7,0,1,1,128.0,8.0,5.0,0.0,1.0,4.0,2.96,1.8,1,13.0,415362.0,2.0,50.0,1.8,0.0,0.0,0.0,8.0,0.0,,0,391.2,0,0
389,tecno camon 19,0,6.8,1,2,1,128.0,4.0,5000.0,0.0,2.0,6.0,2.0,1.8,0,12.0,349222.0,2.0,64.0,1.7,0.0,0.0,1.0,16.0,2.0,,1,395.1,1,0
390,honor x40i,0,6.7,1,2,0,128.0,8.0,4000.0,0.0,2.0,6.0,2.2,2.0,1,12.0,,2.0,50.0,1.8,0.0,0.0,1.0,8.0,2.0,,7,391.2,1,0
391,nokia t10,0,8.0,1,5,0,32.0,3.0,5250.0,0.0,2.0,6.0,1.6,1.6,1,12.0,330006.0,1.0,8.0,0.0,0.0,0.0,0.0,2.0,0.0,,1,188.7,1,0
392,zte axon 30s,0,6.9,2,1,1,128.0,8.0,4200.0,120.0,1.0,4.0,3.2,1.8,1,12.0,,4.0,64.0,1.8,0.0,0.0,1.0,16.0,2.5,,7,389.4,1,0
393,oppo reno8,0,6.4,2,2,1,128.0,8.0,4500.0,0.0,1.0,4.0,3.0,2.0,1,12.0,,3.0,50.0,1.8,0.0,0.0,1.0,32.0,2.4,112.0,7,411.2,1,0
394,oppo reno13f -,0,6.67,0,6,0,256.0,12.0,0.0,0.0,2.0,4.0,2.8,1.8,1,13.0,419670.0,0.0,0.0,0.0,0.0,0.0,0.0,0.0,0.0,,4,390.5,0,0
395,vivo x fold plus,0,8.3,2,1,0,256.0,12.0,4.73,120.0,1.0,4.0,2.96,1.8,1,13.0,1411891.0,4.0,50.0,0.0,0.0,1.0,1.0,16.0,0.0,,0,409.1,0,0
396,huawei nova 10z,0,6.6,1,6,0,128.0,0.0,4000.0,0.0,2.0,4.0,2.8,1.8,1,13.0,419670.0,3.0,64.0,1.9,0.0,0.0,1.0,16.0,2.0,,4,398.8,1,0
397,tecno pop 6 pro,0,6.6,1,2,0,32.0,2.0,5000.0,0.0,2.0,6.0,2.3,2.0,1,12.0,,1.0,8.0,2.0,0.0,0.0,0.0,5.0,0.0,,7,267.5,1,0
398,xiaomi redmi note 11se,0,6.43,2,2,0,64.0,6.0,5000.0,0.0,2.0,6.0,2.3,2.0,1,11.0,534895.0,4.0,64.0,1.9,0.0,0.0,1.0,13.0,2.0,,1,409.3,1,0
399,vivo iqoo 9t,0,6.78,2,1,1,128.0,8.0,4700.0,0.0,1.0,4.0,3.19,1.8,1,12.0,1411891.0,3.0,50.0,1.8,1.0,1.0,1.0,16.0,2.5,,0,388.2,1,0
400,redmi 11a,0,6.53,1,2,0,64.0,4.0,6.0,0.0,2.0,6.0,2.3,2.0,1,13.0,200794.0,4.0,48.0,2.2,0.0,0.0,1.0,13.0,0.0,,4,394.7,0,0
401,oppo a57e,0,6.56,1,2,0,64.0,4.0,5000.0,0.0,4.0,4.0,2.3,1.8,1,12.0,,2.0,13.0,2.2,0.0,0.0,1.0,8.0,2.0,,7,269.1,1,0
402,oppo reno13f -,0,6.67,0,6,0,128.0,8.0,0.0,0.0,2.0,4.0,2.8,1.8,1,13.0,419670.0,0.0,0.0,0.0,0.0,0.0,0.0,0.0,0.0,,4,390.5,0,0
403,oppo reno13f -,0,6.67,0,6,0,256.0,8.0,0.0,0.0,2.0,4.0,2.8,1.8,1,13.0,419670.0,0.0,0.0,0.0,0.0,0.0,0.0,0.0,0.0,,4,390.5,0,0
404,xiaomi redmi 11 pro,0,6.67,1,2,0,128.0,6.0,5000.0,90.0,2.0,6.0,2.3,2.0,1,12.0,515647.0,2.0,50.0,0.0,0.0,0.0,0.0,5.0,0.0,,1,395.7,0,0
405,xiaomi poco c50,0,6.7,1,1,0,64.0,4.0,5000.0,0.0,1.0,4.0,2.96,1.8,1,13.0,415362.0,2.0,50.0,1.8,0.0,0.0,0.0,5.0,0.0,,0,269.9,0,0
406,nubia z40s pro,0,6.66,2,1,1,128.0,8.0,5000.0,144.0,1.0,4.0,3.19,1.8,1,12.0,1411891.0,3.0,64.0,1.6,1.0,1.0,1.0,16.0,2.5,,0,395.2,1,0
407,honor 80 pro plus,0,6.67,2,1,0,0.0,12.0,0.0,0.0,1.0,4.0,2.96,1.8,1,13.0,1294632.0,1.0,200.0,0.0,0.0,0.0,0.0,0.0,0.0,,0,409.1,0,0
408,masstel izi 10,0,1.77,0,5,0,0.125,0.0,1000.0,0.0,2.0,6.0,1.8,1.8,1,13.0,419670.0,0.0,0.0,0.0,0.0,0.0,0.0,0.0,0.0,,4,115.8,1,0
409,samsung galaxy m23,0,6.6,1,6,1,128.0,4.0,5000.0,0.0,2.0,4.0,2.8,1.8,1,12.0,419670.0,3.0,50.0,0.0,0.0,0.0,0.0,8.0,2.2,,4,399.9,1,0
410,xiaomi 12 lite,0,6.55,2,1,1,128.0,6.0,4300.0,120.0,4.0,4.0,2.4,1.8,1,12.0,780000.0,3.0,108.0,1.9,0.0,0.0,1.0,32.0,2.5,109.0,0,401.8,1,0
411,huawei nova 7 se,0,6.5,1,4,0,128.0,8.0,4000.0,0.0,1.0,4.0,2.36,1.84,1,10.0,602614.0,4.0,64.0,1.8,0.0,0.0,1.0,16.0,2.0,,1,404.9,1,0
412,oppo f17,0,6.44,2,1,0,128.0,4.0,4000.0,0.0,4.0,4.0,2.0,1.8,1,10.0,320666.0,4.0,16.0,2.2,0.0,0.0,1.0,16.0,2.0,,0,408.7,1,0
413,oppo reno4 se,0,6.4,2,2,0,128.0,6.0,4300.0,0.0,4.0,4.0,2.0,2.0,1,10.0,,3.0,48.0,1.7,0.0,0.0,1.0,32.0,2.4,,7,417.6,1,0
414,vivo y32t,0,6.51,1,2,0,128.0,8.0,5.0,0.0,2.0,6.0,2.3,2.0,1,13.0,317084.0,2.0,13.0,0.0,0.0,0.0,0.0,8.0,0.0,,1,269.9,0,0
415,oppo a32,0,6.5,1,1,0,64.0,4.0,5000.0,0.0,1.0,4.0,2.96,1.8,1,10.0,251428.0,3.0,13.0,2.0,0.0,0.0,1.0,16.0,2.0,,0,269.9,1,0
416,vivo y52t,0,6.51,1,2,0,128.0,8.0,5000.0,0.0,2.0,6.0,2.2,2.0,1,12.0,,2.0,13.0,2.0,0.0,0.0,1.0,8.0,2.0,,7,269.5,1,0
417,realme gt neo 2,0,6.62,2,1,1,128.0,8.0,5000.0,120.0,1.0,4.0,3.2,1.8,1,11.0,,3.0,64.0,1.8,0.0,0.0,1.0,16.0,2.5,116.0,7,397.6,1,0
418,realme narzo 50i,0,6.67,0,6,0,64.0,4.0,5000.0,0.0,2.0,4.0,2.8,1.8,1,13.0,419670.0,0.0,0.0,0.0,0.0,0.0,0.0,8.0,0.0,,4,390.5,0,0
419,samsung galaxy m53,0,6.7,2,2,1,128.0,8.0,5000.0,0.0,2.0,6.0,2.3,2.0,1,13.0,671241.0,4.0,64.0,0.0,0.0,0.0,0.0,32.0,0.0,,1,409.1,1,0
420,realme x7 pro,0,6.55,2,2,1,256.0,8.0,4500.0,0.0,4.0,4.0,2.6,2.0,1,10.0,708890.0,4.0,64.0,1.8,0.0,0.0,1.0,32.0,2.2,,1,401.8,1,0
421,vsmart joy 2 plus,1990000,6.2,1,6,0,32.0,2.0,4500.0,0.0,2.0,4.0,2.8,1.8,1,13.0,419670.0,2.0,13.0,0.0,0.0,0.0,0.0,8.0,0.0,,4,269.9,0,0
422,vivo y75s,0,6.58,1,2,0,256.0,8.0,5000.0,0.0,2.0,6.0,2.2,2.0,1,11.0,,3.0,64.0,1.8,0.0,0.0,1.0,8.0,2.0,,7,401.1,1,0
423,xiaomi poco c40,0,6.7,1,1,1,32.0,3.0,6000.0,0.0,4.0,4.0,2.4,1.9,1,11.0,415362.0,2.0,50.0,1.8,0.0,0.0,1.0,5.0,2.0,,0,268.7,1,0
424,vivo x fold,0,8.03,2,1,1,256.0,12.0,4600.0,120.0,1.0,4.0,3.0,1.8,1,12.0,1294632.0,4.0,50.0,1.8,1.0,1.0,1.0,16.0,2.5,132.0,0,359.6,1,0
425,realme gt 2,0,6.62,2,1,1,256.0,12.0,5.0,0.0,1.0,4.0,2.96,1.8,1,13.0,1118041.0,3.0,50.0,0.0,0.0,0.0,0.0,16.0,0.0,,0,409.1,1,0
426,xiaomi 12 ultra,0,6.9,2,1,1,128.0,8.0,5000.0,0.0,1.0,4.0,2.96,1.8,1,11.0,,4.0,50.0,0.0,0.0,0.0,0.0,32.0,0.0,,7,425.7,1,0
427,huawei p30,17990000,6.1,2,4,1,128.0,8.0,3650.0,0.0,1.0,4.0,2.62,1.84,1,13.0,739763.0,3.0,40.0,0.0,0.0,0.0,0.0,32.0,0.0,,1,422.5,1,0
428,oppo f11 pro,8490000,6.67,0,6,0,0.0,0.0,0.0,0.0,2.0,4.0,2.8,1.8,1,13.0,419670.0,0.0,0.0,0.0,0.0,0.0,0.0,0.0,0.0,,4,390.5,0,0
429,xiaomi civi,0,6.67,0,1,0,128.0,4.0,4500.0,0.0,1.0,4.0,2.96,1.8,1,11.0,780000.0,0.0,0.0,0.0,0.0,0.0,0.0,0.0,0.0,,0,390.5,0,0
430,huawei p30 lite,7490000,6.15,1,4,1,128.0,6.0,4300.0,0.0,1.0,4.0,2.62,1.84,1,13.0,336905.0,3.0,24.0,0.0,0.0,0.0,0.0,32.0,0.0,,1,414.9,1,0
431,realme x3 pro,0,6.6,1,1,0,256.0,12.0,4200.0,0.0,1.0,4.0,2.96,1.78,1,10.0,859084.0,4.0,64.0,1.8,1.0,1.0,1.0,32.0,2.2,,0,398.8,1,0
432,vivo iqoo z6x,0,6.58,1,2,0,128.0,6.0,6000.0,0.0,2.0,6.0,2.4,2.0,1,11.0,,2.0,50.0,1.8,0.0,0.0,1.0,8.0,2.0,,7,401.1,1,0
433,xiaomi redmi 9 activ,0,6.53,0,2,0,64.0,4.0,5000.0,0.0,2.0,6.0,2.3,2.0,1,11.0,200794.0,2.0,13.0,2.2,0.0,0.0,0.0,5.0,2.2,,4,268.7,1,0
434,vsmart joy 2 plus,1990000,6.2,1,6,0,32.0,2.0,4500.0,0.0,2.0,4.0,2.8,1.8,1,13.0,419670.0,2.0,13.0,0.0,0.0,0.0,0.0,8.0,0.0,,4,269.9,0,0
435,vivo s15,0,6.62,2,1,1,128.0,8.0,4500.0,120.0,1.0,4.0,3.2,1.8,1,12.0,,3.0,64.0,1.9,0.0,0.0,1.0,32.0,2.0,,7,397.6,1,0
436,vivo y73t,0,6.58,1,2,0,128.0,8.0,6000.0,0.0,2.0,6.0,2.2,2.0,1,11.0,,2.0,50.0,1.8,0.0,0.0,1.0,8.0,2.0,,7,401.1,1,0
437,realme note 9 prime,0,6.67,0,6,0,64.0,4.0,0.0,0.0,2.0,4.0,2.8,1.8,1,11.0,419670.0,0.0,0.0,0.0,0.0,0.0,0.0,0.0,0.0,,4,390.5,0,0
438,samsung galaxy a50s,6990000,6.4,2,3,0,64.0,4.0,4000.0,0.0,4.0,4.0,2.3,1.7,1,13.0,,3.0,48.0,0.0,0.0,0.0,0.0,32.0,0.0,,7,402.7,1,0
439,oppo a77,0,6.56,1,2,1,128.0,6.0,5000.0,90.0,2.0,6.0,2.4,2.0,1,12.0,569913.0,2.0,48.0,1.7,0.0,0.0,0.0,8.0,2.0,53.0,1,269.1,1,0
440,vsmart joy 3,2090000,6.5,1,1,0,32.0,2.0,5000.0,0.0,1.0,4.0,2.96,1.8,1,9.0,243691.0,3.0,13.0,0.0,0.0,0.0,0.0,8.0,0.0,,0,269.9,1,0
441,oppo a92,5740000,6.5,1,1,0,128.0,8.0,5000.0,0.0,4.0,4.0,2.0,1.8,1,10.0,323556.0,4.0,48.0,1.7,0.0,0.0,1.0,16.0,2.0,,0,404.9,1,0
442,realme v13,0,6.52,1,2,0,64.0,6.0,4310.0,0.0,2.0,6.0,2.3,2.0,1,10.0,,1.0,16.0,0.0,0.0,0.0,0.0,64.0,0.0,,7,403.7,1,0
443,bphone b40,0,6.67,0,6,0,64.0,4.0,0.0,0.0,2.0,4.0,2.8,1.8,1,13.0,419670.0,0.0,0.0,0.0,0.0,0.0,0.0,0.0,0.0,,4,390.5,1,0
444,oppo f17 pro,0,6.4,2,2,0,128.0,8.0,4015.0,0.0,2.0,6.0,2.2,2.0,1,10.0,380202.0,4.0,48.0,1.8,0.0,0.0,1.0,16.0,2.4,,4,411.2,1,0
445,xiaomi redmi 13x,0,6.79,1,2,0,128.0,6.0,5030.0,90.0,2.0,6.0,2.0,1.8,1,14.0,,2.0,108.0,0.0,0.0,0.0,0.0,13.0,0.0,,7,395.7,2,0
446,realme x7 pro,0,6.55,2,2,1,256.0,8.0,4500.0,0.0,4.0,4.0,2.6,2.0,1,10.0,708890.0,4.0,64.0,1.8,0.0,0.0,1.0,32.0,2.2,,1,401.8,1,0
447,nokia x21,0,6.7,2,1,0,128.0,6.0,5.0,120.0,1.0,4.0,2.96,1.8,1,13.0,592489.0,2.0,64.0,0.0,0.0,0.0,1.0,16.0,0.0,,0,328.8,0,0
448,vivo y75s,0,6.58,1,2,0,256.0,8.0,5000.0,0.0,2.0,6.0,2.2,2.0,1,11.0,,3.0,64.0,1.8,0.0,0.0,1.0,8.0,2.0,,7,401.1,1,0
449,xiaomi 12 ultra,0,6.9,2,1,1,128.0,8.0,5000.0,0.0,1.0,4.0,2.96,1.8,1,11.0,,4.0,50.0,0.0,0.0,0.0,0.0,32.0,0.0,,7,425.7,1,0
450,redmi note 11 se,0,6.43,1,2,1,64.0,6.0,5000.0,90.0,2.0,6.0,2.2,2.0,1,11.0,534895.0,4.0,64.0,1.9,0.0,0.0,1.0,13.0,2.45,,1,409.3,1,0
451,realme v3,0,6.5,1,2,0,64.0,6.0,5000.0,0.0,2.0,6.0,2.0,2.0,1,10.0,452426.0,3.0,13.0,2.0,0.0,0.0,1.0,8.0,2.0,,1,269.9,1,0
452,oppo f19s,0,6.43,2,1,0,128.0,6.0,5000.0,0.0,4.0,4.0,2.0,1.8,1,11.0,320666.0,3.0,48.0,1.7,0.0,0.0,1.0,16.0,2.4,,0,409.3,1,0
453,xiaomi 12s ultra,0,6.73,2,1,1,256.0,8.0,4860.0,0.0,1.0,4.0,3.19,1.8,1,12.0,1411891.0,3.0,50.3,1.9,1.0,1.0,1.0,32.0,2.5,136.0,0,521.4,1,0
454,realme v13,0,6.52,1,2,0,64.0,6.0,4310.0,0.0,2.0,6.0,2.3,2.0,1,10.0,,1.0,16.0,0.0,0.0,0.0,0.0,64.0,0.0,,7,403.7,1,0
455,samsung galaxy m51,0,6.66,1,1,0,128.0,6.0,7000.0,0.0,2.0,6.0,2.2,1.8,1,10.0,494401.0,3.0,64.0,2.0,0.0,0.0,1.0,32.0,2.0,136.0,0,387.0,1,0
456,oppo k9x,0,6.5,1,2,0,128.0,6.0,5000.0,90.0,2.0,6.0,2.3,2.0,1,11.0,569913.0,3.0,64.0,1.8,0.0,0.0,1.0,16.0,2.4,,1,404.9,1,0
457,xiaomi 11i hypercharge,0,6.66,2,2,0,128.0,6.0,4500.0,120.0,2.0,6.0,2.5,2.0,1,11.0,750481.0,3.0,108.0,1.9,0.0,1.0,1.0,16.0,0.0,,1,395.2,1,0
458,vivo y21t,0,5.5,0,6,0,128.0,6.0,5.0,0.0,2.0,4.0,2.8,1.8,1,11.0,419670.0,3.0,50.0,0.0,0.0,0.0,0.0,0.0,0.0,,4,390.5,0,0
459,vivo x200 ultra,0,6.82,2,1,0,256.0,12.0,6.0,120.0,1.0,4.0,2.96,1.8,1,15.0,3336910.0,3.0,200.0,1.7,0.0,1.0,1.0,50.0,0.0,167.0,0,510.3,0,0
460,samsung galaxy s 2019,20990000,6.1,0,3,0,128.0,0.0,3.5,0.0,2.0,4.0,2.55,2.0,1,13.0,419670.0,3.0,0.0,0.0,0.0,0.0,0.0,0.0,0.0,,4,390.5,0,0
461,huawei p30,17990000,6.1,2,4,1,128.0,8.0,3650.0,0.0,1.0,4.0,2.62,1.84,1,13.0,739763.0,3.0,40.0,0.0,0.0,0.0,0.0,32.0,0.0,,1,422.5,1,0
462,vsmart joy 3,2090000,6.5,1,1,0,32.0,2.0,5000.0,0.0,1.0,4.0,2.96,1.8,1,9.0,243691.0,3.0,13.0,0.0,0.0,0.0,0.0,8.0,0.0,,0,269.9,1,0
463,xiaomi redmi 13x,0,6.79,1,2,0,128.0,6.0,5030.0,90.0,2.0,6.0,2.0,1.8,1,14.0,,2.0,108.0,0.0,0.0,0.0,0.0,13.0,0.0,,7,395.7,2,0
464,vivo x70t pro,0,6.44,2,2,0,128.0,8.0,5.0,120.0,2.0,6.0,2.3,2.0,1,11.0,980006.0,0.0,0.0,0.0,0.0,0.0,0.0,32.0,0.0,,1,408.7,1,0
465,vivo iqoo z6x,0,6.58,1,2,0,128.0,6.0,6000.0,0.0,2.0,6.0,2.4,2.0,1,11.0,,2.0,50.0,1.8,0.0,0.0,1.0,8.0,2.0,,7,401.1,1,0
466,xiaomi mi 10t lite,0,6.66,1,1,1,128.0,6.0,4820.0,0.0,2.0,6.0,2.2,1.8,1,10.0,,4.0,64.0,1.9,0.0,0.0,1.0,16.0,2.5,,7,401.3,1,0
467,oppo f17 pro,0,6.4,2,2,0,128.0,8.0,4015.0,0.0,2.0,6.0,2.2,2.0,1,10.0,380202.0,4.0,48.0,1.8,0.0,0.0,1.0,16.0,2.4,,4,411.2,1,0
468,vivo s15,0,6.62,2,1,1,128.0,8.0,4500.0,120.0,1.0,4.0,3.2,1.8,1,12.0,,3.0,64.0,1.9,0.0,0.0,1.0,32.0,2.0,,7,397.6,1,0
469,tecno pop 6 go,0,6.0,1,6,0,32.0,2.0,4000.0,0.0,2.0,4.0,2.8,1.8,1,12.0,419670.0,1.0,5.0,0.0,0.0,0.0,0.0,5.0,0.0,,4,178.9,0,0
470,tecno spark 8p,0,6.6,1,6,0,64.0,4.0,5000.0,0.0,2.0,4.0,2.8,1.8,0,11.0,,3.0,50.0,0.0,0.0,0.0,0.0,8.0,0.0,,7,399.9,1,0
471,tecno pova neo 2,0,6.82,1,2,1,64.0,4.0,7000.0,90.0,2.0,6.0,2.0,1.8,1,12.0,349222.0,1.0,16.0,0.0,0.0,0.0,1.0,8.0,0.0,,1,262.6,1,0
472,tecno camon 19 pro,0,6.8,1,2,1,128.0,8.0,5000.0,0.0,2.0,6.0,2.05,2.0,1,12.0,,3.0,64.0,1.6,1.0,1.0,1.0,32.0,2.4,,7,395.1,1,0
473,nubia red magic 7s,0,6.8,2,1,1,128.0,8.0,4500.0,0.0,1.0,4.0,3.19,1.8,1,12.0,1411891.0,3.0,64.0,1.8,0.0,0.0,1.0,8.0,2.0,,0,387.0,1,0
474,masstel izi 230,0,2.4,1,6,0,0.0,0.0,1700.0,0.0,2.0,4.0,2.8,1.8,1,13.0,419670.0,0.0,0.0,0.0,0.0,0.0,0.0,0.0,0.0,,4,166.7,0,0
475,oneplus 11 pro,0,6.55,2,1,1,128.0,8.0,5.0,144.0,1.0,4.0,2.96,1.8,1,12.0,1752044.0,1.0,32.0,0.0,0.0,0.0,0.0,0.0,0.0,,0,409.1,0,0
476,oneplus 10,0,6.67,0,6,1,0.0,0.0,0.0,0.0,2.0,4.0,2.8,1.8,1,13.0,419670.0,0.0,0.0,0.0,0.0,0.0,0.0,0.0,0.0,,4,390.5,0,0
477,oneplus ace,0,6.7,2,2,1,128.0,8.0,4500.0,120.0,4.0,4.0,2.85,2.0,1,12.0,,3.0,50.0,1.9,0.0,0.0,1.0,16.0,2.4,,7,394.4,1,0
478,oneplus nord 2 ce,0,6.43,2,2,0,128.0,8.0,4500.0,90.0,2.0,6.0,2.4,2.0,1,12.0,,3.0,64.0,1.8,0.0,0.0,1.0,16.0,2.4,,7,409.3,1,0
479,nothing phone 3,0,6.77,2,1,1,256.0,8.0,5000.0,120.0,1.0,4.0,2.96,1.8,1,15.0,,3.0,50.0,1.88,0.0,1.0,1.0,50.0,2.2,,7,387.7,2,0
480,oppo reno5 lite,0,6.43,2,2,1,128.0,8.0,4310.0,0.0,2.0,6.0,2.3,2.0,1,11.0,,4.0,48.0,0.0,0.0,0.0,0.0,32.0,0.0,,7,409.3,1,0
481,oppo reno13f - -,0,6.67,2,2,1,128.0,8.0,5800.0,120.0,2.0,6.0,2.3,2.0,1,15.0,570469.0,3.0,50.0,1.8,0.0,0.0,1.0,32.0,2.4,,1,394.6,2,0
482,oppo reno13f -,0,6.67,0,6,0,512.0,12.0,0.0,0.0,2.0,4.0,2.8,1.8,1,13.0,419670.0,0.0,0.0,0.0,0.0,0.0,0.0,0.0,0.0,,4,390.5,0,0
483,samsung galaxy a13,0,6.6,1,3,0,128.0,6.0,5000.0,60.0,2.0,4.0,2.55,2.0,1,12.0,231906.0,4.0,50.0,0.0,0.0,0.0,0.0,8.0,0.0,125.0,1,265.8,1,0
484,huawei y6s 2019,0,6.1,0,6,1,32.0,0.0,0.0,0.0,2.0,4.0,2.8,1.8,1,9.0,419670.0,0.0,0.0,0.0,0.0,0.0,0.0,0.0,0.0,,4,390.5,0,0
485,samsung galaxy a23,0,6.6,1,1,0,128.0,6.0,5.0,90.0,1.0,4.0,2.96,1.8,1,11.0,415362.0,4.0,50.0,0.0,0.0,0.0,0.0,8.0,0.0,70.0,0,269.9,0,0
486,huawei nova 9 se,0,6.78,1,1,1,128.0,8.0,4000.0,90.0,4.0,4.0,2.4,1.9,1,11.0,415362.0,4.0,108.0,1.9,0.0,0.0,1.0,16.0,2.2,,0,386.6,1,0
487,samsung galaxy m21s,0,6.4,2,3,0,128.0,6.0,6000.0,0.0,4.0,4.0,2.3,1.7,1,10.0,355351.0,3.0,64.0,2.2,0.0,0.0,1.0,32.0,0.0,,1,402.7,1,0
488,nokia 7 2,6190000,6.3,1,1,1,64.0,4.0,3500.0,0.0,4.0,4.0,2.2,1.8,1,9.0,347995.0,3.0,48.0,0.0,0.0,0.0,0.0,20.0,0.0,,0,409.1,1,0
489,huawei p50 pro,0,6.3,2,6,1,256.0,8.0,0.0,0.0,2.0,4.0,2.8,1.8,1,10.0,419670.0,0.0,0.0,0.0,0.0,0.0,0.0,0.0,0.0,143.0,4,409.1,1,0
490,redmi note 11 prime,0,6.58,1,2,1,64.0,4.0,5000.0,90.0,2.0,6.0,2.2,2.0,1,12.0,,2.0,50.0,1.8,0.0,0.0,1.0,8.0,2.2,,7,400.0,1,0
491,redmi k50i,0,6.6,1,2,1,128.0,6.0,4400.0,0.0,4.0,4.0,2.85,2.0,1,12.0,,3.0,64.0,0.0,0.0,0.0,1.0,16.0,0.0,,7,407.1,1,0
492,xiaomi redmi note 9 pro,5750000,6.66,1,1,1,64.0,6.0,5020.0,0.0,2.0,6.0,2.3,1.8,1,10.0,514122.0,4.0,64.0,1.9,0.0,0.0,1.0,16.0,2.5,,0,395.2,1,0
493,vsmart live,3790000,6.2,2,1,0,64.0,6.0,4000.0,0.0,2.0,6.0,2.0,1.8,1,9.0,,3.0,48.0,0.0,0.0,0.0,0.0,20.0,0.0,,7,399.9,1,0
494,samsung galaxy a70,9290000,6.7,2,1,0,128.0,6.0,4.0,0.0,1.0,4.0,2.96,1.8,1,9.0,412926.0,3.0,32.0,1.7,0.0,0.0,0.0,32.0,0.0,,0,384.7,1,0
495,redmi a1,0,6.52,1,2,0,32.0,4.0,5000.0,60.0,2.0,6.0,2.3,2.0,1,12.0,,1.0,8.0,0.0,0.0,0.0,0.0,5.0,2.4,,7,269.1,1,0
496,xiaomi redmi k50 ultra,0,6.66,2,1,1,128.0,8.0,5000.0,120.0,1.0,4.0,3.19,1.8,1,12.0,1411891.0,3.0,50.0,1.9,0.0,0.0,1.0,20.0,2.4,,0,395.2,1,0
497,vivo x60 pro,0,6.56,2,1,1,128.0,8.0,4200.0,120.0,1.0,4.0,2.84,1.8,1,11.0,1118041.0,4.0,50.0,0.0,0.0,0.0,0.0,32.0,0.0,116.0,0,296.8,0,0
498,vivo x60 pro,0,6.56,2,1,1,128.0,8.0,4200.0,120.0,1.0,4.0,2.84,1.8,1,11.0,1118041.0,4.0,50.0,0.0,0.0,0.0,0.0,32.0,0.0,108.0,0,296.8,0,0
499,xiaomi mi 11x,0,6.66,2,1,0,128.0,6.0,4520.0,120.0,1.0,4.0,3.2,1.8,1,11.0,1005598.0,3.0,48.0,1.8,0.0,0.0,1.0,20.0,2.5,,0,395.2,1,0
500,iphone 15 pro max,0,6.7,2,6,1,1024.0,0.0,0.0,0.0,2.0,4.0,2.8,1.8,1,13.0,1503813.0,3.0,48.0,1.78,0.0,1.0,1.0,0.0,0.0,,2,459.6,0,0
501,vivo s15e,0,6.4,2,3,1,128.0,8.0,4700.0,90.0,1.0,4.0,2.8,2.0,1,12.0,,3.0,50.0,1.8,0.0,0.0,1.0,50.0,2.0,,7,411.2,1,0
502,xiaomi redmi note 11t,0,6.6,1,2,0,64.0,6.0,5000.0,90.0,2.0,6.0,2.4,2.0,1,11.0,569913.0,2.0,50.0,1.8,0.0,0.0,1.0,16.0,2.45,,1,398.8,1,0
503,samsung galaxy m42,0,6.4,1,1,1,128.0,6.0,6000.0,0.0,1.0,4.0,2.96,1.8,1,10.0,494401.0,3.0,64.0,0.0,0.0,0.0,0.0,32.0,0.0,,0,269.9,1,0
504,vivo t2x,0,6.58,1,2,1,128.0,6.0,6000.0,144.0,1.0,4.0,3.0,2.0,1,12.0,954090.0,2.0,50.0,1.8,0.0,0.0,1.0,16.0,2.0,,1,401.1,1,0
505,rog phone 6 pro,0,6.78,2,1,0,128.0,8.0,6.0,165.0,1.0,4.0,2.96,1.8,1,12.0,1411891.0,1.0,64.0,0.0,0.0,0.0,0.0,0.0,0.0,,0,409.1,0,0
506,samsung galaxy xcover6 pro,0,6.6,1,1,1,128.0,6.0,4050.0,0.0,4.0,4.0,2.4,1.8,1,12.0,780000.0,2.0,50.0,1.8,0.0,0.0,1.0,13.0,2.0,,0,399.9,0,0
507,nokia g400,0,6.67,0,1,1,128.0,4.0,0.0,120.0,1.0,4.0,2.96,1.8,1,13.0,456551.0,1.0,48.0,0.0,0.0,0.0,0.0,0.0,0.0,,0,390.5,0,0
508,xiaomi redmi 11,0,6.58,1,2,1,64.0,4.0,5.0,90.0,2.0,6.0,2.2,2.0,1,11.0,,2.0,50.0,1.8,0.0,0.0,1.0,5.0,2.0,,7,401.1,1,0
509,realme narzo 9i,0,6.6,0,1,1,64.0,4.0,5.0,90.0,1.0,4.0,2.96,1.8,1,13.0,415362.0,3.0,50.0,0.0,0.0,0.0,0.0,0.0,0.0,,0,390.5,1,0
510,vivo y21e,0,6.51,1,1,0,64.0,3.0,5000.0,0.0,1.0,4.0,2.96,1.8,1,13.0,415362.0,2.0,13.0,2.2,0.0,0.0,0.0,8.0,1.8,,0,269.5,1,0
511,oppo a52,4990000,6.5,1,1,0,128.0,6.0,5000.0,0.0,4.0,4.0,2.0,1.8,1,10.0,323556.0,4.0,12.0,1.7,0.0,0.0,1.0,16.0,2.0,,0,411.2,1,0
512,xiaomi civi 2,0,6.67,2,1,0,128.0,8.0,4500.0,0.0,1.0,4.0,2.96,1.8,1,12.0,800145.0,3.0,64.0,0.0,0.0,0.0,0.0,32.0,0.0,,0,409.1,0,0
513,oppo k9s,0,6.59,1,1,0,128.0,4.0,5000.0,0.0,4.0,4.0,2.4,1.9,1,11.0,780000.0,3.0,64.0,1.8,0.0,0.0,1.0,16.0,2.4,,0,269.9,1,0
514,xiaomi 14,0,6.36,2,1,1,512.0,12.0,4610.0,120.0,1.0,2.0,3.3,2.3,1,14.0,2341391.0,3.0,50.0,1.6,1.0,1.0,1.0,32.0,0.0,138.0,0,409.1,3,1
515,asus zenfone max pro m2,5290000,6.3,1,1,0,32.0,0.0,5000.0,0.0,4.0,4.0,2.2,1.8,1,8.1,,2.0,12.0,1.8,0.0,0.0,0.0,13.0,2.0,,7,400.5,1,0
516,samsung galaxy s8,15990000,5.8,2,3,0,64.0,0.0,3000.0,0.0,4.0,4.0,2.3,1.7,1,13.0,,1.0,12.0,1.7,1.0,0.0,0.0,8.0,1.7,94.0,7,567.5,1,0
517,oppo find x8 mini,0,6.3,2,2,0,256.0,12.0,5.0,120.0,2.0,6.0,2.3,2.0,1,13.0,2825187.0,3.0,50.0,1.8,0.0,1.0,1.0,0.0,0.0,,1,409.1,0,0
518,oppo a31,4190000,6.5,1,2,0,128.0,4.0,4230.0,0.0,4.0,4.0,2.3,1.8,1,9.0,199111.0,3.0,12.0,0.0,0.0,0.0,0.0,8.0,0.0,,4,269.9,1,0
519,xiaomi redmi 10 prime,0,6.5,0,2,0,128.0,6.0,5000.0,0.0,2.0,6.0,2.3,2.0,1,13.0,353817.0,3.0,50.0,0.0,0.0,0.0,0.0,8.0,0.0,,1,390.5,0,0
520,vivo y74s,0,6.58,1,2,0,256.0,8.0,4100.0,0.0,2.0,6.0,2.4,2.0,1,11.0,569913.0,2.0,50.0,1.8,0.0,0.0,1.0,8.0,2.0,,1,401.1,1,0
521,realme c30,0,6.5,1,5,0,32.0,2.0,5.0,0.0,2.0,6.0,1.8,1.8,1,11.0,341088.0,1.0,8.0,2.0,0.0,0.0,0.0,5.0,2.2,,1,269.9,1,0
522,huawei enjoy 20,0,6.5,1,4,0,128.0,8.0,4000.0,0.0,1.0,4.0,2.36,1.84,1,10.0,602614.0,4.0,64.0,1.8,0.0,0.0,1.0,16.0,2.0,,1,404.9,1,0
523,huawei enjoy 20 pro,0,6.5,1,2,0,128.0,8.0,4000.0,0.0,4.0,4.0,2.0,2.0,1,10.0,,3.0,48.0,1.8,0.0,0.0,1.0,16.0,2.0,,7,404.9,1,0
524,huawei mate x2,0,8.0,2,4,1,256.0,8.0,4500.0,90.0,1.0,4.0,3.13,2.05,1,10.0,1079281.0,4.0,50.0,1.9,1.0,1.0,1.0,16.0,2.2,,1,409.1,1,0
525,apple iphone 5s,0,4.0,0,0,0,16.0,0.0,1560.0,0.0,2.0,4.0,2.8,1.8,1,11.0,419670.0,1.0,8.0,2.2,0.0,0.0,0.0,1.2,2.4,,4,326.0,1,0
526,xiaomi 12x,0,6.28,2,1,1,128.0,8.0,4500.0,120.0,1.0,4.0,3.2,1.8,1,12.0,1005598.0,3.0,50.0,1.9,1.0,1.0,1.0,32.0,0.0,,0,419.1,1,0
527,oppo a52,4990000,6.5,1,1,0,128.0,6.0,5000.0,0.0,4.0,4.0,2.0,1.8,1,10.0,323556.0,4.0,12.0,1.7,0.0,0.0,1.0,16.0,2.0,,0,411.2,1,0
528,huawei mate x2,0,8.0,2,4,1,256.0,8.0,4500.0,90.0,1.0,4.0,3.13,2.05,1,10.0,1079281.0,4.0,50.0,1.9,1.0,1.0,1.0,16.0,2.2,,1,409.1,1,0
529,redmi k50i,0,6.6,1,2,1,128.0,6.0,4400.0,0.0,4.0,4.0,2.85,2.0,1,12.0,,3.0,64.0,0.0,0.0,0.0,1.0,16.0,0.0,,7,407.1,1,0
530,xiaomi 12x,0,6.28,2,1,1,128.0,8.0,4500.0,120.0,1.0,4.0,3.2,1.8,1,12.0,1005598.0,3.0,50.0,1.9,1.0,1.0,1.0,32.0,0.0,,0,419.1,1,0
531,xiaomi civi 2,0,6.67,2,1,0,128.0,8.0,4500.0,0.0,1.0,4.0,2.96,1.8,1,12.0,800145.0,3.0,64.0,0.0,0.0,0.0,0.0,32.0,0.0,,0,409.1,0,0
532,vivo y74s,0,6.58,1,2,0,256.0,8.0,4100.0,0.0,2.0,6.0,2.4,2.0,1,11.0,569913.0,2.0,50.0,1.8,0.0,0.0,1.0,8.0,2.0,,1,401.1,1,0
533,xiaomi mi 11x,0,6.66,2,1,0,128.0,6.0,4520.0,120.0,1.0,4.0,3.2,1.8,1,11.0,1005598.0,3.0,48.0,1.8,0.0,0.0,1.0,20.0,2.5,,0,395.2,1,0
534,nubia red magic 7 pro,0,6.8,2,1,1,256.0,16.0,5000.0,0.0,1.0,4.0,3.0,1.8,1,12.0,1294632.0,3.0,64.0,1.8,0.0,0.0,1.0,16.0,2.0,,0,387.0,1,0
535,tecno spark 9,0,6.6,1,2,0,64.0,3.0,5000.0,0.0,4.0,4.0,2.3,1.8,0,12.0,,1.0,13.0,1.9,0.0,0.0,1.0,8.0,0.0,,7,265.8,1,0
536,tecno pop 5 pro,0,6.52,1,2,0,32.0,3.0,6000.0,0.0,2.0,6.0,2.3,2.0,1,11.0,,1.0,8.0,0.0,0.0,0.0,0.0,5.0,2.0,,7,269.1,1,0
537,honor x8,0,6.7,1,1,1,128.0,6.0,4000.0,0.0,4.0,4.0,2.4,1.9,1,11.0,415362.0,4.0,64.0,1.8,0.0,0.0,1.0,16.0,2.5,52.0,0,391.2,1,0
538,oneplus 10r,0,6.67,0,6,1,0.0,0.0,0.0,0.0,2.0,4.0,2.8,1.8,1,13.0,419670.0,0.0,0.0,0.0,0.0,0.0,0.0,0.0,0.0,,4,390.5,0,0
539,oneplus 10 ultra,0,6.67,0,6,0,0.0,0.0,0.0,0.0,2.0,4.0,2.8,1.8,1,13.0,419670.0,0.0,0.0,0.0,0.0,0.0,0.0,0.0,0.0,,4,390.5,0,0
540,infinix smart 9,0,6.7,1,2,0,64.0,3.0,5000.0,120.0,2.0,6.0,2.0,1.7,1,14.0,357879.0,1.0,13.0,1.9,0.0,0.0,0.0,8.0,2.0,,1,261.9,2,0
541,masstel izi 20,0,1.77,1,5,0,0.125,0.0,1700.0,0.0,2.0,6.0,1.8,1.8,1,13.0,419670.0,0.0,0.0,0.0,0.0,0.0,0.0,0.0,0.0,,4,115.8,1,0
542,masstel izi 55,0,2.4,1,5,0,0.0,0.0,1800.0,0.0,2.0,6.0,1.8,1.8,1,13.0,,0.0,0.0,0.0,0.0,0.0,0.0,0.0,0.0,,7,166.7,1,0
543,oneplus nord 2t,0,6.43,2,2,1,0.0,0.0,4.5,0.0,2.0,6.0,2.3,2.0,1,12.0,954090.0,3.0,50.0,0.0,0.0,0.0,0.0,0.0,0.0,114.0,1,409.1,0,0
544,oneplus ace pro,0,6.7,2,1,1,0.0,8.0,4.8,0.0,1.0,4.0,2.96,1.8,1,13.0,1411891.0,3.0,50.0,0.0,0.0,0.0,1.0,32.0,0.0,,0,409.1,0,0
545,xiaomi 17 ultra,31470000,6.9,2,1,1,512.0,16.0,6000.0,0.0,1.0,4.0,2.96,1.8,1,16.0,3932243.0,2.0,200.0,0.0,0.0,0.0,1.0,50.0,0.0,166.0,0,409.1,2,0
546,iphone 16 pro max,30990000,6.9,2,0,1,256.0,8.0,0.0,120.0,2.0,4.0,2.8,1.8,0,18.0,1808835.0,3.0,48.0,1.6,0.0,1.0,1.0,12.0,1.9,,2,457.6,2,0
547,iphone 16 pro max,42990000,6.9,2,0,1,1024.0,0.0,0.0,120.0,2.0,4.0,2.8,1.8,0,18.0,1808835.0,3.0,48.0,1.6,0.0,1.0,1.0,12.0,1.9,,2,457.6,2,0
548,xiaomi 15t pro,15990000,6.83,2,2,0,512.0,12.0,5500.0,0.0,2.0,6.0,2.3,2.0,1,13.0,2874956.0,3.0,50.0,1.62,1.0,1.0,1.0,32.0,2.2,149.0,1,409.1,0,0
549,nubia z70 ultra,16990000,6.85,2,1,1,256.0,12.0,6150.0,144.0,1.0,4.0,2.96,1.8,1,15.0,3336910.0,3.0,64.0,0.0,0.0,0.0,0.0,16.0,0.0,,0,409.1,2,0
550,samsung galaxy s24 ultra,25290000,6.8,2,1,1,256.0,12.0,5.0,120.0,1.0,4.0,2.96,1.8,1,14.0,2341391.0,4.0,200.0,2.2,1.0,1.0,1.0,12.0,2.2,144.0,0,505.3,4,1
551,oppo find x9,21990000,6.59,2,2,1,256.0,12.0,7025.0,120.0,2.0,6.0,2.3,2.0,1,13.0,3508681.0,4.0,50.0,0.0,1.0,1.0,1.0,32.0,2.4,,1,460.1,3,1
552,iphone 15 plus,17690000,6.7,2,0,1,128.0,6.0,4383.0,60.0,2.0,4.0,2.8,1.8,0,17.0,1633145.0,2.0,48.0,0.0,0.0,0.0,0.0,12.0,1.9,,2,459.6,2,1
553,xiaomi 15,19290000,6.36,2,1,1,512.0,12.0,5240.0,120.0,1.0,4.0,2.96,1.8,1,13.0,3336910.0,3.0,50.0,1.62,1.0,1.0,1.0,32.0,2.0,147.0,0,460.3,2,0
554,iphone 12 pro max i,23490000,6.7,2,0,1,128.0,6.0,20.0,0.0,2.0,4.0,2.8,1.8,0,14.1,1337390.0,3.0,12.0,1.6,1.0,1.0,1.0,12.0,2.2,,2,456.8,2,1
555,iphone 11,7490000,6.1,1,0,1,64.0,4.0,3110.0,0.0,2.0,4.0,2.8,1.8,0,13.0,1091336.0,1.0,12.0,1.8,0.0,0.0,1.0,12.0,2.2,,2,323.6,2,1
556,oppo reno12 f,7120000,6.7,2,2,1,256.0,8.0,5000.0,120.0,2.0,6.0,2.3,2.0,1,14.0,532738.0,3.0,50.0,0.0,0.0,0.0,1.0,32.0,0.0,,1,409.1,0,0
557,honor win rt,0,6.83,1,1,1,0.0,0.0,10.0,0.0,1.0,4.0,2.96,1.8,1,16.0,3336910.0,3.0,50.0,0.0,0.0,1.0,1.0,50.0,0.0,,0,269.9,2,0
558,iphone 16 pro,35990000,6.3,2,0,1,1024.0,0.0,0.0,0.0,2.0,4.0,2.8,1.8,0,18.0,1808835.0,3.0,48.0,1.6,0.0,1.0,1.0,12.0,1.9,,2,458.1,2,0
559,samsung galaxy a55,7590000,6.6,2,3,1,128.0,8.0,5000.0,120.0,4.0,4.0,2.7,2.0,1,14.0,,3.0,50.0,0.0,1.0,0.0,1.0,32.0,0.0,108.0,7,390.5,1,0
560,samsung galaxy m55,6990000,6.7,2,1,1,256.0,8.0,5000.0,120.0,1.0,4.0,2.4,1.8,1,14.0,829085.0,3.0,50.0,1.8,1.0,0.0,1.0,50.0,2.4,,0,392.8,1,0
561,vivo iqoo z9 turbo,0,6.72,2,1,1,256.0,12.0,6000.0,144.0,1.0,4.0,2.96,1.8,1,14.0,1795718.0,1.0,8.0,0.0,1.0,0.0,1.0,16.0,0.0,,0,409.1,0,0
562,iphone 14 pro max,27990000,6.7,2,0,1,256.0,6.0,4323.0,120.0,2.0,4.0,2.8,1.8,0,16.0,1633145.0,3.0,48.0,1.8,1.0,1.0,1.0,12.0,1.9,,2,459.6,2,1
563,itel rs4,3390000,6.56,1,2,1,256.0,12.0,5.0,120.0,2.0,6.0,2.2,2.0,1,13.0,,1.0,50.0,1.6,0.0,0.0,1.0,8.0,0.0,,7,269.1,2,0
564,honor 600 pro,0,6.57,0,6,0,256.0,12.0,9000.0,0.0,2.0,4.0,2.8,1.8,1,13.0,419670.0,0.0,0.0,0.0,0.0,0.0,0.0,0.0,0.0,,4,390.5,0,0
565,redmi turbo 5 max,0,6.67,2,2,0,0.0,16.0,9000.0,0.0,2.0,6.0,2.3,2.0,1,16.0,3041307.0,2.0,50.0,0.0,1.0,0.0,0.0,0.0,0.0,,1,409.1,0,0
566,oppo find n3 flip,13990000,6.8,2,2,1,256.0,12.0,4300.0,120.0,1.0,4.0,3.05,1.8,1,13.0,1755232.0,3.0,50.0,1.8,1.0,1.0,1.0,32.0,2.4,,1,403.2,1,0
567,xiaomi redmi 14c,2850000,6.88,0,2,0,128.0,4.0,5160.0,120.0,2.0,6.0,2.3,2.0,1,13.0,,1.0,50.0,1.8,0.0,0.0,0.0,13.0,2.0,63.0,7,260.3,1,0
568,nubia v70 max,2590000,6.9,1,5,1,128.0,6.0,6000.0,120.0,2.0,6.0,1.8,1.8,1,15.0,330006.0,1.0,50.0,0.0,0.0,0.0,0.0,8.0,0.0,,1,259.6,2,0
569,nubia v80 max,3890000,6.9,1,5,1,128.0,8.0,6000.0,120.0,2.0,6.0,1.8,1.8,1,13.0,,2.0,50.0,0.0,0.0,0.0,0.0,16.0,0.0,,7,269.9,2,0
570,honor power 2,0,6.79,2,2,1,0.0,0.0,10080.0,0.0,1.0,4.0,3.4,2.2,1,16.0,,2.0,50.0,0.0,0.0,0.0,1.0,16.0,0.0,,7,409.1,2,0
571,xiaomi redmi note 12 pro,0,6.66,2,2,1,128.0,6.0,5000.0,120.0,2.0,6.0,2.6,2.0,1,12.0,,3.0,50.0,1.9,1.0,0.0,1.0,16.0,0.0,102.0,7,395.2,1,0
572,xiaomi redmi note 12 turbo,0,6.67,2,1,1,256.0,8.0,5000.0,120.0,1.0,4.0,2.91,1.8,1,13.0,1285461.0,3.0,64.0,2.2,1.0,0.0,1.0,16.0,0.0,,0,394.6,1,0
573,iphone 12,7990000,6.1,2,0,1,64.0,4.0,20.0,0.0,2.0,4.0,2.8,1.8,0,14.1,1337390.0,2.0,12.0,1.6,1.0,0.0,1.0,12.0,2.2,,2,457.3,2,1
574,xiaomi redmi turbo 4,0,6.67,0,6,0,0.0,0.0,0.0,0.0,2.0,4.0,2.8,1.8,1,13.0,419670.0,0.0,0.0,0.0,0.0,0.0,0.0,0.0,0.0,,4,390.5,0,0
575,xiaomi poco f8 ultra,0,6.9,2,1,1,256.0,12.0,6500.0,120.0,1.0,4.0,2.96,1.8,1,13.0,3932243.0,3.0,50.0,1.0,0.0,1.0,1.0,32.0,0.0,,0,409.1,4,1
576,huawei mate xt ultimate,0,10.2,2,4,0,256.0,16.0,5600.0,120.0,1.0,4.0,2.62,1.84,1,13.0,1155792.0,3.0,50.0,0.0,0.0,0.0,0.0,8.0,0.0,,6,409.1,2,0
577,vivo iqoo z9,0,6.78,2,1,0,128.0,8.0,6000.0,144.0,1.0,4.0,2.96,1.8,1,14.0,1020938.0,2.0,50.0,0.0,0.0,0.0,0.0,16.0,0.0,,0,409.1,0,0
578,xiaomi poco f7 pro,0,6.67,2,1,1,256.0,12.0,6000.0,120.0,1.0,2.0,3.3,2.3,1,15.0,,2.0,50.0,1.6,0.0,0.0,1.0,20.0,0.0,,7,526.1,2,0
579,huawei p60 pro,0,6.66,2,1,1,256.0,8.0,4815.0,120.0,1.0,4.0,3.2,2.0,1,13.0,1411891.0,3.0,48.0,1.4,1.0,0.0,1.0,13.0,2.4,156.0,0,409.1,1,0
580,benco s1 pro,4290000,6.8,0,5,0,256.0,8.0,5000.0,0.0,2.0,6.0,1.8,1.8,1,13.0,,1.0,64.0,0.0,0.0,0.0,0.0,16.0,0.0,,7,419.5,1,0
581,nubia red magic 9 pro,0,6.8,2,1,1,256.0,8.0,6500.0,120.0,1.0,2.0,3.3,2.3,1,14.0,,3.0,50.0,2.4,0.0,0.0,1.0,16.0,2.0,,7,399.9,1,0
582,honor magic 5 pro,0,6.8,2,1,1,256.0,8.0,5.1,120.0,1.0,4.0,2.96,1.8,1,13.0,,4.0,50.0,1.6,0.0,1.0,1.0,12.5,0.0,,7,461.1,0,0
583,xiaomi 15 pro,0,6.73,0,1,0,256.0,8.0,0.0,0.0,1.0,4.0,2.96,1.8,1,13.0,1038717.0,0.0,0.0,0.0,0.0,0.0,0.0,0.0,0.0,,0,390.5,0,0
584,xiaomi 17 pro max,0,6.67,0,6,0,0.0,0.0,0.0,0.0,2.0,4.0,2.8,1.8,1,13.0,419670.0,0.0,0.0,0.0,0.0,0.0,0.0,0.0,0.0,159.0,4,390.5,0,0
585,honor magic 6 pro,0,6.8,2,1,1,512.0,12.0,5600.0,0.0,1.0,4.0,2.96,1.8,1,14.0,2341391.0,3.0,180.0,1.4,1.0,1.0,1.0,50.0,2.0,,0,409.1,1,0
586,google pixel 9 pro,0,6.3,2,6,1,128.0,16.0,4.0,0.0,2.0,4.0,2.8,1.8,1,14.0,1499601.0,3.0,50.0,1.68,0.0,1.0,1.0,42.0,2.2,158.0,1,409.1,2,1
587,honor magic 5,0,6.73,2,1,1,256.0,12.0,5100.0,0.0,1.0,4.0,2.96,1.8,1,13.0,1752044.0,3.0,54.0,1.9,1.0,1.0,1.0,12.0,0.0,,0,409.1,1,0
588,google pixel 8 pro,0,6.7,2,6,1,128.0,8.0,5.0,120.0,2.0,4.0,2.8,1.8,1,14.0,1414384.0,2.0,50.0,1.7,1.0,1.0,0.0,5.0,0.0,153.0,1,409.1,1,0
589,google pixel 9,0,6.3,2,6,1,128.0,12.0,4.0,0.0,2.0,4.0,2.8,1.8,1,14.0,1499601.0,2.0,50.0,1.68,0.0,0.0,1.0,10.5,2.2,143.0,1,419.5,2,1
590,xiaomi 17t pro,0,6.67,0,6,0,0.0,0.0,0.0,0.0,2.0,4.0,2.8,1.8,1,13.0,419670.0,0.0,0.0,0.0,0.0,0.0,0.0,0.0,0.0,,4,390.5,0,0
591,oppo a56,0,6.5,1,2,0,128.0,4.0,5000.0,0.0,2.0,6.0,2.2,2.0,1,11.0,,2.0,13.0,2.2,0.0,0.0,1.0,8.0,2.0,,7,269.9,1,0
592,infinix gt 20 pro,0,6.78,2,2,1,256.0,12.0,5000.0,0.0,2.0,6.0,2.3,2.0,1,13.0,,3.0,108.0,0.0,0.0,0.0,0.0,32.0,0.0,,7,409.1,0,0
593,xiaomi redmi k70,0,6.67,2,1,1,128.0,8.0,5500.0,120.0,1.0,3.0,3.2,2.0,1,13.0,,3.0,64.0,1.8,1.0,0.0,1.0,16.0,2.5,,7,526.1,1,0
594,xiaomi 17,0,6.67,0,6,0,0.0,0.0,0.0,0.0,2.0,4.0,2.8,1.8,1,13.0,419670.0,0.0,0.0,0.0,0.0,0.0,0.0,0.0,0.0,,4,390.5,0,0
595,poco f6,0,6.67,2,1,1,256.0,8.0,5000.0,120.0,1.0,3.0,3.0,2.0,1,13.0,1795718.0,2.0,50.0,1.59,0.0,0.0,1.0,20.0,2.2,,0,445.8,3,1
596,tecno pova 8,0,6.67,0,6,0,128.0,4.0,0.0,0.0,2.0,4.0,2.8,1.8,1,13.0,419670.0,0.0,0.0,0.0,0.0,0.0,0.0,0.0,0.0,,4,390.5,0,0
597,nothing phone 2,0,6.55,2,1,1,256.0,8.0,5000.0,120.0,1.0,3.0,3.2,2.0,1,13.0,1752044.0,3.0,108.0,1.9,0.0,0.0,1.0,16.0,0.0,,0,401.8,1,0
598,huawei mate x6,0,6.67,2,1,0,256.0,12.0,5100.0,120.0,1.0,4.0,2.96,1.8,1,13.0,1752044.0,3.0,50.0,1.4,0.0,1.0,1.0,8.0,0.0,,0,409.1,0,0
599,realme gt neo 5,0,6.74,2,1,1,256.0,16.0,5000.0,144.0,1.0,4.0,3.19,1.8,1,13.0,,3.0,50.0,1.88,1.0,1.0,1.0,16.0,2.45,,7,450.5,1,0
600,infinix hot 50i,0,6.7,1,2,0,128.0,4.0,5.0,120.0,2.0,6.0,2.3,2.0,1,14.0,357879.0,1.0,48.0,1.79,0.0,0.0,0.0,8.0,2.0,,1,261.9,2,0
601,oppo find x7 pro,0,6.7,2,1,1,256.0,12.0,5.2,120.0,1.0,4.0,2.96,1.8,1,13.0,,3.0,50.0,0.0,0.0,0.0,0.0,32.0,0.0,,7,525.9,0,0
602,realme v30,0,6.51,0,6,0,64.0,4.0,5.0,0.0,2.0,4.0,2.8,1.8,1,13.0,419670.0,1.0,13.0,0.0,0.0,0.0,0.0,5.0,0.0,,4,269.5,0,0
603,huawei mate 60 pro,0,6.82,2,4,1,256.0,12.0,5000.0,120.0,1.0,4.0,2.62,1.53,1,13.0,1062256.0,3.0,50.0,1.4,1.0,1.0,1.0,13.0,2.4,148.0,6,409.1,1,0
604,sharp aquos r8,0,6.6,2,1,1,256.0,8.0,4570.0,240.0,1.0,4.0,2.96,1.8,1,13.0,1752044.0,1.0,13.0,0.0,0.0,0.0,1.0,8.0,0.0,,0,390.5,0,0
605,xiaomi 17 pro,0,6.67,0,6,0,0.0,0.0,0.0,0.0,2.0,4.0,2.8,1.8,1,13.0,419670.0,0.0,0.0,0.0,0.0,0.0,0.0,0.0,0.0,,4,390.5,0,0
606,meizu 20,0,6.55,2,1,1,128.0,12.0,4700.0,144.0,1.0,3.0,3.2,2.0,1,13.0,1752044.0,3.0,50.0,1.9,0.0,0.0,1.0,32.0,2.5,,0,402.9,1,0
607,xiaomi poco f5 pro,0,6.66,2,1,1,64.0,6.0,4.52,120.0,1.0,4.0,2.96,1.8,1,13.0,1005598.0,3.0,48.0,1.8,0.0,0.0,1.0,20.0,0.0,,0,395.2,0,0
608,xiaomi redmi k70 pro,0,6.67,0,1,1,128.0,8.0,5.0,0.0,1.0,4.0,2.96,1.8,1,13.0,2341391.0,0.0,0.0,0.0,0.0,0.0,0.0,0.0,0.0,,0,390.5,0,0
609,masstel izi t2,500000,2.4,0,5,0,0.125,0.046875,1800.0,0.0,2.0,6.0,1.8,1.8,1,13.0,,0.0,0.0,0.0,0.0,0.0,0.0,0.0,0.0,,7,166.7,1,0
610,xiaomi mix fold 3,0,6.4,2,1,1,256.0,12.0,4.6,120.0,1.0,4.0,2.96,1.8,1,13.0,,3.0,200.0,0.0,0.0,1.0,1.0,32.0,0.0,130.0,7,409.1,0,0
611,oneplus nord n30,0,6.72,1,1,1,128.0,8.0,5.0,120.0,2.0,6.0,2.2,1.7,1,13.0,592489.0,3.0,108.0,1.8,0.0,0.0,1.0,16.0,2.4,,0,391.6,1,0
612,honor 200 pro,0,6.7,2,1,1,256.0,12.0,5200.0,120.0,1.0,4.0,2.96,1.8,1,14.0,1795718.0,3.0,50.0,1.9,1.0,1.0,0.0,50.0,0.0,137.0,0,409.1,0,0
613,samsung galaxy m44,0,6.58,1,1,0,128.0,6.0,5.0,120.0,1.0,4.0,2.96,1.8,1,13.0,1118041.0,3.0,50.0,0.0,0.0,0.0,0.0,13.0,0.0,,0,401.1,0,0
614,leitz phone 1,0,6.6,2,1,1,256.0,12.0,5.0,240.0,1.0,4.0,2.96,1.8,1,11.0,1118041.0,1.0,20.0,1.9,0.0,0.0,0.0,12.6,2.3,,0,409.1,0,0
615,redmi k60 pro,0,6.66,2,1,1,128.0,8.0,5000.0,120.0,1.0,3.0,3.2,2.0,1,13.0,1752044.0,3.0,54.0,1.9,1.0,0.0,1.0,16.0,0.0,,0,526.9,1,0
616,oppo find x8 pro,0,6.78,2,2,0,512.0,16.0,5910.0,120.0,2.0,6.0,2.3,2.0,1,15.0,2825187.0,3.0,50.0,0.0,0.0,1.0,1.0,32.0,0.0,157.0,1,409.1,0,0
617,huawei p60 art,0,6.67,2,1,1,512.0,12.0,5100.0,120.0,1.0,4.0,3.19,2.0,1,13.0,1411891.0,3.0,48.0,1.4,1.0,1.0,1.0,13.0,2.4,,0,409.1,1,0
618,xiaomi poco m7,0,6.79,0,6,1,128.0,6.0,0.0,0.0,2.0,4.0,2.8,1.8,1,13.0,419670.0,0.0,0.0,0.0,0.0,0.0,0.0,0.0,0.0,,4,390.5,0,0
619,google pixel 6,0,6.4,2,6,1,128.0,8.0,4614.0,0.0,2.0,4.0,2.8,1.8,1,12.0,1019946.0,2.0,50.0,1.9,1.0,0.0,1.0,8.0,2.0,126.0,1,411.2,2,1
620,honor x8a,0,6.7,1,2,1,128.0,8.0,4500.0,90.0,2.0,6.0,2.3,2.0,1,12.0,353817.0,3.0,100.0,1.9,0.0,0.0,1.0,16.0,2.5,,1,389.5,1,0
621,xiaomi 17,0,6.3,2,1,1,512.0,12.0,7000.0,120.0,2.0,6.0,4.6,3.62,1,16.0,3932243.0,3.0,50.0,1.7,0.0,1.0,1.0,50.0,2.2,,0,409.1,2,0
622,xiaomi 17t,0,6.67,0,6,0,0.0,0.0,0.0,0.0,2.0,4.0,2.8,1.8,1,13.0,419670.0,0.0,0.0,0.0,0.0,0.0,0.0,0.0,0.0,,4,390.5,0,0
623,xiaomi redmi note 13 turbo,0,6.67,2,2,0,512.0,12.0,5.255,120.0,2.0,6.0,2.3,2.0,1,13.0,708890.0,3.0,64.0,0.0,0.0,0.0,0.0,32.0,0.0,,1,409.1,0,0
624,realme gt6 pro,0,6.67,0,6,1,256.0,8.0,0.0,0.0,2.0,4.0,2.8,1.8,1,13.0,419670.0,0.0,0.0,0.0,0.0,0.0,0.0,0.0,0.0,,4,390.5,0,0
625,tecno spark 50,4990000,6.78,1,6,0,128.0,4.0,6700.0,0.0,2.0,4.0,2.8,1.8,1,13.0,419670.0,1.0,50.0,0.0,0.0,0.0,0.0,8.0,0.0,,4,269.9,2,0
626,oppo find x7,0,6.67,0,6,0,0.0,0.0,0.0,0.0,2.0,4.0,2.8,1.8,1,13.0,419670.0,0.0,0.0,0.0,0.0,0.0,0.0,0.0,0.0,,4,390.5,0,0
627,iqoo 11,0,6.78,2,1,1,128.0,8.0,5000.0,144.0,1.0,3.0,3.2,2.0,1,13.0,1752044.0,3.0,50.0,1.9,1.0,1.0,1.0,16.0,2.5,,0,506.8,1,0
628,google pixel 9 pro xl,0,6.8,2,6,1,128.0,16.0,5.0,0.0,2.0,4.0,2.8,1.8,1,14.0,1499601.0,3.0,50.0,1.68,0.0,1.0,1.0,42.0,2.2,160.0,1,409.1,2,1
629,realme c75x -,0,6.67,0,6,0,128.0,8.0,0.0,0.0,2.0,4.0,2.8,1.8,1,13.0,419670.0,0.0,0.0,0.0,0.0,0.0,0.0,0.0,0.0,,4,390.5,0,0
630,xiaomi poco f7,0,6.67,0,6,0,0.0,0.0,0.0,0.0,2.0,4.0,2.8,1.8,1,13.0,419670.0,0.0,0.0,0.0,0.0,0.0,0.0,0.0,0.0,,4,390.5,0,0
631,google pixel fold,0,7.6,2,6,1,256.0,12.0,4821.0,120.0,2.0,4.0,2.85,1.8,1,13.0,1158921.0,3.0,48.0,1.7,1.0,1.0,1.0,9.5,2.0,133.0,1,409.1,2,1
632,zte nubia z60 ultra,0,6.8,2,1,1,256.0,8.0,6000.0,120.0,1.0,2.0,3.3,2.3,1,14.0,,3.0,64.0,1.8,1.0,1.0,1.0,12.0,0.0,,7,399.9,1,0
633,samsung galaxy tab s10 fe,0,6.67,0,6,0,0.0,0.0,0.0,0.0,2.0,4.0,2.8,1.8,1,13.0,419670.0,0.0,0.0,0.0,0.0,0.0,0.0,0.0,0.0,,4,390.5,0,0
634,oppo a2m,0,6.56,1,2,0,256.0,12.0,5.0,90.0,2.0,6.0,2.3,2.0,1,13.0,527185.0,1.0,13.0,2.2,0.0,0.0,0.0,5.0,2.2,,1,269.9,0,0
635,xiaomi redmi note 14 pro,0,6.67,2,2,1,256.0,8.0,5110.0,120.0,4.0,4.0,2.5,2.0,1,14.0,,3.0,200.0,0.0,0.0,0.0,0.0,20.0,0.0,106.0,7,445.8,2,0
636,realme gt neo 6,0,6.71,2,1,1,128.0,12.0,5.0,120.0,1.0,4.0,2.96,1.8,1,13.0,1752044.0,3.0,50.0,0.0,0.0,0.0,0.0,16.0,0.0,,0,409.1,0,0
637,motorola razr 40 ultra,0,6.9,2,1,1,256.0,8.0,3800.0,165.0,1.0,4.0,3.19,1.8,1,13.0,1411891.0,2.0,13.0,1.5,0.0,0.0,1.0,32.0,2.4,126.0,0,409.1,3,1
638,samsung galaxy m16,0,6.5,0,3,0,128.0,6.0,7000.0,0.0,2.0,4.0,2.55,2.0,1,11.0,1042710.0,4.0,48.0,0.0,0.0,0.0,0.0,8.0,2.0,,1,269.9,1,0
639,google pixel 5,0,6.0,2,1,1,128.0,8.0,4080.0,0.0,1.0,6.0,2.4,1.8,1,11.0,597153.0,2.0,16.0,1.7,1.0,0.0,1.0,8.0,2.0,109.0,0,429.5,2,1
640,oppo find x8 ultra,0,6.67,0,6,0,0.0,0.0,0.0,0.0,2.0,4.0,2.8,1.8,1,13.0,419670.0,0.0,0.0,0.0,0.0,0.0,0.0,0.0,0.0,168.0,4,390.5,0,0
641,vivo y56,0,6.58,1,2,0,128.0,8.0,5000.0,0.0,2.0,6.0,2.2,2.0,1,13.0,515647.0,2.0,50.0,1.8,0.0,0.0,1.0,16.0,2.0,,1,401.1,1,0
642,samsung a56 -,0,6.67,0,6,0,256.0,12.0,0.0,0.0,2.0,4.0,2.8,1.8,1,13.0,419670.0,0.0,0.0,0.0,0.0,0.0,0.0,0.0,0.0,,4,390.5,0,0
643,honor x9,0,6.81,1,1,1,0.0,0.0,4.8,120.0,1.0,4.0,2.96,1.8,1,11.0,592489.0,3.0,48.0,0.0,0.0,0.0,0.0,16.0,0.0,,0,384.9,1,0
644,htc wildfire e3 lite,0,6.5,0,5,0,32.0,3.0,5000.0,60.0,4.0,4.0,1.6,1.2,1,12.0,,2.0,13.0,2.2,0.0,0.0,0.0,5.0,2.0,,7,269.9,1,0
645,vivo iqoo z9x,0,6.72,1,1,0,128.0,8.0,6000.0,120.0,1.0,4.0,2.96,1.8,1,14.0,733620.0,2.0,50.0,0.0,0.0,0.0,0.0,8.0,0.0,,0,269.9,0,0
646,honor magic v flip 2,0,6.82,2,1,1,1024.0,16.0,5200.0,120.0,1.0,4.0,2.96,1.8,1,15.0,2341391.0,2.0,200.0,1.9,0.0,0.0,1.0,50.0,0.0,,0,409.1,4,1
647,oneplus ace 2 pro,0,6.74,2,1,1,0.0,16.0,5.0,120.0,1.0,4.0,2.96,1.8,1,13.0,1752044.0,3.0,50.0,0.0,0.0,0.0,1.0,16.0,0.0,,0,409.1,0,0
648,samsung galaxy a16,0,6.7,2,2,0,256.0,8.0,5.0,90.0,2.0,6.0,2.3,2.0,1,13.0,532738.0,2.0,50.0,1.8,0.0,0.0,0.0,13.0,2.0,77.0,1,384.7,0,0
649,vivo s1,0,6.38,2,2,0,64.0,6.0,4500.0,90.0,2.0,6.0,2.0,1.7,1,9.0,,3.0,16.0,1.8,0.0,0.0,1.0,32.0,2.0,,7,404.0,1,0
650,realme c75 -,0,6.67,0,6,0,128.0,8.0,0.0,0.0,2.0,4.0,2.8,1.8,1,13.0,419670.0,0.0,0.0,0.0,0.0,0.0,0.0,0.0,0.0,,4,390.5,0,0
651,oppo a58,0,6.56,0,2,0,256.0,8.0,5.0,90.0,2.0,6.0,2.3,2.0,1,12.0,515647.0,2.0,50.0,0.0,0.0,0.0,0.0,8.0,0.0,,1,269.1,0,0
652,realme 10 pro plus,0,6.7,2,2,1,64.0,6.0,5.0,120.0,2.0,6.0,2.6,2.0,1,12.0,722902.0,3.0,108.0,2.4,1.0,0.0,1.0,16.0,2.4,,1,392.8,1,0
653,realme gt3,0,6.74,2,1,1,128.0,8.0,4600.0,144.0,1.0,4.0,3.19,1.8,1,13.0,1411891.0,3.0,50.0,1.9,1.0,0.0,1.0,16.0,2.5,,0,450.5,1,0
654,itel a70,0,6.6,0,5,0,128.0,4.0,5.0,120.0,2.0,6.0,1.8,1.8,1,13.0,,1.0,13.0,0.0,0.0,0.0,0.0,8.0,0.0,,7,267.5,0,0
655,huawei nova 11i,0,6.8,1,1,0,128.0,8.0,5.0,90.0,1.0,4.0,2.96,1.8,1,12.0,415362.0,2.0,48.0,1.8,0.0,0.0,0.0,16.0,2.2,,0,385.4,1,0
656,vivo y66,0,5.5,1,6,0,32.0,3.0,3000.0,0.0,2.0,4.0,2.8,1.8,1,6.0,419670.0,1.0,13.0,2.2,0.0,0.0,0.0,16.0,2.0,,4,267.0,0,0
657,honor 200 lite,0,6.7,2,2,1,256.0,8.0,4500.0,0.0,2.0,6.0,2.3,2.0,1,14.0,581315.0,3.0,108.0,0.0,0.0,0.0,1.0,50.0,0.0,86.0,1,394.4,0,0
658,nubia neo 5 max,0,6.67,0,6,0,0.0,0.0,0.0,0.0,2.0,4.0,2.8,1.8,1,13.0,419670.0,0.0,0.0,0.0,0.0,0.0,0.0,0.0,0.0,,4,390.5,0,0
659,honor x7,0,6.74,1,1,0,128.0,4.0,5.0,0.0,1.0,4.0,2.96,1.8,1,11.0,415362.0,4.0,48.0,0.0,0.0,0.0,1.0,8.0,0.0,61.0,0,261.9,1,0
660,meizu 20 pro,0,6.81,2,1,1,128.0,12.0,5000.0,120.0,1.0,3.0,3.2,2.0,1,13.0,1752044.0,3.0,50.0,1.9,0.0,1.0,1.0,32.0,2.5,,0,515.3,1,0
661,google pixel 3 xl,0,6.3,2,1,1,64.0,4.0,3430.0,0.0,4.0,4.0,2.5,1.6,1,9.0,570119.0,1.0,2.0,1.8,1.0,0.0,1.0,8.0,1.8,,0,522.5,2,1
662,xiaomi redmi note 12t pro,0,6.6,1,2,1,128.0,8.0,5080.0,144.0,1.0,4.0,3.1,2.0,1,13.0,,3.0,64.0,1.8,0.0,0.0,1.0,16.0,0.0,,7,407.1,1,0
663,zenfone 10,0,6.3,2,1,1,256.0,16.0,5.0,120.0,1.0,4.0,2.96,1.8,1,13.0,1752044.0,1.0,200.0,0.0,1.0,0.0,0.0,16.0,0.0,,0,409.1,0,0
664,google pixel 3,0,5.5,2,1,1,64.0,4.0,2915.0,0.0,4.0,4.0,2.5,1.6,1,12.0,570119.0,1.0,2.0,1.8,1.0,0.0,1.0,8.0,1.8,123.0,0,439.1,2,1
665,xiaomi redmi note 14 pro,0,6.67,2,2,1,256.0,8.0,5500.0,120.0,2.0,6.0,2.2,2.0,1,14.0,,3.0,200.0,0.0,0.0,0.0,0.0,32.0,0.0,106.0,7,394.6,2,0
666,nothing phone 3a pro,0,6.77,2,1,1,256.0,8.0,5000.0,120.0,1.0,4.0,2.96,1.8,1,15.0,1038717.0,3.0,50.0,1.88,0.0,0.0,0.0,50.0,2.2,,0,387.7,2,0
667,samsung galaxy s24fe,0,6.7,2,3,1,256.0,8.0,4700.0,120.0,2.0,4.0,2.55,2.0,1,13.0,1971406.0,3.0,50.0,1.8,0.0,1.0,0.0,10.0,2.4,,3,384.7,4,1
668,iqoo neo 7 pro,0,6.78,2,1,0,256.0,8.0,5.0,120.0,1.0,4.0,2.96,1.8,1,13.0,1411891.0,3.0,50.0,0.0,0.0,0.0,1.0,16.0,0.0,,0,409.1,0,0
669,realme gt neo 5 se,0,6.74,2,1,1,256.0,8.0,5500.0,144.0,1.0,4.0,2.91,1.8,1,13.0,1285461.0,3.0,64.0,1.8,0.0,0.0,1.0,16.0,2.5,,0,450.5,1,0
670,oppo reno12 f,0,6.67,2,1,0,256.0,8.0,5000.0,120.0,1.0,4.0,2.96,1.8,1,14.0,,3.0,50.0,1.8,0.0,0.0,0.0,32.0,2.4,,7,394.6,2,0
671,huawei enjoy 60x,0,6.95,1,1,1,128.0,8.0,7000.0,90.0,4.0,4.0,2.4,1.9,1,13.0,415362.0,2.0,50.0,2.4,0.0,0.0,1.0,8.0,2.0,,0,375.5,1,0
672,google pixel 9 pro fold,0,8.0,2,6,1,128.0,16.0,4650.0,120.0,2.0,4.0,2.8,1.8,1,14.0,1499601.0,3.0,48.0,1.7,1.0,1.0,1.0,10.0,2.2,129.0,1,330.3,2,1
673,xiaomi redmi note 14 pro,0,6.67,0,6,0,128.0,8.0,0.0,0.0,2.0,4.0,2.8,1.8,1,13.0,419670.0,0.0,0.0,0.0,0.0,0.0,0.0,0.0,0.0,106.0,4,390.5,0,0
674,google pixel 6 pro,0,6.7,0,6,1,128.0,12.0,5003.0,0.0,2.0,4.0,2.8,1.8,1,12.0,1019946.0,3.0,50.0,1.9,1.0,1.0,1.0,11.1,2.2,134.0,1,512.9,2,1
675,xiaomi redmi note 14,0,6.67,0,6,0,128.0,8.0,0.0,0.0,2.0,4.0,2.8,1.8,1,13.0,419670.0,0.0,0.0,0.0,0.0,0.0,0.0,0.0,0.0,103.0,4,390.5,0,0
676,xiaomi redmi note 14,0,6.67,0,6,0,128.0,8.0,0.0,0.0,2.0,4.0,2.8,1.8,1,13.0,419670.0,0.0,0.0,0.0,0.0,0.0,0.0,0.0,0.0,84.0,4,390.5,0,0
677,realme v30t,0,6.5,1,2,0,128.0,8.0,5.0,0.0,2.0,6.0,2.3,2.0,1,12.0,515647.0,2.0,13.0,0.0,0.0,0.0,0.0,5.0,0.0,,1,269.9,0,0
678,zte nubia z50 ultra,0,6.8,2,1,1,256.0,8.0,5000.0,120.0,1.0,3.0,3.2,2.0,1,13.0,1752044.0,3.0,64.0,1.6,1.0,1.0,1.0,50.0,2.0,,0,399.9,1,0
679,vivo x100 pro,0,6.78,2,2,1,256.0,12.0,5400.0,120.0,1.0,4.0,3.25,2.0,1,14.0,2415558.0,3.0,50.0,1.8,1.0,1.0,1.0,32.0,2.0,150.0,1,409.1,1,0
680,oppo reno 11 a,0,6.67,0,6,0,256.0,12.0,5000.0,0.0,2.0,4.0,2.8,1.8,1,14.0,419670.0,0.0,0.0,0.0,0.0,0.0,0.0,0.0,0.0,,4,390.5,0,0
681,samsung galaxy a55,0,6.6,2,3,1,256.0,12.0,5000.0,120.0,4.0,4.0,2.7,2.0,1,14.0,,3.0,50.0,0.0,1.0,0.0,1.0,32.0,0.0,108.0,7,398.8,1,0
682,redmi note 12t pro,0,6.6,1,2,1,128.0,8.0,5080.0,144.0,1.0,4.0,3.1,2.0,1,13.0,,3.0,64.0,1.8,0.0,0.0,1.0,16.0,0.0,,7,407.1,1,0
683,oppo a2,0,6.72,1,2,0,256.0,12.0,5000.0,90.0,2.0,6.0,2.2,2.0,1,13.0,527185.0,2.0,50.0,1.8,0.0,0.0,0.0,8.0,2.0,,1,391.6,1,0
684,xiaomi redmi note 14s,0,6.67,2,2,1,128.0,8.0,5000.0,120.0,2.0,6.0,2.2,2.0,1,15.0,,3.0,200.0,1.7,0.0,0.0,1.0,16.0,2.4,,7,394.6,2,0
685,honor 90 pro,0,6.78,2,1,1,256.0,12.0,5000.0,120.0,1.0,4.0,3.0,1.8,1,13.0,1411891.0,3.0,200.0,1.9,1.0,0.0,1.0,50.0,2.4,,0,409.1,1,0
686,honor 600,0,6.57,0,6,0,0.0,0.0,9.0,0.0,2.0,4.0,2.8,1.8,1,13.0,419670.0,0.0,0.0,0.0,0.0,0.0,0.0,0.0,0.0,,4,390.5,0,0
687,oppo a2x,0,6.56,1,2,0,128.0,6.0,5.0,90.0,2.0,6.0,2.3,2.0,1,13.0,527185.0,1.0,13.0,2.2,0.0,0.0,0.0,5.0,2.2,,1,269.1,1,0
688,google pixel 6a,0,6.1,2,6,1,128.0,6.0,4410.0,0.0,2.0,4.0,2.8,1.8,1,12.0,1019946.0,2.0,12.0,1.7,1.0,0.0,1.0,8.0,2.0,122.0,1,431.4,2,1
689,huawei nova y91,0,6.95,0,1,0,128.0,8.0,7000.0,90.0,1.0,4.0,2.96,1.8,1,13.0,415362.0,2.0,50.0,1.8,0.0,0.0,0.0,8.0,2.0,,0,375.5,1,0
690,asus rog phone 8 ultimate,0,6.81,2,1,0,512.0,16.0,6.0,120.0,1.0,4.0,2.96,1.8,1,13.0,,4.0,64.0,0.0,0.0,0.0,0.0,24.0,0.0,,7,386.5,0,0
691,motorola moto g73,0,6.5,1,2,1,256.0,8.0,5000.0,120.0,2.0,6.0,2.2,2.0,1,13.0,593307.0,2.0,50.0,1.8,0.0,0.0,1.0,16.0,2.4,,4,404.9,1,0
692,samsung a06 -,0,6.67,0,6,0,64.0,4.0,0.0,0.0,2.0,4.0,2.8,1.8,1,13.0,419670.0,0.0,0.0,0.0,0.0,0.0,0.0,0.0,0.0,,4,390.5,0,0
693,vivo v27,0,6.78,2,6,1,128.0,8.0,4600.0,120.0,2.0,4.0,2.8,1.8,1,13.0,419670.0,3.0,64.0,1.8,1.0,0.0,1.0,50.0,2.5,,4,388.2,1,0
694,xiaomi poco c65,0,6.74,1,2,1,128.0,6.0,5000.0,90.0,2.0,6.0,2.3,2.0,1,13.0,,2.0,50.0,1.8,0.0,0.0,0.0,8.0,2.0,,7,260.3,1,0
695,oppo a1 pro,0,6.7,2,1,1,128.0,6.0,5.0,120.0,2.0,6.0,2.2,1.7,1,12.0,592489.0,2.0,108.0,2.4,0.0,0.0,1.0,16.0,0.0,,0,392.8,1,0
696,nokia 150,0,2.4,0,6,0,0.00390625,0.00390625,1.02,0.0,2.0,4.0,2.8,1.8,1,13.0,419670.0,0.0,0.0,0.0,0.0,0.0,0.0,0.0,0.0,,4,390.5,1,0
697,honor 80 gt,0,6.66,2,1,1,256.0,12.0,4800.0,120.0,1.0,4.0,3.0,1.8,1,12.0,1411891.0,3.0,54.0,1.9,0.0,0.0,1.0,16.0,2.4,,0,395.2,1,0
698,google pixel 2,0,5.0,2,1,1,64.0,4.0,2700.0,0.0,4.0,4.0,2.35,1.9,1,8.0,438016.0,1.0,2.0,1.8,1.0,0.0,1.0,8.0,2.4,99.0,0,440.6,2,1
699,vivo y36,0,6.64,1,1,0,256.0,8.0,5.0,90.0,4.0,4.0,2.4,1.9,1,13.0,415362.0,2.0,50.0,1.8,0.0,0.0,0.0,16.0,2.45,,0,394.7,1,0
700,xiaomi redmi a5,0,6.88,1,5,0,64.0,3.0,5200.0,120.0,2.0,6.0,1.8,1.6,1,15.0,,1.0,32.0,2.0,0.0,0.0,0.0,8.0,2.0,,7,260.3,2,0
701,xiaomi redmi k70e,0,6.67,2,2,1,128.0,8.0,5500.0,120.0,1.0,4.0,3.1,2.0,1,13.0,1609292.0,3.0,50.0,2.4,1.0,0.0,1.0,20.0,0.0,,1,526.1,1,0
702,nothing phone 1,0,6.55,2,1,1,128.0,8.0,4.5,120.0,1.0,4.0,2.5,1.8,1,12.0,800145.0,2.0,50.0,0.0,0.0,0.0,0.0,16.0,0.0,,0,401.8,0,0
703,vivo v7,0,5.7,1,1,0,32.0,4.0,3000.0,0.0,1.0,4.0,2.96,1.8,1,7.1,176718.0,1.0,16.0,2.0,0.0,0.0,0.0,24.0,2.0,,0,282.5,1,0
704,vivo v9,0,6.3,1,1,0,64.0,4.0,3260.0,90.0,1.0,4.0,2.96,1.8,1,8.1,,2.0,16.0,2.0,0.0,0.0,1.0,24.0,2.0,,7,400.5,1,0
705,vivo nex 3,0,6.89,2,1,1,256.0,8.0,4500.0,0.0,1.0,4.0,2.96,1.8,1,9.0,859084.0,3.0,64.0,1.8,0.0,1.0,1.0,16.0,2.1,,0,363.0,1,0
706,nubia red magic 10,0,6.67,0,6,0,256.0,8.0,0.0,0.0,2.0,4.0,2.8,1.8,1,13.0,419670.0,0.0,0.0,0.0,0.0,0.0,0.0,0.0,0.0,,4,407.7,0,0
707,infinix note 30 pro,0,6.78,2,2,1,256.0,8.0,5.0,120.0,2.0,6.0,2.2,2.0,1,13.0,547830.0,2.0,108.0,2.4,0.0,0.0,1.0,16.0,2.0,,1,396.3,1,0
708,google pixel 5a,0,6.67,2,1,1,128.0,6.0,4680.0,0.0,1.0,6.0,2.4,1.8,1,11.0,597153.0,2.0,16.0,1.0,1.0,0.0,1.0,8.0,2.0,,0,394.6,2,1
709,oppo a1x,0,6.56,1,2,0,128.0,6.0,5000.0,90.0,2.0,6.0,2.2,2.0,1,12.0,515647.0,2.0,13.0,2.2,0.0,0.0,1.0,8.0,2.2,,1,269.1,1,0
710,xiaomi redmi note 12r pro,0,6.67,2,1,0,256.0,12.0,5000.0,120.0,1.0,4.0,2.96,1.8,1,13.0,521686.0,2.0,48.0,2.4,0.0,0.0,1.0,8.0,2.0,,0,394.6,1,0
711,xiaomi 14t pro,0,6.73,2,1,0,256.0,8.0,5.5,120.0,1.0,4.0,2.96,1.8,1,13.0,,4.0,108.0,0.0,0.0,0.0,0.0,44.0,0.0,135.0,7,391.1,0,0
712,nubia redmagic 8s pro transparent,0,6.8,2,1,1,512.0,16.0,6000.0,120.0,1.0,4.0,2.96,1.8,1,13.0,1752044.0,3.0,50.0,1.88,0.0,0.0,0.0,16.0,0.0,,0,399.9,1,0
713,honor x9b,0,6.78,2,1,1,256.0,12.0,5800.0,120.0,4.0,4.0,2.2,1.8,1,13.0,733620.0,3.0,108.0,1.75,0.0,0.0,1.0,16.0,2.45,156.0,0,429.3,1,0
714,xiaomi 15t pro,0,6.67,0,6,0,256.0,12.0,0.0,0.0,2.0,4.0,2.8,1.8,1,13.0,419670.0,0.0,0.0,0.0,0.0,0.0,0.0,0.0,0.0,149.0,4,390.5,0,0
715,xiaomi redmi note 13,0,6.67,2,1,0,256.0,12.0,5000.0,120.0,1.0,4.0,2.96,1.8,1,13.0,461236.0,2.0,108.0,0.0,0.0,0.0,0.0,16.0,0.0,91.0,0,392.9,0,0
716,xiaomi redmi note 13,0,6.67,2,1,0,256.0,12.0,5000.0,120.0,1.0,4.0,2.96,1.8,1,13.0,461236.0,2.0,108.0,0.0,0.0,0.0,0.0,16.0,0.0,75.0,0,392.9,0,0
717,realme 11x,0,6.72,1,2,0,128.0,6.0,5000.0,120.0,2.0,6.0,2.3,2.0,1,13.0,513180.0,2.0,100.0,0.0,0.0,0.0,0.0,16.0,0.0,,1,269.9,0,0
718,asus rog phone 7 pro,0,6.67,0,1,1,128.0,8.0,0.0,0.0,1.0,4.0,2.96,1.8,1,13.0,1752044.0,0.0,0.0,0.0,0.0,0.0,0.0,0.0,0.0,,0,390.5,0,0
719,realme 12 pro,0,6.7,1,1,1,128.0,16.0,5.0,144.0,1.0,4.0,2.96,1.8,1,13.0,1285461.0,3.0,108.0,0.0,0.0,0.0,0.0,32.0,0.0,,0,269.9,0,0
720,xiaomi redmi note 13r pro,0,6.67,2,2,0,256.0,12.0,5000.0,120.0,2.0,6.0,2.4,2.0,1,13.0,581315.0,2.0,108.0,1.7,0.0,0.0,1.0,16.0,0.0,,1,394.6,1,0
721,nokia 130,0,1.8,0,6,0,0.0078125,0.00390625,1020.0,0.0,2.0,4.0,2.8,1.8,1,13.0,419670.0,0.0,0.0,0.0,0.0,0.0,0.0,0.0,0.0,,4,390.5,1,0
722,vivo iqoo neo 8 pro,0,6.78,2,1,1,256.0,8.0,4500.0,120.0,1.0,4.0,2.99,1.8,1,11.0,1208784.0,3.0,50.0,1.8,1.0,1.0,1.0,16.0,2.4,,0,517.6,1,0
723,blackview n6000,0,6.4,0,2,1,256.0,8.0,3.0,0.0,2.0,6.0,2.3,2.0,1,13.0,547830.0,2.0,48.0,0.0,0.0,0.0,0.0,0.0,0.0,,1,84.4,0,0
724,vivo v30 pro,0,6.78,2,2,1,512.0,12.0,5000.0,120.0,1.0,4.0,3.1,2.0,1,14.0,1206715.0,3.0,50.0,1.85,1.0,0.0,1.0,50.0,2.0,,1,452.9,1,0
725,xperia 5 v,0,6.1,2,1,1,256.0,8.0,5000.0,120.0,1.0,3.0,3.2,2.0,1,13.0,1752044.0,2.0,48.0,1.9,0.0,0.0,1.0,12.0,2.0,,0,449.5,1,0
726,xiaomi redmi note 14 pro plus,0,6.67,0,6,0,512.0,12.0,0.0,0.0,2.0,4.0,2.8,1.8,1,13.0,419670.0,0.0,0.0,0.0,0.0,0.0,0.0,0.0,0.0,,4,390.5,0,0
727,huawei nova 12 pro,0,6.78,2,4,1,256.0,8.0,4900.0,120.0,1.0,4.0,2.62,1.53,1,13.0,1062256.0,3.0,50.0,1.9,0.0,1.0,1.0,60.0,2.2,,6,429.3,1,0
728,google pixel 4a,0,5.8,2,1,1,128.0,6.0,3140.0,0.0,2.0,6.0,2.2,1.8,1,10.0,506661.0,1.0,2.0,1.0,1.0,0.0,1.0,8.0,2.0,100.0,0,444.3,2,1
729,xiaomi redmi note 14 pro plus,0,6.67,0,6,0,512.0,12.0,0.0,0.0,2.0,4.0,2.8,1.8,1,13.0,419670.0,0.0,0.0,0.0,0.0,0.0,0.0,0.0,0.0,,4,390.5,0,0
730,motorola edge plus,0,6.7,2,1,1,256.0,12.0,5000.0,90.0,1.0,4.0,2.84,1.8,1,10.0,964589.0,3.0,108.0,1.8,0.0,1.0,1.0,25.0,2.0,,0,384.7,1,0
731,oneplus nord n300,0,6.56,1,2,1,64.0,4.0,5000.0,0.0,2.0,6.0,2.4,2.0,1,12.0,,2.0,48.0,1.8,0.0,0.0,1.0,16.0,2.0,,7,269.1,1,0
732,oneplus ace 2v,0,6.74,2,1,1,256.0,12.0,5000.0,120.0,1.0,4.0,3.19,1.8,1,13.0,1411891.0,3.0,50.0,1.8,1.0,0.0,1.0,16.0,2.4,,0,450.5,1,0
733,oppo find x7 ultra,0,6.67,0,6,0,0.0,0.0,0.0,0.0,2.0,4.0,2.8,1.8,1,13.0,419670.0,0.0,0.0,0.0,0.0,0.0,0.0,0.0,0.0,157.0,4,390.5,0,0
734,samsung galaxy z flip 5,0,6.7,2,1,1,512.0,8.0,4.2,144.0,1.0,4.0,2.96,1.8,1,13.0,1752044.0,2.0,12.0,0.0,0.0,0.0,1.0,10.0,0.0,,0,409.1,0,0
735,xiaomi 14 ultra,0,6.73,2,1,1,512.0,12.0,5300.0,120.0,1.0,4.0,2.96,1.8,1,14.0,2341391.0,4.0,50.0,1.8,0.0,1.0,1.0,32.0,2.0,149.0,0,521.4,1,0
736,vivo s19,0,6.78,2,1,1,256.0,8.0,6000.0,120.0,1.0,4.0,2.96,1.8,1,14.0,1020938.0,2.0,50.0,0.0,1.0,0.0,1.0,5.0,0.0,,0,409.1,0,0
737,tecno pova 7 neo,0,6.67,0,6,0,0.0,0.0,0.0,0.0,2.0,4.0,2.8,1.8,1,13.0,419670.0,0.0,0.0,0.0,0.0,0.0,0.0,0.0,0.0,,4,390.5,0,0
738,motorola edge 40,0,6.55,2,2,1,128.0,8.0,4400.0,144.0,2.0,6.0,2.3,2.0,1,13.0,969978.0,3.0,50.0,1.4,0.0,0.0,1.0,32.0,2.4,,1,401.8,1,0
739,redmi k60 ultra,0,6.7,2,1,1,128.0,8.0,4.7,120.0,1.0,4.0,2.96,1.8,1,13.0,1294632.0,3.0,108.0,0.0,0.0,0.0,1.0,32.0,0.0,,0,450.2,0,0
740,vivo y200 pro,0,6.78,2,1,0,128.0,8.0,5.0,120.0,1.0,4.0,2.96,1.8,1,14.0,592489.0,2.0,64.0,0.0,0.0,0.0,0.0,16.0,0.0,,0,409.1,0,0
741,huawei pocket s,0,6.9,2,1,1,128.0,8.0,4000.0,120.0,4.0,4.0,2.4,1.8,1,13.0,780000.0,2.0,40.0,1.8,0.0,0.0,1.0,7.0,2.2,,0,409.1,1,0
742,vivo y100i,0,6.64,1,2,0,512.0,12.0,5000.0,0.0,2.0,6.0,2.2,2.0,1,13.0,527185.0,2.0,50.0,1.8,0.0,0.0,1.0,8.0,2.0,,1,394.7,1,0
743,realme 13,0,6.67,2,2,1,256.0,12.0,5000.0,120.0,4.0,4.0,2.5,2.5,1,14.0,,2.0,50.0,0.0,1.0,0.0,0.0,16.0,2.4,,7,394.6,2,0
744,oppo phf110,0,6.72,1,1,0,128.0,8.0,5.0,0.0,1.0,4.0,2.96,1.8,1,13.0,592489.0,2.0,108.0,0.0,0.0,0.0,0.0,16.0,0.0,,0,269.9,0,0
745,vivo y85,0,6.22,1,2,0,32.0,4.0,3260.0,0.0,4.0,4.0,2.0,1.5,1,13.0,,2.0,13.0,0.0,0.0,0.0,0.0,8.0,0.0,,7,270.4,1,0
746,vivo y95,0,6.22,1,1,0,64.0,4.0,4030.0,0.0,1.0,4.0,2.96,1.8,1,8.1,193115.0,2.0,13.0,2.2,0.0,0.0,0.0,20.0,2.0,,0,270.4,1,0
747,tecno spark 10c,0,6.6,0,2,0,128.0,16.0,5000.0,90.0,2.0,6.0,2.3,2.0,1,13.0,1798756.0,1.0,16.0,0.0,0.0,0.0,0.0,8.0,0.0,,1,267.5,0,0
748,honor 90,0,6.7,2,1,1,256.0,12.0,5000.0,120.0,1.0,4.0,2.5,1.8,1,13.0,829085.0,3.0,200.0,1.9,0.0,0.0,1.0,50.0,2.4,122.0,0,409.1,1,0
749,oneplus nord ce 4 lite,0,6.67,0,6,1,256.0,8.0,5.0,0.0,2.0,4.0,2.8,1.8,1,13.0,419670.0,0.0,0.0,0.0,0.0,0.0,0.0,0.0,0.0,,4,390.5,1,0
750,oneplus 12,0,6.7,2,1,1,0.0,0.0,5.0,120.0,1.0,4.0,2.96,1.8,1,13.0,2341391.0,3.0,64.0,0.0,0.0,1.0,1.0,0.0,0.0,,0,409.1,0,0
751,oneplus open,0,6.3,2,1,1,0.0,16.0,4.0,120.0,1.0,4.0,2.96,1.8,1,13.0,1752044.0,3.0,64.0,0.0,0.0,1.0,1.0,32.0,0.0,135.0,0,409.1,0,0
752,infinix hot 50 pro,0,6.78,2,2,0,256.0,8.0,5.0,0.0,2.0,6.0,2.3,2.0,1,14.0,570469.0,1.0,50.0,0.0,0.0,0.0,0.0,8.0,0.0,,1,409.1,0,0
753,motorola edge 40 pro,0,6.67,2,1,1,256.0,12.0,4600.0,165.0,1.0,3.0,3.2,2.0,1,13.0,1752044.0,3.0,50.0,1.6,0.0,1.0,1.0,60.0,2.2,130.0,0,394.6,1,0
754,samsung a06 -,0,6.67,0,6,0,128.0,6.0,0.0,0.0,2.0,4.0,2.8,1.8,1,13.0,419670.0,0.0,0.0,0.0,0.0,0.0,0.0,0.0,0.0,,4,390.5,0,0
755,vivo y91,0,6.22,1,2,0,64.0,3.0,4030.0,90.0,4.0,4.0,2.0,1.5,1,8.1,,2.0,13.0,2.2,0.0,0.0,0.0,8.0,1.8,,7,270.4,1,0
756,realme gt 5 pro,0,6.74,2,1,1,256.0,8.0,4.7,144.0,1.0,4.0,2.96,1.8,1,13.0,2341391.0,3.0,200.0,0.0,0.0,0.0,0.0,32.0,0.0,,0,450.5,0,0
757,vivo iqoo neo 8,0,6.78,2,1,1,256.0,12.0,5000.0,144.0,1.0,4.0,3.0,1.8,1,13.0,1411891.0,2.0,50.0,1.88,0.0,0.0,1.0,16.0,2.45,,0,409.1,1,0
758,vivo v29,0,6.7,2,1,1,256.0,12.0,5.0,120.0,1.0,4.0,2.96,1.8,1,13.0,800145.0,1.0,64.0,0.0,0.0,0.0,0.0,50.0,0.0,,0,409.1,0,0
759,vivo x100,0,6.7,2,1,1,256.0,12.0,5.0,144.0,1.0,4.0,2.96,1.8,1,13.0,1411891.0,3.0,50.0,0.0,0.0,0.0,0.0,32.0,0.0,,0,409.1,0,0
760,xiaomi redmi note 12 pro,0,6.66,2,2,1,256.0,8.0,5.0,120.0,2.0,6.0,2.6,2.0,1,12.0,,3.0,200.0,1.7,1.0,0.0,1.0,16.0,0.0,102.0,7,395.2,1,0
761,vivo y27s,0,6.64,1,6,0,256.0,8.0,5000.0,90.0,4.0,4.0,2.4,1.9,1,13.0,419670.0,2.0,50.0,1.8,0.0,0.0,0.0,8.0,2.0,,4,394.7,1,0
762,oppo a56s,0,6.56,1,2,0,128.0,8.0,5000.0,90.0,2.0,6.0,2.4,2.0,1,12.0,,2.0,13.0,2.2,0.0,0.0,1.0,8.0,2.0,,7,269.1,1,0
763,vivo iqoo z7x,0,6.64,1,1,1,128.0,8.0,6000.0,120.0,2.0,6.0,2.2,1.7,1,13.0,592489.0,2.0,50.0,1.8,0.0,0.0,1.0,8.0,2.0,,0,394.7,1,0
764,samsung galaxy c55,0,6.7,2,1,1,128.0,8.0,5.0,120.0,1.0,4.0,2.96,1.8,1,13.0,829085.0,3.0,50.0,1.8,0.0,1.0,1.0,50.0,2.4,,0,409.1,0,0
765,realme gt neo 6,0,6.67,0,6,1,128.0,12.0,0.0,0.0,2.0,4.0,2.8,1.8,1,13.0,419670.0,0.0,0.0,0.0,0.0,0.0,0.0,0.0,0.0,,4,390.5,0,0
766,oppo k11,0,6.7,2,1,1,256.0,8.0,4870.0,120.0,1.0,4.0,2.96,1.8,1,13.0,806420.0,3.0,50.0,0.0,0.0,0.0,0.0,16.0,0.0,,0,409.1,0,0
767,vivo s17,0,6.78,2,1,1,256.0,8.0,4600.0,120.0,1.0,4.0,2.96,1.8,1,13.0,800145.0,2.0,50.0,1.88,0.0,0.0,1.0,50.0,2.0,,0,409.1,1,0
768,samsung a26 -,0,6.67,0,6,0,256.0,8.0,0.0,0.0,2.0,4.0,2.8,1.8,1,13.0,419670.0,0.0,0.0,0.0,0.0,0.0,0.0,0.0,0.0,,4,390.5,0,0
769,oppo a2 pro,0,6.7,2,2,1,256.0,8.0,5000.0,120.0,2.0,6.0,2.3,2.0,1,13.0,802497.0,2.0,64.0,1.7,0.0,0.0,0.0,8.0,2.0,,1,394.4,1,0
770,vivo s17,0,6.78,2,1,1,256.0,8.0,4600.0,120.0,1.0,4.0,2.96,1.8,1,13.0,800145.0,2.0,50.0,1.88,0.0,0.0,1.0,50.0,2.0,,0,409.1,1,0
771,vivo y97,0,6.3,0,2,0,128.0,4.0,3240.0,0.0,2.0,6.0,2.3,2.0,1,13.0,232802.0,2.0,16.0,0.0,0.0,0.0,0.0,16.0,0.0,,1,400.5,1,0
772,vivo y67,0,5.5,1,2,0,32.0,4.0,3000.0,0.0,4.0,4.0,1.5,1.0,1,6.0,,1.0,13.0,2.2,0.0,0.0,0.0,16.0,2.0,,7,267.0,1,0
773,vivo s19 pro,0,6.78,2,2,1,256.0,8.0,5000.0,120.0,2.0,6.0,2.3,2.0,1,14.0,1798756.0,3.0,50.0,0.0,1.0,1.0,0.0,50.0,0.0,,1,409.1,0,0
774,google pixel 4 xl,0,6.3,2,1,1,64.0,6.0,3700.0,0.0,1.0,4.0,2.84,1.78,1,10.0,820253.0,2.0,16.0,1.7,1.0,1.0,1.0,8.0,2.0,,0,533.9,2,1
775,masstel izi 10,0,1.77,1,5,0,0.125,0.0,1000.0,0.0,2.0,6.0,1.8,1.8,1,13.0,419670.0,0.0,0.0,0.0,0.0,0.0,0.0,0.0,0.0,,4,115.8,1,0
776,honor magic v2,0,6.67,2,1,1,256.0,16.0,5.0,120.0,1.0,4.0,2.96,1.8,1,13.0,1752044.0,3.0,50.0,0.0,0.0,1.0,1.0,16.0,0.0,117.0,0,409.1,0,0
777,honor magic v3,0,7.0,2,1,0,512.0,12.0,5150.0,0.0,1.0,4.0,2.96,1.8,1,14.0,3336910.0,3.0,50.0,0.0,0.0,1.0,1.0,0.0,0.0,137.0,0,409.1,0,0
778,xiaomi 15t,0,6.67,0,6,0,256.0,12.0,0.0,0.0,2.0,4.0,2.8,1.8,1,13.0,419670.0,0.0,0.0,0.0,0.0,0.0,0.0,0.0,0.0,,4,390.5,0,0
779,oppo reno9 z,0,6.5,2,1,0,128.0,8.0,5.0,90.0,1.0,4.0,2.96,1.8,1,13.0,780000.0,4.0,64.0,0.0,0.0,0.0,0.0,32.0,0.0,,0,409.1,0,0
780,vivo y200 gt,0,6.78,2,1,1,128.0,8.0,6.0,144.0,1.0,4.0,2.96,1.8,1,14.0,1020938.0,2.0,50.0,0.0,0.0,0.0,0.0,16.0,0.0,,0,409.1,0,0
781,poco f6,0,6.67,0,6,1,0.0,0.0,0.0,0.0,2.0,4.0,2.8,1.8,1,13.0,419670.0,0.0,0.0,0.0,0.0,0.0,0.0,0.0,0.0,,4,390.5,0,0
782,huawei enjoy 60 pro,0,6.8,0,6,0,128.0,8.0,5000.0,90.0,2.0,4.0,2.8,1.8,1,13.0,,2.0,50.0,0.0,0.0,0.0,0.0,8.0,0.0,,7,385.4,0,0
783,xiaomi 14 pro,0,6.73,2,1,1,512.0,12.0,4880.0,120.0,1.0,2.0,3.3,2.3,1,14.0,2341391.0,3.0,50.0,1.4,1.0,1.0,1.0,32.0,0.0,,0,521.4,3,1
784,samsung a36 -,0,6.67,0,6,0,256.0,12.0,0.0,0.0,2.0,4.0,2.8,1.8,1,13.0,419670.0,0.0,0.0,0.0,0.0,0.0,0.0,0.0,0.0,,4,390.5,0,0
785,asus rog phone 6 mediatek,0,6.78,2,2,1,256.0,12.0,6000.0,165.0,2.0,6.0,2.3,2.0,1,12.0,,3.0,50.0,1.9,0.0,0.0,1.0,12.0,0.0,,7,394.6,1,0
786,sony xperia x compact,0,4.6,1,1,1,32.0,3.0,2700.0,0.0,2.0,4.0,1.8,1.44,1,8.0,,1.0,23.0,2.0,0.0,0.0,1.0,5.0,0.0,,7,319.3,1,0
787,nokia c12,0,6.3,1,5,0,64.0,2.0,3000.0,0.0,2.0,6.0,2.2,2.0,1,12.0,,1.0,8.0,0.0,0.0,0.0,0.0,5.0,0.0,,7,278.5,1,0
788,samsung galaxy a06,0,6.7,1,2,0,64.0,4.0,5000.0,60.0,2.0,6.0,2.0,1.8,1,14.0,349222.0,2.0,50.0,0.0,0.0,0.0,0.0,8.0,0.0,,1,261.9,2,0
789,huawei enjoy 60 pro,0,6.8,0,6,0,128.0,8.0,5000.0,90.0,2.0,4.0,2.8,1.8,1,13.0,,2.0,50.0,0.0,0.0,0.0,0.0,8.0,0.0,,7,385.4,0,0
790,oneplus v fold,0,6.67,2,1,1,256.0,16.0,4800.0,120.0,1.0,3.0,3.2,2.0,1,13.0,1752044.0,3.0,64.0,2.2,0.0,0.0,1.0,32.0,2.4,,0,409.1,1,0
791,masstel play 50,0,2.4,1,6,0,0.0,0.0,3000.0,0.0,2.0,4.0,2.8,1.8,1,13.0,419670.0,0.0,0.0,0.0,0.0,0.0,0.0,0.0,0.0,,4,269.9,0,0
792,tecno spark 50 pro,0,6.67,0,6,0,128.0,4.0,0.0,0.0,2.0,4.0,2.8,1.8,1,13.0,419670.0,0.0,0.0,0.0,0.0,0.0,0.0,0.0,0.0,,4,390.5,0,0
793,xiaomi redmi note 14 pro,0,6.67,0,6,0,256.0,8.0,0.0,0.0,2.0,4.0,2.8,1.8,1,13.0,419670.0,0.0,0.0,0.0,0.0,0.0,0.0,0.0,0.0,106.0,4,390.5,0,0
794,xiaomi redmi note 14 pro,0,6.67,0,6,0,512.0,12.0,0.0,0.0,2.0,4.0,2.8,1.8,1,13.0,419670.0,0.0,0.0,0.0,0.0,0.0,0.0,0.0,0.0,106.0,4,390.5,0,0
795,blackview a95,0,6.5,1,2,0,128.0,8.0,0.0,60.0,2.0,6.0,2.3,2.0,1,13.0,303398.0,1.0,20.0,0.0,0.0,0.0,0.0,8.0,0.0,,1,269.9,0,0
796,oppo reno12 f -,0,6.7,2,2,1,256.0,12.0,5000.0,120.0,2.0,6.0,2.3,2.0,1,14.0,532738.0,3.0,50.0,0.0,1.0,0.0,1.0,32.0,0.0,,1,409.1,0,0
797,doogee v30 pro,0,6.58,1,2,1,512.0,12.0,10800.0,120.0,2.0,6.0,2.6,2.0,1,13.0,,3.0,200.0,1.8,0.0,0.0,1.0,32.0,1.8,,7,401.1,1,0
798,realme 12 pro plus,0,6.7,2,1,1,128.0,8.0,5.0,120.0,1.0,4.0,2.96,1.8,1,13.0,1411891.0,3.0,108.0,0.0,0.0,0.0,0.0,32.0,0.0,,0,409.1,0,0
799,realme gt 5,0,6.74,2,1,1,1024.0,0.0,4600.0,144.0,1.0,3.0,3.2,2.0,1,13.0,,3.0,50.0,1.9,0.0,0.0,1.0,16.0,2.5,,7,450.5,1,0
800,vivo t3x,0,6.72,1,1,0,256.0,8.0,6.0,120.0,1.0,4.0,2.96,1.8,1,14.0,733620.0,2.0,50.0,1.82,0.0,0.0,0.0,8.0,0.0,,0,269.9,0,0
801,vivo y200i,0,6.72,1,1,0,512.0,12.0,6.0,120.0,1.0,4.0,2.96,1.8,1,14.0,572954.0,2.0,50.0,0.0,0.0,0.0,0.0,8.0,0.0,,0,269.9,0,0
802,honor x50i,0,6.7,1,2,0,128.0,8.0,4.5,90.0,2.0,6.0,2.3,2.0,1,12.0,527185.0,2.0,108.0,0.0,0.0,0.0,0.0,8.0,0.0,,1,391.2,0,0
803,honor x5 plus,0,6.56,1,2,1,64.0,4.0,5200.0,90.0,4.0,4.0,2.2,1.6,1,13.0,195539.0,8.0,50.0,1.8,0.0,0.0,0.0,5.0,2.2,,4,269.1,1,0
804,oneplus ace 3 pro,0,6.67,0,6,1,0.0,0.0,0.0,0.0,2.0,4.0,2.8,1.8,1,13.0,419670.0,0.0,0.0,0.0,0.0,0.0,0.0,0.0,0.0,,4,390.5,0,0
805,masstel tab 10 4,0,10.4,1,5,0,64.0,4.0,6000.0,0.0,2.0,6.0,1.8,1.8,1,11.0,,1.0,13.0,0.0,0.0,0.0,0.0,5.0,0.0,,7,224.3,1,0
806,infinix zero,0,6.78,1,2,0,256.0,8.0,5000.0,120.0,2.0,6.0,2.3,2.0,1,12.0,722902.0,3.0,50.0,0.0,0.0,0.0,0.0,16.0,0.0,,1,396.3,1,0
807,xiaomii 14 lite,0,6.67,2,1,1,512.0,12.0,4.6,144.0,1.0,4.0,2.96,1.8,1,14.0,1118041.0,4.0,64.0,0.0,0.0,0.0,0.0,32.0,0.0,,0,409.1,0,0
808,tcl 50se,0,6.78,0,2,1,256.0,6.0,5010.0,90.0,2.0,6.0,2.0,1.8,1,14.0,353817.0,2.0,50.0,1.8,0.0,0.0,0.0,8.0,0.0,,1,396.3,1,0
809,tcl 50se,0,6.78,0,2,1,256.0,6.0,5010.0,90.0,2.0,6.0,2.0,1.8,1,14.0,353817.0,2.0,50.0,1.8,0.0,0.0,0.0,8.0,0.0,,1,396.3,1,0
810,xiaomi redmi a4,0,6.71,0,6,0,128.0,4.0,5000.0,0.0,2.0,4.0,2.8,1.8,1,13.0,419670.0,0.0,0.0,0.0,0.0,0.0,0.0,5.0,0.0,,4,268.3,1,0
811,samsung galaxy f54,0,6.7,2,3,1,128.0,8.0,6000.0,120.0,4.0,4.0,2.4,2.0,1,13.0,765609.0,3.0,108.0,1.8,0.0,0.0,1.0,32.0,2.2,,1,392.8,1,0
812,nokia hero,0,6.8,2,1,0,256.0,12.0,8000.0,0.0,1.0,4.0,2.96,1.8,1,13.0,,4.0,200.0,0.0,0.0,0.0,0.0,48.0,0.0,,7,516.0,1,0
813,xiaomi redmi note 13,0,6.67,2,2,0,128.0,8.0,5.0,0.0,2.0,6.0,2.4,2.0,1,13.0,581315.0,2.0,108.0,0.0,0.0,0.0,0.0,16.0,0.0,91.0,1,394.6,0,0
814,xiaomi redmi note 13,0,6.67,2,2,0,128.0,8.0,5.0,0.0,2.0,6.0,2.4,2.0,1,13.0,581315.0,2.0,108.0,0.0,0.0,0.0,0.0,16.0,0.0,75.0,1,394.6,0,0
815,huawei p50 pocket s,0,6.67,0,1,1,256.0,0.0,0.0,120.0,1.0,4.0,2.96,1.8,1,13.0,780000.0,0.0,0.0,0.0,0.0,0.0,0.0,0.0,0.0,,0,390.5,0,0
816,infinix note 40,0,6.78,2,2,1,512.0,12.0,5000.0,120.0,2.0,6.0,2.3,2.0,1,13.0,639509.0,3.0,108.0,0.0,0.0,0.0,0.0,32.0,0.0,,4,409.1,0,0
817,xiaomi civi 3,0,6.55,2,2,1,256.0,12.0,4500.0,120.0,1.0,4.0,3.1,2.0,1,13.0,1206715.0,3.0,50.0,1.77,1.0,0.0,1.0,32.0,2.0,,1,401.8,1,0
818,vivo s17e,0,6.78,2,2,1,128.0,8.0,4600.0,120.0,2.0,6.0,2.3,2.0,1,13.0,971424.0,2.0,64.0,1.79,1.0,0.0,1.0,16.0,2.45,,7,388.2,1,0
819,vivo iqoo 11s,0,6.78,2,2,1,256.0,8.0,0.0,0.0,2.0,6.0,2.3,2.0,1,13.0,2415558.0,0.0,0.0,0.0,0.0,0.0,0.0,0.0,0.0,,1,517.6,0,0
820,leitz phone 2,0,6.6,2,1,1,512.0,12.0,5.0,240.0,1.0,4.0,2.96,1.8,1,12.0,,1.0,47.2,1.9,0.0,0.0,0.0,12.6,2.3,,7,409.1,0,0
821,doogee s100 pro,0,6.58,1,2,1,256.0,12.0,22000.0,120.0,2.0,6.0,2.3,2.0,1,12.0,,3.0,108.0,1.8,0.0,0.0,1.0,32.0,1.8,,7,401.1,1,0
822,realme c67,0,6.72,1,1,0,256.0,8.0,5000.0,90.0,1.0,4.0,2.96,1.8,1,14.0,461236.0,2.0,108.0,1.82,0.0,0.0,0.0,8.0,2.05,,0,391.6,1,0
823,oppo a98,0,6.6,2,1,0,128.0,8.0,5.0,120.0,1.0,4.0,2.96,1.8,1,13.0,780000.0,2.0,48.0,0.0,0.0,0.0,0.0,16.0,0.0,,0,409.1,0,0
824,xiaomi redmi note 13s,0,6.6,2,2,0,128.0,6.0,5.0,120.0,2.0,6.0,2.3,2.0,1,13.0,980006.0,2.0,50.0,0.0,0.0,0.0,0.0,13.0,0.0,,1,409.1,0,0
825,tecno spark go 3,0,6.75,0,5,0,128.0,4.0,5000.0,120.0,2.0,6.0,1.8,1.8,1,15.0,,1.0,13.0,0.0,0.0,0.0,0.0,8.0,0.0,,7,259.9,0,0
826,honor 200,0,6.7,2,1,1,256.0,12.0,5200.0,120.0,1.0,4.0,2.96,1.8,1,14.0,1020938.0,2.0,50.0,1.95,0.0,1.0,1.0,50.0,0.0,130.0,0,409.1,2,0
827,honor play 30,0,6.5,1,1,0,128.0,4.0,5000.0,90.0,2.0,6.0,2.2,1.9,1,11.0,,1.0,13.0,1.8,0.0,0.0,1.0,5.0,2.2,,7,269.9,1,0
828,tecno camon 20 pro,0,6.67,2,2,1,256.0,8.0,5000.0,120.0,1.0,4.0,3.0,2.0,1,13.0,1028453.0,3.0,64.0,1.7,0.0,0.0,1.0,32.0,2.5,,1,394.6,1,0
829,infinix hot 40,0,6.78,1,2,0,128.0,8.0,5000.0,90.0,2.0,6.0,2.0,1.8,1,13.0,,2.0,50.0,1.6,0.0,0.0,1.0,32.0,2.2,,7,396.3,1,0
830,infinix zero 30,0,6.78,2,2,1,256.0,8.0,5000.0,144.0,4.0,4.0,2.6,2.0,1,13.0,969978.0,3.0,108.0,1.7,0.0,0.0,1.0,50.0,2.5,,1,388.2,1,0
831,motorola moto g13,0,6.5,1,2,1,64.0,4.0,5000.0,90.0,2.0,6.0,2.0,1.8,1,13.0,,3.0,50.0,1.8,0.0,0.0,1.0,8.0,2.0,,7,269.9,2,1
832,samsung galaxy a34,0,6.6,2,2,1,256.0,8.0,5.0,120.0,2.0,6.0,2.6,2.0,1,13.0,722902.0,3.0,48.0,1.8,1.0,0.0,1.0,13.0,2.2,92.0,1,398.8,1,0
833,samsung galaxy a35 -,0,6.6,2,3,1,256.0,8.0,5000.0,120.0,4.0,4.0,2.4,2.0,1,14.0,765609.0,3.0,50.0,2.2,1.0,0.0,1.0,13.0,2.2,,1,390.5,1,0
834,vivo x fold 3,0,6.67,2,1,1,256.0,16.0,4.9,120.0,1.0,4.0,2.96,1.8,1,14.0,2341391.0,3.0,50.0,0.0,0.0,0.0,0.0,16.0,0.0,,0,409.1,0,0
835,tcl 505,0,6.75,0,2,1,128.0,4.0,5010.0,90.0,4.0,4.0,2.2,1.6,1,14.0,353817.0,2.0,50.0,1.8,0.0,0.0,0.0,5.0,2.2,,1,259.9,1,0
836,vivo y81,0,6.0,1,2,0,32.0,3.0,3260.0,0.0,2.0,6.0,2.3,2.0,1,13.0,,1.0,13.0,0.0,0.0,0.0,0.0,5.0,0.0,,7,280.3,1,0
837,lenovo thinkphone,0,6.6,2,1,1,128.0,8.0,5.0,120.0,1.0,4.0,2.96,1.8,1,13.0,1411891.0,2.0,50.0,1.8,1.0,0.0,1.0,32.0,0.0,,0,398.8,0,0
838,samsung galaxy a14,0,6.6,1,2,1,128.0,6.0,5.0,60.0,2.0,6.0,2.3,2.0,1,13.0,310388.0,2.0,50.0,0.0,0.0,0.0,0.0,13.0,0.0,67.0,1,399.9,0,0
839,realme 10t,0,6.6,1,2,0,128.0,8.0,5.0,90.0,2.0,6.0,2.4,2.0,1,13.0,,2.0,50.0,1.8,0.0,1.0,1.0,8.0,2.0,,7,399.9,1,0
840,xiaomi 14 pro,0,6.73,2,1,1,256.0,12.0,4880.0,120.0,1.0,2.0,3.3,2.3,1,14.0,2341391.0,3.0,50.0,1.4,1.0,1.0,1.0,32.0,0.0,,0,521.4,3,1
841,google pixel 2 xl,0,6.0,2,1,1,64.0,4.0,3520.0,0.0,4.0,4.0,2.35,1.9,1,8.0,438016.0,1.0,2.0,1.8,1.0,0.0,1.0,8.0,2.4,,0,536.7,2,1
842,honor 70 lite,0,6.5,1,1,1,128.0,4.0,5000.0,60.0,76.0,55.0,2.2,1.9,1,12.0,477542.0,3.0,50.0,1.8,0.0,0.0,0.0,8.0,2.0,58.0,0,269.9,1,0
843,honor x50i,0,6.7,0,6,0,128.0,6.0,4.0,0.0,2.0,4.0,2.8,1.8,1,13.0,419670.0,2.0,108.0,0.0,0.0,0.0,0.0,8.0,0.0,,4,394.4,0,0
844,honor 90 lite,0,6.7,0,2,1,256.0,8.0,4500.0,0.0,2.0,6.0,2.2,2.0,1,13.0,527185.0,4.0,100.0,1.9,0.0,0.0,1.0,16.0,2.45,73.0,1,391.2,1,0
845,masstel izi 50,0,2.4,1,5,0,0.125,0.0,1700.0,0.0,2.0,6.0,1.8,1.8,1,13.0,419670.0,0.0,0.0,0.0,0.0,0.0,0.0,0.0,0.0,,4,166.7,1,0
846,infinix hot 20 play,0,6.82,1,2,0,128.0,4.0,6000.0,90.0,2.0,6.0,2.3,2.0,1,13.0,,1.0,13.0,1.8,0.0,0.0,0.0,8.0,0.0,,7,262.6,1,0
847,masstel x6,0,5.45,0,2,0,16.0,1.0,2.2,0.0,2.0,6.0,2.3,2.0,1,13.0,,2.0,8.0,0.0,0.0,0.0,0.0,5.0,0.0,,7,390.5,0,0
848,motorola moto g22,0,6.5,1,2,1,64.0,4.0,5000.0,90.0,4.0,4.0,2.3,1.8,1,13.0,,4.0,50.0,1.8,0.0,0.0,1.0,16.0,2.5,,7,269.9,1,0
849,vivo iqoo z7,0,6.38,2,2,0,128.0,6.0,4500.0,90.0,2.0,6.0,2.5,2.0,1,13.0,750481.0,2.0,64.0,2.4,0.0,0.0,1.0,16.0,2.0,,1,412.5,1,0
850,xiaomi 15,0,6.36,2,1,0,256.0,12.0,5240.0,120.0,1.0,4.0,2.96,1.8,1,13.0,,0.0,0.0,0.0,0.0,0.0,0.0,0.0,0.0,147.0,7,409.1,0,0
851,vivo y78,0,6.67,0,6,1,128.0,4.0,4.9,0.0,2.0,4.0,2.8,1.8,1,13.0,419670.0,0.0,0.0,0.0,0.0,0.0,0.0,0.0,0.0,,4,390.5,0,0
852,vivo y22t,0,6.55,1,2,0,64.0,4.0,5000.0,90.0,2.0,6.0,2.3,2.0,1,11.0,349222.0,2.0,50.0,0.0,0.0,0.0,0.0,8.0,0.0,,1,269.9,0,0
853,oppo f27 pro plus,0,6.67,0,6,1,256.0,12.0,0.0,0.0,2.0,4.0,2.8,1.8,1,13.0,419670.0,0.0,0.0,0.0,0.0,0.0,0.0,0.0,0.0,,4,390.5,0,0
854,vivo y78,0,6.67,1,2,1,128.0,8.0,5000.0,120.0,2.0,6.0,2.2,2.0,1,13.0,639509.0,2.0,50.0,1.8,0.0,0.0,1.0,8.0,2.0,,4,392.9,1,0
855,doogee v30t,0,6.58,1,2,1,256.0,12.0,10800.0,120.0,2.0,6.0,2.3,2.0,1,12.0,722902.0,3.0,108.0,1.8,0.0,0.0,1.0,32.0,1.8,,1,401.1,1,0
856,honor 600,0,6.57,0,6,0,256.0,12.0,9000.0,0.0,2.0,4.0,2.8,1.8,1,13.0,419670.0,0.0,0.0,0.0,0.0,0.0,0.0,0.0,0.0,,4,390.5,0,0
857,tecno spark 30 -,0,6.67,0,6,0,128.0,6.0,0.0,0.0,2.0,4.0,2.8,1.8,1,13.0,419670.0,0.0,0.0,0.0,0.0,0.0,0.0,0.0,0.0,,4,390.5,0,0
858,tecno camon 20 premier,0,6.0,2,2,1,512.0,8.0,0.0,120.0,2.0,6.0,2.3,2.0,1,13.0,980006.0,2.0,108.0,0.0,0.0,0.0,1.0,0.0,0.0,,1,409.1,0,0
859,honor magic v,0,7.9,2,1,1,256.0,12.0,4750.0,90.0,1.0,4.0,2.96,1.8,1,12.0,1294632.0,3.0,50.0,1.9,0.0,0.0,1.0,42.0,2.4,,0,381.8,1,0
860,honor x7a,0,6.7,1,2,0,128.0,6.0,6000.0,90.0,4.0,4.0,2.3,1.7,1,12.0,,4.0,50.0,1.8,0.0,0.0,1.0,8.0,2.0,147.0,7,261.9,1,0
861,masstel x1,0,4.95,0,6,0,8.0,1.0,2000.0,0.0,2.0,4.0,2.8,1.8,1,8.1,,1.0,5.0,0.0,0.0,0.0,0.0,2.0,0.0,,7,216.8,1,0
862,masstel tab 10a,0,10.1,1,2,0,32.0,3.0,6000.0,0.0,2.0,6.0,2.3,2.0,1,11.0,,1.0,5.0,0.0,0.0,0.0,0.0,2.0,0.0,,7,149.4,1,0
863,samsung galaxy f34,0,6.46,0,3,1,128.0,6.0,6.0,120.0,2.0,4.0,2.55,2.0,1,13.0,605067.0,3.0,50.0,0.0,0.0,0.0,1.0,13.0,0.0,,1,390.5,1,0
864,vivo y18e,0,6.56,1,2,0,64.0,4.0,5000.0,90.0,2.0,6.0,2.3,2.0,1,14.0,349222.0,1.0,13.0,2.2,0.0,0.0,0.0,5.0,2.2,,1,269.1,0,0
865,vivo y35 plus,0,6.64,0,6,0,512.0,16.0,4.0,0.0,2.0,4.0,2.8,1.8,1,13.0,419670.0,1.0,50.0,0.0,0.0,0.0,0.0,8.0,0.0,,4,390.5,0,0
866,xiaomi 14 civi,0,6.67,0,6,1,128.0,8.0,0.0,0.0,2.0,4.0,2.8,1.8,1,13.0,419670.0,0.0,0.0,0.0,0.0,0.0,0.0,0.0,0.0,,4,390.5,1,0
867,oppo k11x,0,6.72,1,1,0,128.0,8.0,5000.0,120.0,2.0,6.0,2.2,1.7,1,13.0,592489.0,2.0,108.0,1.8,0.0,0.0,1.0,16.0,2.4,,0,391.6,1,0
868,xiaomi redmi note 13 pro,0,6.67,2,2,0,128.0,8.0,5000.0,120.0,2.0,6.0,2.3,2.0,1,13.0,,3.0,200.0,0.0,0.0,0.0,0.0,16.0,0.0,120.0,7,394.6,1,0
869,xiaomi 14 lite,0,6.67,2,1,1,256.0,8.0,4.6,144.0,1.0,4.0,2.96,1.8,1,14.0,1118041.0,4.0,64.0,0.0,0.0,0.0,0.0,32.0,0.0,,0,409.1,0,0
870,oppo f27 pro,0,6.67,0,6,0,256.0,12.0,0.0,0.0,2.0,4.0,2.8,1.8,1,13.0,419670.0,0.0,0.0,0.0,0.0,0.0,0.0,0.0,0.0,,4,390.5,0,0
871,xiaomi poco c55,0,6.71,1,2,0,64.0,4.0,5000.0,60.0,2.0,6.0,2.3,2.0,1,12.0,349222.0,1.0,50.0,1.8,0.0,0.0,0.0,5.0,2.0,,1,268.3,1,0
872,realme narzo n53,0,6.74,0,6,0,64.0,4.0,5000.0,90.0,2.0,4.0,2.8,1.8,1,13.0,419670.0,1.0,50.0,0.0,0.0,0.0,0.0,8.0,0.0,,4,390.5,1,0
873,vivo y38,0,6.67,1,1,1,256.0,8.0,6000.0,120.0,1.0,4.0,2.96,1.8,1,14.0,572954.0,2.0,50.0,0.0,0.0,0.0,0.0,8.0,0.0,,0,264.7,0,0
874,htc u23 pro,0,6.67,2,1,1,256.0,12.0,0.0,120.0,1.0,4.0,2.96,1.8,1,13.0,829085.0,0.0,0.0,0.0,0.0,0.0,0.0,0.0,0.0,,0,409.1,0,0
875,samsung galaxy f04s,0,6.5,1,3,0,64.0,4.0,4.0,90.0,2.0,4.0,2.55,2.0,1,12.0,231906.0,3.0,50.0,0.0,0.0,0.0,0.0,5.0,0.0,,1,269.9,0,0
876,huawei nova 11 se,0,6.67,2,1,1,256.0,8.0,4.0,90.0,1.0,4.0,2.96,1.8,1,13.0,415362.0,3.0,108.0,1.9,0.0,0.0,0.0,32.0,2.45,,0,409.1,1,0
877,xiaomi redmi a2,0,6.52,1,2,0,32.0,3.0,5.0,0.0,2.0,6.0,2.3,2.0,1,13.0,155362.0,1.0,8.0,0.0,0.0,0.0,0.0,5.0,0.0,,4,269.9,0,0
878,honor play 40c,0,6.6,0,1,0,128.0,6.0,5.0,90.0,1.0,4.0,2.96,1.8,1,13.0,477542.0,1.0,13.0,0.0,0.0,0.0,0.0,5.0,0.0,,0,267.5,0,0
879,masstel izi 26,0,2.4,1,5,0,0.125,0.0,1800.0,0.0,2.0,6.0,1.8,1.8,1,13.0,,0.0,0.0,0.0,0.0,0.0,0.0,0.0,0.0,,7,166.7,1,0
880,masstel hapi 10,0,5.0,1,2,0,16.0,2.0,2000.0,0.0,2.0,6.0,2.3,2.0,1,9.0,,1.0,5.0,0.0,0.0,0.0,0.0,5.0,0.0,,7,293.7,1,0
881,masstel izi 11,0,1.77,1,6,0,0.125,0.0,1000.0,0.0,2.0,4.0,2.8,1.8,1,13.0,419670.0,0.0,0.0,0.0,0.0,0.0,0.0,0.0,0.0,,4,115.8,1,0
882,masstel izi 25,0,2.4,1,5,0,0.125,0.0,1400.0,0.0,2.0,6.0,1.8,1.8,1,13.0,,0.0,0.0,0.0,0.0,0.0,0.0,0.0,0.0,,7,166.7,1,0
883,masstel izi 20,0,1.77,1,5,0,0.125,0.0,1700.0,0.0,2.0,6.0,1.8,1.8,1,13.0,419670.0,0.0,0.0,0.0,0.0,0.0,0.0,0.0,0.0,,4,269.9,1,0
884,masstel x5,0,5.45,1,6,0,8.0,1.0,3200.0,0.0,2.0,4.0,2.8,1.8,1,8.1,,1.0,8.0,0.0,0.0,0.0,0.0,5.0,0.0,,7,295.4,1,0
885,xiaomi 14t,0,6.67,0,6,0,256.0,12.0,0.0,0.0,2.0,4.0,2.8,1.8,1,13.0,419670.0,0.0,0.0,0.0,0.0,0.0,0.0,0.0,0.0,134.0,4,390.5,0,0
886,vivo v29 pro,0,6.7,2,2,0,256.0,12.0,5.0,120.0,2.0,6.0,2.3,2.0,1,13.0,971424.0,1.0,64.0,0.0,0.0,0.0,0.0,50.0,0.0,,7,409.1,0,0
887,samsung a26 -,0,6.67,0,6,0,128.0,6.0,0.0,0.0,2.0,4.0,2.8,1.8,1,13.0,419670.0,0.0,0.0,0.0,0.0,0.0,0.0,0.0,0.0,,4,390.5,0,0
888,vivo x fold2,0,8.03,2,1,1,256.0,12.0,4800.0,120.0,1.0,3.0,3.2,2.0,1,13.0,1752044.0,3.0,50.0,1.8,1.0,1.0,1.0,16.0,2.5,,0,359.6,1,0
889,xiaomi redmi 14,0,6.88,0,6,0,128.0,4.0,0.0,0.0,2.0,4.0,2.8,1.8,1,13.0,419670.0,0.0,0.0,0.0,0.0,0.0,0.0,0.0,0.0,,4,390.5,0,0
890,samsung galaxy f55,0,6.7,0,1,1,128.0,8.0,5000.0,120.0,1.0,4.0,2.96,1.8,1,14.0,829085.0,3.0,50.0,0.0,0.0,0.0,1.0,50.0,0.0,,0,390.5,0,0
891,oppo find x7,0,6.67,0,6,0,0.0,0.0,0.0,0.0,2.0,4.0,2.8,1.8,1,13.0,419670.0,0.0,0.0,0.0,0.0,0.0,0.0,0.0,0.0,,4,390.5,0,0
892,xiaomi redmi note 13 pro plus,0,6.67,2,2,1,256.0,8.0,5000.0,120.0,2.0,6.0,2.8,2.0,1,13.0,960142.0,3.0,200.0,0.0,0.0,0.0,0.0,16.0,0.0,121.0,7,445.8,1,0
893,vivo y12,0,6.35,1,2,0,64.0,3.0,5000.0,0.0,4.0,4.0,2.3,1.8,1,9.0,,3.0,13.0,2.2,0.0,0.0,0.0,8.0,1.8,,7,268.3,1,0
894,poco m6 plus,0,6.67,0,6,1,0.0,0.0,0.0,0.0,2.0,4.0,2.8,1.8,1,13.0,419670.0,0.0,0.0,0.0,0.0,0.0,0.0,0.0,0.0,,4,390.5,0,0
895,tecno spark 30,0,6.67,0,6,0,128.0,8.0,0.0,0.0,2.0,4.0,2.8,1.8,1,13.0,419670.0,0.0,0.0,0.0,0.0,0.0,0.0,0.0,0.0,,4,390.5,0,0
896,tecno camon 40s,0,6.67,0,6,0,0.0,0.0,0.0,0.0,2.0,4.0,2.8,1.8,1,13.0,419670.0,0.0,0.0,0.0,0.0,0.0,0.0,0.0,0.0,,4,390.5,0,0
897,honor play 7t pro,0,6.7,1,2,0,128.0,8.0,4000.0,90.0,2.0,6.0,2.2,2.0,1,12.0,527185.0,2.0,50.0,1.8,0.0,0.0,1.0,8.0,2.0,,1,391.2,1,0
898,honor x6a,0,6.56,1,2,1,128.0,4.0,5200.0,90.0,2.0,6.0,2.3,2.0,1,13.0,195539.0,3.0,50.0,1.8,0.0,0.0,0.0,5.0,0.0,,4,269.1,1,0
899,masstel izi 55,0,2.4,1,5,0,0.0,0.0,1800.0,0.0,2.0,6.0,1.8,1.8,1,11.0,,0.0,0.0,0.0,0.0,0.0,0.0,0.0,0.0,,7,269.9,1,0
900,masstel hapi 30,0,6.26,1,6,0,32.0,3.0,3000.0,0.0,2.0,4.0,2.8,1.8,1,11.0,,1.0,8.0,0.0,0.0,0.0,0.0,5.0,0.0,,7,268.7,0,0
901,masstel hapi 15,0,5.45,1,6,0,16.0,2.0,2500.0,0.0,2.0,4.0,2.8,1.8,1,11.0,,1.0,5.0,0.0,0.0,0.0,0.0,5.0,0.0,,7,295.4,1,0
902,masstel izi 12,0,1.77,1,5,0,0.125,0.0,1000.0,0.0,2.0,6.0,1.8,1.8,1,13.0,,0.0,0.0,0.0,0.0,0.0,0.0,0.0,0.0,,7,113.0,1,0
903,masstel lux 10,0,2.4,1,5,0,0.125,0.0,1400.0,0.0,2.0,6.0,1.8,1.8,1,13.0,,0.0,0.0,0.0,0.0,0.0,0.0,0.0,0.0,,7,166.7,1,0
904,masstel tab 8 pro,0,8.0,1,2,0,16.0,2.0,4000.0,0.0,2.0,6.0,2.3,2.0,1,9.0,,1.0,5.0,0.0,0.0,0.0,0.0,2.0,0.0,,7,188.7,1,0
905,xiaomi 17t pro,0,6.67,0,6,0,0.0,0.0,0.0,0.0,2.0,4.0,2.8,1.8,1,13.0,419670.0,0.0,0.0,0.0,0.0,0.0,0.0,0.0,0.0,,4,390.5,0,0
906,vivo s17t,0,6.78,2,2,1,512.0,12.0,4600.0,120.0,1.0,4.0,3.0,2.0,1,13.0,1028453.0,2.0,50.0,1.9,0.0,0.0,1.0,50.0,2.0,,1,409.1,1,0
907,samsung galaxy z fold mới,0,6.67,0,6,0,0.0,0.0,0.0,0.0,2.0,4.0,2.8,1.8,1,13.0,419670.0,0.0,0.0,0.0,0.0,0.0,0.0,0.0,0.0,,4,390.5,0,0
908,asus rog phone 8,0,6.7,2,1,1,256.0,12.0,6.0,165.0,1.0,4.0,2.96,1.8,1,13.0,1118041.0,3.0,64.0,1.8,0.0,0.0,1.0,0.0,0.0,,0,392.8,0,0
909,sharp rouvo v,0,6.5,0,2,0,32.0,3.0,3.0,60.0,2.0,6.0,2.3,2.0,1,13.0,155362.0,1.0,8.0,0.0,0.0,0.0,0.0,5.0,0.0,,4,390.5,0,0
910,sharp rouvo v,0,6.5,0,2,0,32.0,3.0,3.0,60.0,2.0,6.0,2.3,2.0,1,13.0,155362.0,1.0,8.0,0.0,0.0,0.0,0.0,5.0,0.0,,4,390.5,0,0
911,samsung galaxy a37,0,6.7,2,3,1,128.0,6.0,5000.0,120.0,2.0,4.0,2.55,2.0,1,16.0,997728.0,3.0,50.0,0.0,0.0,0.0,1.0,12.0,0.0,,3,409.1,0,0
912,samsung galaxy a57,0,6.7,2,3,1,256.0,12.0,5000.0,120.0,2.0,4.0,2.55,2.0,1,16.0,1390055.0,3.0,50.0,0.0,0.0,0.0,1.0,12.0,0.0,,3,409.1,0,0
913,samsung galaxy a57,0,6.7,2,3,1,256.0,8.0,5000.0,120.0,2.0,4.0,2.55,2.0,1,16.0,1390055.0,3.0,50.0,0.0,0.0,0.0,1.0,12.0,0.0,,3,409.1,0,0
914,tecno pova 8,0,6.67,0,6,0,256.0,4.0,0.0,0.0,2.0,4.0,2.8,1.8,1,13.0,419670.0,0.0,0.0,0.0,0.0,0.0,0.0,0.0,0.0,,4,390.5,0,0
915,xiaomi redmi note 13,0,6.67,2,1,0,256.0,8.0,5000.0,120.0,1.0,4.0,2.96,1.8,1,13.0,461236.0,2.0,108.0,0.0,0.0,0.0,0.0,16.0,0.0,91.0,0,392.9,0,0
916,xiaomi redmi note 13,0,6.67,2,1,0,256.0,8.0,5000.0,120.0,1.0,4.0,2.96,1.8,1,13.0,461236.0,2.0,108.0,0.0,0.0,0.0,0.0,16.0,0.0,75.0,0,392.9,0,0
917,vivo y11,0,6.51,1,6,0,64.0,6.0,5.0,60.0,2.0,4.0,2.8,1.8,1,13.0,419670.0,1.0,8.0,0.0,0.0,0.0,0.0,5.0,0.0,,4,269.5,0,0
918,realme narzo n55,0,6.67,0,6,0,64.0,4.0,0.0,0.0,2.0,4.0,2.8,1.8,1,13.0,419670.0,0.0,0.0,0.0,0.0,0.0,0.0,0.0,0.0,,4,390.5,0,0
919,vivo y78m,0,6.38,2,2,0,0.0,12.0,0.0,0.0,2.0,6.0,2.3,2.0,1,13.0,639509.0,0.0,0.0,0.0,0.0,0.0,0.0,0.0,0.0,,4,409.1,0,0
920,vivo v30e se,0,6.67,0,6,1,0.0,0.0,5.0,0.0,2.0,4.0,2.8,1.8,1,13.0,419670.0,0.0,0.0,0.0,0.0,0.0,0.0,0.0,0.0,,4,390.5,0,0
921,vivo v40 lite,0,6.67,2,1,1,256.0,8.0,5000.0,120.0,4.0,4.0,2.8,1.9,1,14.0,461236.0,2.0,50.0,1.8,0.0,0.0,0.0,32.0,2.45,,0,394.6,2,0
922,htc wildfire e star,0,6.5,0,5,0,16.0,2.0,3.0,0.0,2.0,6.0,1.8,1.8,1,12.0,,1.0,8.0,0.0,0.0,0.0,0.0,5.0,0.0,,7,269.9,1,0
923,xiaomi redmi note 14 pro plus,0,6.67,0,6,0,128.0,8.0,0.0,0.0,2.0,4.0,2.8,1.8,1,13.0,419670.0,0.0,0.0,0.0,0.0,0.0,0.0,0.0,0.0,,4,390.5,0,0
924,xiaomi 14 pro,0,6.73,2,1,1,256.0,8.0,4880.0,120.0,1.0,2.0,3.3,2.3,1,14.0,2341391.0,3.0,50.0,1.4,1.0,1.0,1.0,32.0,0.0,,0,521.4,3,1
925,xiaomi 14,0,6.36,2,1,1,128.0,8.0,4610.0,120.0,1.0,2.0,3.3,2.3,1,14.0,2341391.0,3.0,50.0,1.6,1.0,1.0,1.0,32.0,0.0,138.0,0,409.1,3,1
926,vivo y77t,0,6.53,1,3,0,128.0,6.0,4500.0,0.0,2.0,6.0,2.0,1.8,1,10.0,,3.0,48.0,1.8,0.0,0.0,1.0,8.0,2.0,,7,394.7,1,0
927,xiaomi 14 -,0,6.36,2,1,1,1024.0,16.0,4610.0,120.0,1.0,2.0,3.3,2.3,1,14.0,,3.0,50.0,0.0,0.0,0.0,0.0,32.0,0.0,,7,460.3,1,0
928,huawei nova y71,0,6.75,1,6,0,128.0,8.0,6000.0,0.0,2.0,4.0,2.8,1.8,1,13.0,419670.0,3.0,48.0,1.8,0.0,0.0,1.0,8.0,2.0,,4,259.9,0,0
929,samsung galaxy fold5,0,7.6,2,1,0,512.0,12.0,4400.0,120.0,1.0,4.0,2.96,1.8,1,13.0,1752044.0,3.0,50.0,1.8,0.0,1.0,1.0,10.0,2.2,,0,409.1,3,1
930,samsung a56 -,0,6.67,0,6,0,256.0,8.0,0.0,0.0,2.0,4.0,2.8,1.8,1,13.0,419670.0,0.0,0.0,0.0,0.0,0.0,0.0,0.0,0.0,,4,390.5,0,0
931,huawei nova y71,0,6.75,1,6,0,128.0,8.0,6000.0,0.0,2.0,4.0,2.8,1.8,1,13.0,419670.0,3.0,48.0,1.8,0.0,0.0,1.0,8.0,2.0,,4,259.9,0,0
932,samsung galaxy fold5,0,7.6,2,1,0,512.0,12.0,4400.0,120.0,1.0,4.0,2.96,1.8,1,13.0,1752044.0,3.0,50.0,1.8,0.0,1.0,1.0,10.0,2.2,,0,409.1,3,1
933,vivo v40 lite,0,6.67,2,1,1,256.0,8.0,5000.0,120.0,4.0,4.0,2.8,1.9,1,14.0,461236.0,2.0,50.0,1.8,0.0,0.0,0.0,32.0,2.45,,0,394.6,2,0
934,vivo v30e se,0,6.67,0,6,1,0.0,0.0,5.0,0.0,2.0,4.0,2.8,1.8,1,13.0,419670.0,0.0,0.0,0.0,0.0,0.0,0.0,0.0,0.0,,4,390.5,0,0
935,honor 600 lite,0,6.66,2,2,1,256.0,12.0,6.52,120.0,2.0,6.0,2.3,2.0,1,16.0,,2.0,108.0,0.0,0.0,0.0,0.0,16.0,0.0,,7,409.1,0,0
936,camon slim,0,6.67,0,6,0,256.0,8.0,0.0,0.0,2.0,4.0,2.8,1.8,1,13.0,419670.0,0.0,0.0,0.0,0.0,0.0,0.0,0.0,0.0,,4,390.5,0,0
937,honor 600 lite,0,6.66,2,2,1,256.0,8.0,6.52,120.0,2.0,6.0,2.3,2.0,1,16.0,,2.0,108.0,0.0,0.0,0.0,0.0,16.0,0.0,,7,409.1,0,0
938,xiaomi redmi a7 pro,0,6.9,1,5,0,64.0,4.0,6000.0,120.0,2.0,6.0,1.8,1.8,1,16.0,,1.0,13.0,0.0,0.0,0.0,0.0,8.0,0.0,,7,269.9,0,0
939,xiaomi redmi a7,0,6.9,1,5,0,128.0,4.0,6.0,120.0,2.0,6.0,1.8,1.8,1,15.0,,1.0,50.0,0.0,0.0,0.0,0.0,13.0,0.0,,7,269.9,0,0
940,honor play 7t,0,6.74,1,2,0,128.0,8.0,6000.0,90.0,2.0,6.0,2.2,2.0,1,12.0,527185.0,2.0,50.0,1.8,0.0,0.0,1.0,5.0,2.2,,1,260.3,1,0
941,masstel x9,0,5.5,1,6,0,16.0,2.0,2500.0,0.0,2.0,4.0,2.8,1.8,1,13.0,,1.0,8.0,0.0,0.0,0.0,0.0,5.0,0.0,,7,72.7,1,0
942,motorola moto g23,0,6.5,1,2,1,64.0,4.0,5000.0,90.0,2.0,6.0,2.0,1.8,1,13.0,,3.0,50.0,1.8,0.0,0.0,1.0,16.0,2.5,54.0,7,269.9,2,1
943,motorola moto e13,0,6.5,1,5,0,64.0,2.0,5000.0,0.0,2.0,6.0,1.6,1.6,1,13.0,330006.0,1.0,13.0,2.2,0.0,0.0,1.0,5.0,2.4,,1,269.9,2,1
944,xiaomi 14t,0,6.67,0,6,0,512.0,12.0,0.0,0.0,2.0,4.0,2.8,1.8,1,13.0,419670.0,0.0,0.0,0.0,0.0,0.0,0.0,0.0,0.0,134.0,4,390.5,0,0
945,xiaomi poco f7 ultra,0,6.67,2,1,1,256.0,12.0,5300.0,120.0,2.0,6.0,4.32,3.53,1,15.0,,3.0,50.0,1.6,0.0,1.0,1.0,32.0,2.0,,7,526.1,2,0
946,vivo y1s,0,6.22,1,2,0,32.0,2.0,4030.0,60.0,4.0,4.0,2.3,1.8,1,10.0,199111.0,1.0,13.0,0.0,0.0,0.0,0.0,5.0,0.0,,4,270.4,1,0
947,samsung galaxy a37,0,6.7,2,3,1,128.0,6.0,5000.0,120.0,2.0,4.0,2.55,2.0,1,16.0,997728.0,3.0,50.0,0.0,0.0,0.0,1.0,12.0,0.0,,3,409.1,0,0
948,xiaomi redmi note 14 pro plus,0,6.67,0,6,0,128.0,6.0,0.0,0.0,2.0,4.0,2.8,1.8,1,13.0,419670.0,0.0,0.0,0.0,0.0,0.0,0.0,0.0,0.0,,4,390.5,0,0
949,htc u11,0,5.5,0,1,1,128.0,6.0,3000.0,0.0,1.0,4.0,2.96,1.8,1,13.0,438016.0,1.0,12.0,0.0,0.0,0.0,0.0,16.0,0.0,,0,534.0,1,0
950,xiaomi 14 lite,0,6.67,2,1,1,256.0,12.0,4.6,144.0,1.0,4.0,2.96,1.8,1,14.0,1118041.0,4.0,64.0,0.0,0.0,0.0,0.0,32.0,0.0,,0,409.1,0,0
951,vivo x100s,0,6.78,2,2,1,1024.0,16.0,5100.0,120.0,2.0,6.0,2.3,2.0,1,14.0,2347116.0,3.0,64.0,0.0,0.0,0.0,0.0,32.0,0.0,,1,452.9,2,0
952,vivo v29 lite,0,6.78,2,1,1,128.0,8.0,5.0,120.0,2.0,6.0,2.2,1.7,1,13.0,592489.0,3.0,64.0,1.8,0.0,0.0,1.0,16.0,2.5,,0,388.2,1,0
953,google pixel 8a,0,6.1,2,6,1,0.25,8.0,4492.0,120.0,1.0,4.0,3.0,2.15,1,14.0,1414384.0,2.0,50.0,0.0,0.0,0.0,0.0,10.5,0.0,136.0,1,431.4,0,0
954,honor magic 7 pro,0,6.8,2,1,1,1024.0,16.0,5850.0,120.0,1.0,4.0,2.96,1.8,1,15.0,3336910.0,3.0,200.0,1.4,0.0,1.0,1.0,50.0,0.0,,0,452.8,4,1
955,oppo find x7 ultra,0,6.67,0,6,0,256.0,16.0,0.0,0.0,2.0,4.0,2.8,1.8,1,13.0,419670.0,0.0,0.0,0.0,0.0,0.0,0.0,0.0,0.0,157.0,4,390.5,0,0
956,vivo y18s,0,6.67,0,6,0,256.0,8.0,0.0,0.0,2.0,4.0,2.8,1.8,1,13.0,419670.0,0.0,0.0,0.0,0.0,0.0,0.0,0.0,0.0,,4,390.5,0,0
957,xiaomi 14 ultra,0,6.73,2,1,1,256.0,8.0,5300.0,120.0,1.0,4.0,2.96,1.8,1,14.0,2341391.0,4.0,50.0,1.8,0.0,1.0,1.0,32.0,2.0,149.0,0,521.4,1,0
958,vivo y35m plus,0,6.51,1,2,0,128.0,4.0,5.0,60.0,2.0,6.0,2.3,2.0,1,13.0,515647.0,2.0,13.0,0.0,0.0,0.0,0.0,5.0,0.0,,1,269.9,0,0
959,oppo find n4 flip,0,6.7,2,1,0,256.0,18.0,4.8,120.0,1.0,4.0,2.96,1.8,1,13.0,,2.0,64.0,0.0,0.0,0.0,0.0,32.0,0.0,,7,425.7,0,0
960,realme gt 5 pro se,0,6.74,2,1,1,256.0,8.0,4.7,144.0,1.0,4.0,2.96,1.8,1,13.0,2341391.0,3.0,50.0,0.0,0.0,0.0,0.0,16.0,0.0,,0,450.5,0,0
961,oppo reno9 lite,0,6.55,2,2,0,128.0,8.0,5.0,90.0,2.0,6.0,2.3,2.0,1,13.0,980006.0,3.0,64.0,0.0,0.0,0.0,0.0,16.0,0.0,,1,409.1,0,0
962,oppo reno12 fs,0,6.67,0,6,1,256.0,12.0,0.0,0.0,2.0,4.0,2.8,1.8,1,13.0,419670.0,0.0,0.0,0.0,0.0,0.0,0.0,0.0,0.0,,4,390.5,0,0
963,zte v70,0,6.67,2,2,1,256.0,8.0,5100.0,90.0,2.0,6.0,2.4,2.0,1,11.0,569913.0,3.0,64.0,1.8,0.0,0.0,1.0,16.0,0.0,,1,394.6,1,0
964,xiaomi 12i hypercharge,0,6.66,2,2,0,128.0,8.0,5.0,120.0,2.0,6.0,2.3,2.0,1,13.0,722902.0,3.0,200.0,0.0,1.0,0.0,1.0,0.0,0.0,,1,409.1,0,0
965,oppo f23,0,6.72,0,1,0,256.0,8.0,5000.0,120.0,1.0,4.0,2.96,1.8,1,13.0,592489.0,3.0,64.0,1.7,0.0,0.0,0.0,32.0,2.4,,0,391.6,1,0
966,vivo y100a,0,6.38,2,2,0,256.0,8.0,4.5,0.0,2.0,6.0,2.3,2.0,1,13.0,750481.0,3.0,64.0,0.0,0.0,0.0,0.0,16.0,0.0,,1,409.1,0,0
967,vivo x100 ultra,0,6.78,2,1,1,1024.0,16.0,5500.0,120.0,1.0,4.0,2.96,1.8,1,14.0,2341391.0,3.0,200.0,0.0,0.0,0.0,0.0,50.0,0.0,,0,517.6,2,0
968,samsung galaxy z flip mới,0,6.67,0,6,0,0.0,0.0,0.0,0.0,2.0,4.0,2.8,1.8,1,13.0,419670.0,0.0,0.0,0.0,0.0,0.0,0.0,0.0,0.0,,4,390.5,0,0
969,tecno pova curve 2,0,6.78,2,2,1,128.0,8.0,8000.0,144.0,2.0,6.0,2.3,2.0,0,16.0,768176.0,2.0,50.0,0.0,0.0,0.0,0.0,13.0,0.0,,1,409.1,0,0
970,tecno pova curve 2,0,6.78,2,2,1,256.0,8.0,8000.0,144.0,2.0,6.0,2.3,2.0,0,16.0,768176.0,2.0,50.0,0.0,0.0,0.0,0.0,13.0,0.0,,1,409.1,0,0
971,tecno camon slim,0,6.67,0,6,0,128.0,8.0,0.0,0.0,2.0,4.0,2.8,1.8,1,13.0,419670.0,0.0,0.0,0.0,0.0,0.0,0.0,0.0,0.0,,4,390.5,0,0
972,honor x9c,0,6.8,1,2,1,256.0,12.0,5800.0,120.0,2.0,6.0,2.5,2.0,1,14.0,,2.0,108.0,0.0,0.0,0.0,0.0,16.0,0.0,164.0,7,388.6,2,0
973,honor 90,0,6.7,2,1,1,256.0,8.0,4900.0,0.0,1.0,4.0,2.96,1.8,1,13.0,829085.0,4.0,200.0,1.9,0.0,0.0,1.0,50.0,2.4,122.0,0,437.6,1,0
974,honor power,0,6.78,2,1,0,256.0,8.0,8.0,120.0,1.0,4.0,2.96,1.8,1,15.0,1020938.0,2.0,50.0,1.95,0.0,0.0,0.0,16.0,2.45,,0,409.1,0,0
975,motorola rizr rollable,0,5.0,0,1,0,0.0,0.0,3.0,120.0,1.0,4.0,2.96,1.8,1,13.0,1752044.0,0.0,0.0,0.0,0.0,0.0,0.0,0.0,0.0,,0,526.4,0,0
976,masstel izi 300,0,2.4,1,6,0,0.0,0.0,2500.0,0.0,2.0,4.0,2.8,1.8,1,13.0,419670.0,0.0,0.0,0.0,0.0,0.0,0.0,0.0,0.0,,4,166.7,0,0
